"sim_id";"seed_rule";"seed_type";"rep_id";"seed_hospital";"hospital_type";"region";"peak_infected";"day_of_peak";"peak_hospitals";"final_infected";"final_prevalence";"ever_extinct";"day_extinct"
1;"highest_betweenness";"fixed";1;"750000523";"MCO";"Île-de-France";1;1;1;0;0;TRUE;2
2;"highest_betweenness";"fixed";2;"750000523";"MCO";"Île-de-France";1;1;1;0;0;TRUE;19
3;"highest_betweenness";"fixed";3;"750000523";"MCO";"Île-de-France";1;1;1;0;0;TRUE;7
4;"highest_betweenness";"fixed";4;"750000523";"MCO";"Île-de-France";1;1;1;0;0;TRUE;2
5;"highest_betweenness";"fixed";5;"750000523";"MCO";"Île-de-France";0;1;0;0;0;TRUE;1
6;"highest_betweenness";"fixed";6;"750000523";"MCO";"Île-de-France";1;1;1;0;0;TRUE;3
7;"highest_betweenness";"fixed";7;"750000523";"MCO";"Île-de-France";1;1;1;0;0;TRUE;7
8;"highest_betweenness";"fixed";8;"750000523";"MCO";"Île-de-France";1;1;1;0;0;TRUE;14
9;"highest_betweenness";"fixed";9;"750000523";"MCO";"Île-de-France";1;1;1;0;0;TRUE;7
10;"highest_betweenness";"fixed";10;"750000523";"MCO";"Île-de-France";1;1;1;0;0;TRUE;11
11;"highest_betweenness";"fixed";11;"750000523";"MCO";"Île-de-France";0;1;0;0;0;TRUE;1
12;"highest_betweenness";"fixed";12;"750000523";"MCO";"Île-de-France";2;106;2;0;0;TRUE;158
13;"highest_betweenness";"fixed";13;"750000523";"MCO";"Île-de-France";1;1;1;0;0;TRUE;9
14;"highest_betweenness";"fixed";14;"750000523";"MCO";"Île-de-France";1;1;1;0;0;TRUE;8
15;"highest_betweenness";"fixed";15;"750000523";"MCO";"Île-de-France";1;1;1;0;0;TRUE;4
16;"highest_betweenness";"fixed";16;"750000523";"MCO";"Île-de-France";1;1;1;0;0;TRUE;4
17;"highest_betweenness";"fixed";17;"750000523";"MCO";"Île-de-France";1;1;1;0;0;TRUE;2
18;"highest_betweenness";"fixed";18;"750000523";"MCO";"Île-de-France";1;1;1;0;0;TRUE;6
19;"highest_betweenness";"fixed";19;"750000523";"MCO";"Île-de-France";1;1;1;0;0;TRUE;25
20;"highest_betweenness";"fixed";20;"750000523";"MCO";"Île-de-France";1;1;1;0;0;TRUE;33
21;"highest_betweenness";"fixed";21;"750000523";"MCO";"Île-de-France";1;1;1;0;0;TRUE;19
22;"highest_betweenness";"fixed";22;"750000523";"MCO";"Île-de-France";1;1;1;0;0;TRUE;13
23;"highest_betweenness";"fixed";23;"750000523";"MCO";"Île-de-France";1;1;1;0;0;TRUE;5
24;"highest_betweenness";"fixed";24;"750000523";"MCO";"Île-de-France";1;1;1;0;0;TRUE;16
25;"highest_betweenness";"fixed";25;"750000523";"MCO";"Île-de-France";1;1;1;0;0;TRUE;4
26;"highest_betweenness";"fixed";26;"750000523";"MCO";"Île-de-France";1;1;1;0;0;TRUE;6
27;"highest_betweenness";"fixed";27;"750000523";"MCO";"Île-de-France";1;1;1;0;0;TRUE;3
28;"highest_betweenness";"fixed";28;"750000523";"MCO";"Île-de-France";1;1;1;0;0;TRUE;9
29;"highest_betweenness";"fixed";29;"750000523";"MCO";"Île-de-France";1;1;1;0;0;TRUE;2
30;"highest_betweenness";"fixed";30;"750000523";"MCO";"Île-de-France";1;1;1;0;0;TRUE;6
31;"highest_betweenness";"fixed";31;"750000523";"MCO";"Île-de-France";1;1;1;0;0;TRUE;67
32;"highest_betweenness";"fixed";32;"750000523";"MCO";"Île-de-France";1;1;1;0;0;TRUE;2
33;"highest_betweenness";"fixed";33;"750000523";"MCO";"Île-de-France";1;1;1;0;0;TRUE;32
34;"highest_betweenness";"fixed";34;"750000523";"MCO";"Île-de-France";1;1;1;0;0;TRUE;48
35;"highest_betweenness";"fixed";35;"750000523";"MCO";"Île-de-France";1;1;1;0;0;TRUE;3
36;"highest_betweenness";"fixed";36;"750000523";"MCO";"Île-de-France";1;1;1;0;0;TRUE;6
37;"highest_betweenness";"fixed";37;"750000523";"MCO";"Île-de-France";1;1;1;0;0;TRUE;11
38;"highest_betweenness";"fixed";38;"750000523";"MCO";"Île-de-France";1;1;1;0;0;TRUE;3
39;"highest_betweenness";"fixed";39;"750000523";"MCO";"Île-de-France";2;3;1;0;0;TRUE;17
40;"highest_betweenness";"fixed";40;"750000523";"MCO";"Île-de-France";1;1;1;0;0;TRUE;32
41;"highest_betweenness";"fixed";41;"750000523";"MCO";"Île-de-France";1;1;1;0;0;TRUE;76
42;"highest_betweenness";"fixed";42;"750000523";"MCO";"Île-de-France";1;1;1;0;0;TRUE;161
43;"highest_betweenness";"fixed";43;"750000523";"MCO";"Île-de-France";1;1;1;0;0;TRUE;8
44;"highest_betweenness";"fixed";44;"750000523";"MCO";"Île-de-France";1;1;1;0;0;TRUE;33
45;"highest_betweenness";"fixed";45;"750000523";"MCO";"Île-de-France";1;1;1;0;0;TRUE;35
46;"highest_betweenness";"fixed";46;"750000523";"MCO";"Île-de-France";1;1;1;0;0;TRUE;4
47;"highest_betweenness";"fixed";47;"750000523";"MCO";"Île-de-France";1;1;1;0;0;TRUE;2
48;"highest_betweenness";"fixed";48;"750000523";"MCO";"Île-de-France";1;1;1;0;0;TRUE;4
49;"highest_betweenness";"fixed";49;"750000523";"MCO";"Île-de-France";1;1;1;0;0;TRUE;17
50;"highest_betweenness";"fixed";50;"750000523";"MCO";"Île-de-France";1;1;1;0;0;TRUE;4
51;"highest_betweenness";"fixed";51;"750000523";"MCO";"Île-de-France";1;1;1;0;0;TRUE;18
52;"highest_betweenness";"fixed";52;"750000523";"MCO";"Île-de-France";2;56;2;0;0;TRUE;112
53;"highest_betweenness";"fixed";53;"750000523";"MCO";"Île-de-France";0;1;0;0;0;TRUE;1
54;"highest_betweenness";"fixed";54;"750000523";"MCO";"Île-de-France";0;1;0;0;0;TRUE;1
55;"highest_betweenness";"fixed";55;"750000523";"MCO";"Île-de-France";1;1;1;0;0;TRUE;2
56;"highest_betweenness";"fixed";56;"750000523";"MCO";"Île-de-France";1;1;1;0;0;TRUE;2
57;"highest_betweenness";"fixed";57;"750000523";"MCO";"Île-de-France";0;1;0;0;0;TRUE;1
58;"highest_betweenness";"fixed";58;"750000523";"MCO";"Île-de-France";1;1;1;0;0;TRUE;9
59;"highest_betweenness";"fixed";59;"750000523";"MCO";"Île-de-France";1;1;1;0;0;TRUE;2
60;"highest_betweenness";"fixed";60;"750000523";"MCO";"Île-de-France";1;1;1;0;0;TRUE;23
61;"highest_betweenness";"fixed";61;"750000523";"MCO";"Île-de-France";1;1;1;0;0;TRUE;138
62;"highest_betweenness";"fixed";62;"750000523";"MCO";"Île-de-France";1;1;1;0;0;TRUE;6
63;"highest_betweenness";"fixed";63;"750000523";"MCO";"Île-de-France";1;1;1;0;0;TRUE;10
64;"highest_betweenness";"fixed";64;"750000523";"MCO";"Île-de-France";0;1;0;0;0;TRUE;1
65;"highest_betweenness";"fixed";65;"750000523";"MCO";"Île-de-France";0;1;0;0;0;TRUE;1
66;"highest_betweenness";"fixed";66;"750000523";"MCO";"Île-de-France";1;1;1;0;0;TRUE;88
67;"highest_betweenness";"fixed";67;"750000523";"MCO";"Île-de-France";1;1;1;0;0;TRUE;122
68;"highest_betweenness";"fixed";68;"750000523";"MCO";"Île-de-France";1;1;1;0;0;TRUE;133
69;"highest_betweenness";"fixed";69;"750000523";"MCO";"Île-de-France";1;1;1;0;0;TRUE;47
70;"highest_betweenness";"fixed";70;"750000523";"MCO";"Île-de-France";1;1;1;0;0;TRUE;4
71;"highest_betweenness";"fixed";71;"750000523";"MCO";"Île-de-France";0;1;0;0;0;TRUE;1
72;"highest_betweenness";"fixed";72;"750000523";"MCO";"Île-de-France";1;1;1;0;0;TRUE;72
73;"highest_betweenness";"fixed";73;"750000523";"MCO";"Île-de-France";1;1;1;0;0;TRUE;109
74;"highest_betweenness";"fixed";74;"750000523";"MCO";"Île-de-France";0;1;0;0;0;TRUE;1
75;"highest_betweenness";"fixed";75;"750000523";"MCO";"Île-de-France";0;1;0;0;0;TRUE;1
76;"highest_betweenness";"fixed";76;"750000523";"MCO";"Île-de-France";1;1;1;0;0;TRUE;129
77;"highest_betweenness";"fixed";77;"750000523";"MCO";"Île-de-France";1;1;1;0;0;TRUE;7
78;"highest_betweenness";"fixed";78;"750000523";"MCO";"Île-de-France";1;1;1;0;0;TRUE;3
79;"highest_betweenness";"fixed";79;"750000523";"MCO";"Île-de-France";1;1;1;0;0;TRUE;4
80;"highest_betweenness";"fixed";80;"750000523";"MCO";"Île-de-France";1;1;1;0;0;TRUE;52
81;"highest_betweenness";"fixed";81;"750000523";"MCO";"Île-de-France";1;1;1;0;0;TRUE;8
82;"highest_betweenness";"fixed";82;"750000523";"MCO";"Île-de-France";1;1;1;0;0;TRUE;35
83;"highest_betweenness";"fixed";83;"750000523";"MCO";"Île-de-France";2;1;2;0;0;TRUE;103
84;"highest_betweenness";"fixed";84;"750000523";"MCO";"Île-de-France";1;1;1;0;0;TRUE;41
85;"highest_betweenness";"fixed";85;"750000523";"MCO";"Île-de-France";3;67;2;0;0;TRUE;249
86;"highest_betweenness";"fixed";86;"750000523";"MCO";"Île-de-France";1;1;1;0;0;TRUE;7
87;"highest_betweenness";"fixed";87;"750000523";"MCO";"Île-de-France";1;1;1;0;0;TRUE;52
88;"highest_betweenness";"fixed";88;"750000523";"MCO";"Île-de-France";1;1;1;0;0;TRUE;6
89;"highest_betweenness";"fixed";89;"750000523";"MCO";"Île-de-France";0;1;0;0;0;TRUE;1
90;"highest_betweenness";"fixed";90;"750000523";"MCO";"Île-de-France";1;1;1;0;0;TRUE;41
91;"highest_betweenness";"fixed";91;"750000523";"MCO";"Île-de-France";1;1;1;0;0;TRUE;3
92;"highest_betweenness";"fixed";92;"750000523";"MCO";"Île-de-France";1;1;1;0;0;TRUE;25
93;"highest_betweenness";"fixed";93;"750000523";"MCO";"Île-de-France";1;1;1;0;0;TRUE;13
94;"highest_betweenness";"fixed";94;"750000523";"MCO";"Île-de-France";1;1;1;0;0;TRUE;4
95;"highest_betweenness";"fixed";95;"750000523";"MCO";"Île-de-France";1;1;1;0;0;TRUE;181
96;"highest_betweenness";"fixed";96;"750000523";"MCO";"Île-de-France";1;1;1;0;0;TRUE;3
97;"highest_betweenness";"fixed";97;"750000523";"MCO";"Île-de-France";1;1;1;0;0;TRUE;52
98;"highest_betweenness";"fixed";98;"750000523";"MCO";"Île-de-France";1;1;1;0;0;TRUE;14
99;"highest_betweenness";"fixed";99;"750000523";"MCO";"Île-de-France";1;1;1;0;0;TRUE;50
100;"highest_betweenness";"fixed";100;"750000523";"MCO";"Île-de-France";1;1;1;0;0;TRUE;10
101;"highest_betweenness";"fixed";101;"750000523";"MCO";"Île-de-France";0;1;0;0;0;TRUE;1
102;"highest_betweenness";"fixed";102;"750000523";"MCO";"Île-de-France";1;1;1;0;0;TRUE;4
103;"highest_betweenness";"fixed";103;"750000523";"MCO";"Île-de-France";0;1;0;0;0;TRUE;1
104;"highest_betweenness";"fixed";104;"750000523";"MCO";"Île-de-France";1;1;1;0;0;TRUE;13
105;"highest_betweenness";"fixed";105;"750000523";"MCO";"Île-de-France";1;1;1;0;0;TRUE;23
106;"highest_betweenness";"fixed";106;"750000523";"MCO";"Île-de-France";1;1;1;0;0;TRUE;9
107;"highest_betweenness";"fixed";107;"750000523";"MCO";"Île-de-France";1;1;1;0;0;TRUE;10
108;"highest_betweenness";"fixed";108;"750000523";"MCO";"Île-de-France";1;1;1;0;0;TRUE;8
109;"highest_betweenness";"fixed";109;"750000523";"MCO";"Île-de-France";1;1;1;0;0;TRUE;11
110;"highest_betweenness";"fixed";110;"750000523";"MCO";"Île-de-France";1;1;1;0;0;TRUE;31
111;"highest_betweenness";"fixed";111;"750000523";"MCO";"Île-de-France";1;1;1;0;0;TRUE;9
112;"highest_betweenness";"fixed";112;"750000523";"MCO";"Île-de-France";2;34;1;0;0;TRUE;71
113;"highest_betweenness";"fixed";113;"750000523";"MCO";"Île-de-France";1;1;1;0;0;TRUE;12
114;"highest_betweenness";"fixed";114;"750000523";"MCO";"Île-de-France";1;1;1;0;0;TRUE;15
115;"highest_betweenness";"fixed";115;"750000523";"MCO";"Île-de-France";1;1;1;0;0;TRUE;10
116;"highest_betweenness";"fixed";116;"750000523";"MCO";"Île-de-France";1;1;1;0;0;TRUE;34
117;"highest_betweenness";"fixed";117;"750000523";"MCO";"Île-de-France";1;1;1;0;0;TRUE;2
118;"highest_betweenness";"fixed";118;"750000523";"MCO";"Île-de-France";1;1;1;0;0;TRUE;4
119;"highest_betweenness";"fixed";119;"750000523";"MCO";"Île-de-France";1;1;1;0;0;TRUE;24
120;"highest_betweenness";"fixed";120;"750000523";"MCO";"Île-de-France";1;1;1;0;0;TRUE;7
121;"highest_betweenness";"fixed";121;"750000523";"MCO";"Île-de-France";1;1;1;0;0;TRUE;21
122;"highest_betweenness";"fixed";122;"750000523";"MCO";"Île-de-France";1;1;1;0;0;TRUE;17
123;"highest_betweenness";"fixed";123;"750000523";"MCO";"Île-de-France";2;97;2;0;0;TRUE;185
124;"highest_betweenness";"fixed";124;"750000523";"MCO";"Île-de-France";1;1;1;0;0;TRUE;2
125;"highest_betweenness";"fixed";125;"750000523";"MCO";"Île-de-France";1;1;1;0;0;TRUE;6
126;"highest_betweenness";"fixed";126;"750000523";"MCO";"Île-de-France";0;1;0;0;0;TRUE;1
127;"highest_betweenness";"fixed";127;"750000523";"MCO";"Île-de-France";1;1;1;0;0;TRUE;6
128;"highest_betweenness";"fixed";128;"750000523";"MCO";"Île-de-France";1;1;1;0;0;TRUE;7
129;"highest_betweenness";"fixed";129;"750000523";"MCO";"Île-de-France";1;1;1;0;0;TRUE;19
130;"highest_betweenness";"fixed";130;"750000523";"MCO";"Île-de-France";1;1;1;0;0;TRUE;2
131;"highest_betweenness";"fixed";131;"750000523";"MCO";"Île-de-France";1;1;1;0;0;TRUE;2
132;"highest_betweenness";"fixed";132;"750000523";"MCO";"Île-de-France";1;1;1;0;0;TRUE;18
133;"highest_betweenness";"fixed";133;"750000523";"MCO";"Île-de-France";0;1;0;0;0;TRUE;1
134;"highest_betweenness";"fixed";134;"750000523";"MCO";"Île-de-France";1;1;1;0;0;TRUE;181
135;"highest_betweenness";"fixed";135;"750000523";"MCO";"Île-de-France";1;1;1;0;0;TRUE;4
136;"highest_betweenness";"fixed";136;"750000523";"MCO";"Île-de-France";1;1;1;0;0;TRUE;5
137;"highest_betweenness";"fixed";137;"750000523";"MCO";"Île-de-France";1;1;1;0;0;TRUE;5
138;"highest_betweenness";"fixed";138;"750000523";"MCO";"Île-de-France";1;1;1;0;0;TRUE;38
139;"highest_betweenness";"fixed";139;"750000523";"MCO";"Île-de-France";1;1;1;0;0;TRUE;13
140;"highest_betweenness";"fixed";140;"750000523";"MCO";"Île-de-France";1;1;1;0;0;TRUE;2
141;"highest_betweenness";"fixed";141;"750000523";"MCO";"Île-de-France";0;1;0;0;0;TRUE;1
142;"highest_betweenness";"fixed";142;"750000523";"MCO";"Île-de-France";1;1;1;0;0;TRUE;4
143;"highest_betweenness";"fixed";143;"750000523";"MCO";"Île-de-France";1;1;1;0;0;TRUE;2
144;"highest_betweenness";"fixed";144;"750000523";"MCO";"Île-de-France";1;1;1;0;0;TRUE;5
145;"highest_betweenness";"fixed";145;"750000523";"MCO";"Île-de-France";1;1;1;0;0;TRUE;93
146;"highest_betweenness";"fixed";146;"750000523";"MCO";"Île-de-France";1;1;1;0;0;TRUE;33
147;"highest_betweenness";"fixed";147;"750000523";"MCO";"Île-de-France";1;1;1;0;0;TRUE;26
148;"highest_betweenness";"fixed";148;"750000523";"MCO";"Île-de-France";2;77;2;0;0;TRUE;187
149;"highest_betweenness";"fixed";149;"750000523";"MCO";"Île-de-France";2;34;2;0;0;TRUE;76
150;"highest_betweenness";"fixed";150;"750000523";"MCO";"Île-de-France";1;1;1;0;0;TRUE;5
151;"highest_betweenness";"fixed";151;"750000523";"MCO";"Île-de-France";0;1;0;0;0;TRUE;1
152;"highest_betweenness";"fixed";152;"750000523";"MCO";"Île-de-France";1;1;1;0;0;TRUE;5
153;"highest_betweenness";"fixed";153;"750000523";"MCO";"Île-de-France";1;1;1;0;0;TRUE;2
154;"highest_betweenness";"fixed";154;"750000523";"MCO";"Île-de-France";1;1;1;0;0;TRUE;30
155;"highest_betweenness";"fixed";155;"750000523";"MCO";"Île-de-France";1;1;1;0;0;TRUE;2
156;"highest_betweenness";"fixed";156;"750000523";"MCO";"Île-de-France";1;1;1;0;0;TRUE;87
157;"highest_betweenness";"fixed";157;"750000523";"MCO";"Île-de-France";1;1;1;0;0;TRUE;114
158;"highest_betweenness";"fixed";158;"750000523";"MCO";"Île-de-France";1;1;1;0;0;TRUE;4
159;"highest_betweenness";"fixed";159;"750000523";"MCO";"Île-de-France";1;1;1;0;0;TRUE;4
160;"highest_betweenness";"fixed";160;"750000523";"MCO";"Île-de-France";1;1;1;0;0;TRUE;3
161;"highest_betweenness";"fixed";161;"750000523";"MCO";"Île-de-France";0;1;0;0;0;TRUE;1
162;"highest_betweenness";"fixed";162;"750000523";"MCO";"Île-de-France";3;61;3;0;0;TRUE;166
163;"highest_betweenness";"fixed";163;"750000523";"MCO";"Île-de-France";1;1;1;0;0;TRUE;5
164;"highest_betweenness";"fixed";164;"750000523";"MCO";"Île-de-France";1;1;1;0;0;TRUE;74
165;"highest_betweenness";"fixed";165;"750000523";"MCO";"Île-de-France";1;1;1;0;0;TRUE;11
166;"highest_betweenness";"fixed";166;"750000523";"MCO";"Île-de-France";1;1;1;0;0;TRUE;36
167;"highest_betweenness";"fixed";167;"750000523";"MCO";"Île-de-France";1;1;1;0;0;TRUE;44
168;"highest_betweenness";"fixed";168;"750000523";"MCO";"Île-de-France";1;1;1;0;0;TRUE;20
169;"highest_betweenness";"fixed";169;"750000523";"MCO";"Île-de-France";1;1;1;0;0;TRUE;2
170;"highest_betweenness";"fixed";170;"750000523";"MCO";"Île-de-France";1;1;1;0;0;TRUE;98
171;"highest_betweenness";"fixed";171;"750000523";"MCO";"Île-de-France";3;73;2;0;0;TRUE;207
172;"highest_betweenness";"fixed";172;"750000523";"MCO";"Île-de-France";1;1;1;0;0;TRUE;7
173;"highest_betweenness";"fixed";173;"750000523";"MCO";"Île-de-France";1;1;1;0;0;TRUE;5
174;"highest_betweenness";"fixed";174;"750000523";"MCO";"Île-de-France";1;1;1;0;0;TRUE;6
175;"highest_betweenness";"fixed";175;"750000523";"MCO";"Île-de-France";1;1;1;0;0;TRUE;2
176;"highest_betweenness";"fixed";176;"750000523";"MCO";"Île-de-France";1;1;1;0;0;TRUE;2
177;"highest_betweenness";"fixed";177;"750000523";"MCO";"Île-de-France";1;1;1;0;0;TRUE;27
178;"highest_betweenness";"fixed";178;"750000523";"MCO";"Île-de-France";1;1;1;0;0;TRUE;20
179;"highest_betweenness";"fixed";179;"750000523";"MCO";"Île-de-France";1;1;1;0;0;TRUE;6
180;"highest_betweenness";"fixed";180;"750000523";"MCO";"Île-de-France";1;1;1;0;0;TRUE;3
181;"highest_betweenness";"fixed";181;"750000523";"MCO";"Île-de-France";1;1;1;0;0;TRUE;9
182;"highest_betweenness";"fixed";182;"750000523";"MCO";"Île-de-France";1;1;1;0;0;TRUE;2
183;"highest_betweenness";"fixed";183;"750000523";"MCO";"Île-de-France";0;1;0;0;0;TRUE;1
184;"highest_betweenness";"fixed";184;"750000523";"MCO";"Île-de-France";1;1;1;0;0;TRUE;28
185;"highest_betweenness";"fixed";185;"750000523";"MCO";"Île-de-France";1;1;1;0;0;TRUE;82
186;"highest_betweenness";"fixed";186;"750000523";"MCO";"Île-de-France";1;1;1;0;0;TRUE;5
187;"highest_betweenness";"fixed";187;"750000523";"MCO";"Île-de-France";1;1;1;0;0;TRUE;7
188;"highest_betweenness";"fixed";188;"750000523";"MCO";"Île-de-France";1;1;1;0;0;TRUE;18
189;"highest_betweenness";"fixed";189;"750000523";"MCO";"Île-de-France";5;71;4;0;0;TRUE;270
190;"highest_betweenness";"fixed";190;"750000523";"MCO";"Île-de-France";1;1;1;0;0;TRUE;2
191;"highest_betweenness";"fixed";191;"750000523";"MCO";"Île-de-France";1;1;1;0;0;TRUE;45
192;"highest_betweenness";"fixed";192;"750000523";"MCO";"Île-de-France";1;1;1;0;0;TRUE;69
193;"highest_betweenness";"fixed";193;"750000523";"MCO";"Île-de-France";2;12;1;0;0;TRUE;29
194;"highest_betweenness";"fixed";194;"750000523";"MCO";"Île-de-France";0;1;0;0;0;TRUE;1
195;"highest_betweenness";"fixed";195;"750000523";"MCO";"Île-de-France";1;1;1;0;0;TRUE;7
196;"highest_betweenness";"fixed";196;"750000523";"MCO";"Île-de-France";1;1;1;0;0;TRUE;5
197;"highest_betweenness";"fixed";197;"750000523";"MCO";"Île-de-France";2;41;2;0;0;TRUE;206
198;"highest_betweenness";"fixed";198;"750000523";"MCO";"Île-de-France";1;1;1;0;0;TRUE;36
199;"highest_betweenness";"fixed";199;"750000523";"MCO";"Île-de-France";1;1;1;0;0;TRUE;9
200;"highest_betweenness";"fixed";200;"750000523";"MCO";"Île-de-France";1;1;1;0;0;TRUE;39
201;"highest_betweenness";"fixed";201;"750000523";"MCO";"Île-de-France";1;1;1;0;0;TRUE;38
202;"highest_betweenness";"fixed";202;"750000523";"MCO";"Île-de-France";0;1;0;0;0;TRUE;1
203;"highest_betweenness";"fixed";203;"750000523";"MCO";"Île-de-France";1;1;1;0;0;TRUE;57
204;"highest_betweenness";"fixed";204;"750000523";"MCO";"Île-de-France";2;9;1;0;0;TRUE;104
205;"highest_betweenness";"fixed";205;"750000523";"MCO";"Île-de-France";1;1;1;0;0;TRUE;147
206;"highest_betweenness";"fixed";206;"750000523";"MCO";"Île-de-France";1;1;1;0;0;TRUE;8
207;"highest_betweenness";"fixed";207;"750000523";"MCO";"Île-de-France";1;1;1;0;0;TRUE;7
208;"highest_betweenness";"fixed";208;"750000523";"MCO";"Île-de-France";1;1;1;0;0;TRUE;8
209;"highest_betweenness";"fixed";209;"750000523";"MCO";"Île-de-France";1;1;1;0;0;TRUE;22
210;"highest_betweenness";"fixed";210;"750000523";"MCO";"Île-de-France";1;1;1;0;0;TRUE;4
211;"highest_betweenness";"fixed";211;"750000523";"MCO";"Île-de-France";1;1;1;0;0;TRUE;4
212;"highest_betweenness";"fixed";212;"750000523";"MCO";"Île-de-France";1;1;1;0;0;TRUE;57
213;"highest_betweenness";"fixed";213;"750000523";"MCO";"Île-de-France";3;47;2;0;0;TRUE;191
214;"highest_betweenness";"fixed";214;"750000523";"MCO";"Île-de-France";2;9;2;0;0;TRUE;61
215;"highest_betweenness";"fixed";215;"750000523";"MCO";"Île-de-France";1;1;1;0;0;TRUE;117
216;"highest_betweenness";"fixed";216;"750000523";"MCO";"Île-de-France";1;1;1;0;0;TRUE;3
217;"highest_betweenness";"fixed";217;"750000523";"MCO";"Île-de-France";1;1;1;0;0;TRUE;6
218;"highest_betweenness";"fixed";218;"750000523";"MCO";"Île-de-France";0;1;0;0;0;TRUE;1
219;"highest_betweenness";"fixed";219;"750000523";"MCO";"Île-de-France";0;1;0;0;0;TRUE;1
220;"highest_betweenness";"fixed";220;"750000523";"MCO";"Île-de-France";1;1;1;0;0;TRUE;4
221;"highest_betweenness";"fixed";221;"750000523";"MCO";"Île-de-France";0;1;0;0;0;TRUE;1
222;"highest_betweenness";"fixed";222;"750000523";"MCO";"Île-de-France";1;1;1;0;0;TRUE;9
223;"highest_betweenness";"fixed";223;"750000523";"MCO";"Île-de-France";1;1;1;0;0;TRUE;15
224;"highest_betweenness";"fixed";224;"750000523";"MCO";"Île-de-France";1;1;1;0;0;TRUE;14
225;"highest_betweenness";"fixed";225;"750000523";"MCO";"Île-de-France";1;1;1;0;0;TRUE;3
226;"highest_betweenness";"fixed";226;"750000523";"MCO";"Île-de-France";1;1;1;0;0;TRUE;3
227;"highest_betweenness";"fixed";227;"750000523";"MCO";"Île-de-France";1;1;1;0;0;TRUE;4
228;"highest_betweenness";"fixed";228;"750000523";"MCO";"Île-de-France";2;6;2;0;0;TRUE;63
229;"highest_betweenness";"fixed";229;"750000523";"MCO";"Île-de-France";1;1;1;0;0;TRUE;43
230;"highest_betweenness";"fixed";230;"750000523";"MCO";"Île-de-France";1;1;1;0;0;TRUE;17
231;"highest_betweenness";"fixed";231;"750000523";"MCO";"Île-de-France";1;1;1;0;0;TRUE;18
232;"highest_betweenness";"fixed";232;"750000523";"MCO";"Île-de-France";1;1;1;0;0;TRUE;3
233;"highest_betweenness";"fixed";233;"750000523";"MCO";"Île-de-France";1;1;1;0;0;TRUE;11
234;"highest_betweenness";"fixed";234;"750000523";"MCO";"Île-de-France";1;1;1;0;0;TRUE;81
235;"highest_betweenness";"fixed";235;"750000523";"MCO";"Île-de-France";3;140;3;0;0;TRUE;256
236;"highest_betweenness";"fixed";236;"750000523";"MCO";"Île-de-France";1;1;1;0;0;TRUE;6
237;"highest_betweenness";"fixed";237;"750000523";"MCO";"Île-de-France";2;2;2;0;0;TRUE;177
238;"highest_betweenness";"fixed";238;"750000523";"MCO";"Île-de-France";1;1;1;0;0;TRUE;90
239;"highest_betweenness";"fixed";239;"750000523";"MCO";"Île-de-France";1;1;1;0;0;TRUE;6
240;"highest_betweenness";"fixed";240;"750000523";"MCO";"Île-de-France";1;1;1;0;0;TRUE;2
241;"highest_betweenness";"fixed";241;"750000523";"MCO";"Île-de-France";1;1;1;0;0;TRUE;10
242;"highest_betweenness";"fixed";242;"750000523";"MCO";"Île-de-France";1;1;1;0;0;TRUE;3
243;"highest_betweenness";"fixed";243;"750000523";"MCO";"Île-de-France";1;1;1;0;0;TRUE;7
244;"highest_betweenness";"fixed";244;"750000523";"MCO";"Île-de-France";1;1;1;0;0;TRUE;3
245;"highest_betweenness";"fixed";245;"750000523";"MCO";"Île-de-France";0;1;0;0;0;TRUE;1
246;"highest_betweenness";"fixed";246;"750000523";"MCO";"Île-de-France";1;1;1;0;0;TRUE;4
247;"highest_betweenness";"fixed";247;"750000523";"MCO";"Île-de-France";1;1;1;0;0;TRUE;31
248;"highest_betweenness";"fixed";248;"750000523";"MCO";"Île-de-France";1;1;1;0;0;TRUE;45
249;"highest_betweenness";"fixed";249;"750000523";"MCO";"Île-de-France";0;1;0;0;0;TRUE;1
250;"highest_betweenness";"fixed";250;"750000523";"MCO";"Île-de-France";1;1;1;0;0;TRUE;161
251;"highest_betweenness";"fixed";251;"750000523";"MCO";"Île-de-France";1;1;1;0;0;TRUE;2
252;"highest_betweenness";"fixed";252;"750000523";"MCO";"Île-de-France";1;1;1;0;0;TRUE;205
253;"highest_betweenness";"fixed";253;"750000523";"MCO";"Île-de-France";1;1;1;0;0;TRUE;19
254;"highest_betweenness";"fixed";254;"750000523";"MCO";"Île-de-France";0;1;0;0;0;TRUE;1
255;"highest_betweenness";"fixed";255;"750000523";"MCO";"Île-de-France";0;1;0;0;0;TRUE;1
256;"highest_betweenness";"fixed";256;"750000523";"MCO";"Île-de-France";1;1;1;0;0;TRUE;12
257;"highest_betweenness";"fixed";257;"750000523";"MCO";"Île-de-France";1;1;1;0;0;TRUE;96
258;"highest_betweenness";"fixed";258;"750000523";"MCO";"Île-de-France";1;1;1;0;0;TRUE;67
259;"highest_betweenness";"fixed";259;"750000523";"MCO";"Île-de-France";1;1;1;0;0;TRUE;22
260;"highest_betweenness";"fixed";260;"750000523";"MCO";"Île-de-France";1;1;1;0;0;TRUE;11
261;"highest_betweenness";"fixed";261;"750000523";"MCO";"Île-de-France";1;1;1;0;0;TRUE;3
262;"highest_betweenness";"fixed";262;"750000523";"MCO";"Île-de-France";1;1;1;0;0;TRUE;9
263;"highest_betweenness";"fixed";263;"750000523";"MCO";"Île-de-France";1;1;1;0;0;TRUE;18
264;"highest_betweenness";"fixed";264;"750000523";"MCO";"Île-de-France";1;1;1;0;0;TRUE;7
265;"highest_betweenness";"fixed";265;"750000523";"MCO";"Île-de-France";1;1;1;0;0;TRUE;69
266;"highest_betweenness";"fixed";266;"750000523";"MCO";"Île-de-France";0;1;0;0;0;TRUE;1
267;"highest_betweenness";"fixed";267;"750000523";"MCO";"Île-de-France";1;1;1;0;0;TRUE;12
268;"highest_betweenness";"fixed";268;"750000523";"MCO";"Île-de-France";2;219;2;0;0;TRUE;283
269;"highest_betweenness";"fixed";269;"750000523";"MCO";"Île-de-France";0;1;0;0;0;TRUE;1
270;"highest_betweenness";"fixed";270;"750000523";"MCO";"Île-de-France";1;1;1;0;0;TRUE;29
271;"highest_betweenness";"fixed";271;"750000523";"MCO";"Île-de-France";1;1;1;0;0;TRUE;3
272;"highest_betweenness";"fixed";272;"750000523";"MCO";"Île-de-France";1;1;1;0;0;TRUE;10
273;"highest_betweenness";"fixed";273;"750000523";"MCO";"Île-de-France";1;1;1;0;0;TRUE;2
274;"highest_betweenness";"fixed";274;"750000523";"MCO";"Île-de-France";1;1;1;0;0;TRUE;7
275;"highest_betweenness";"fixed";275;"750000523";"MCO";"Île-de-France";1;1;1;0;0;TRUE;68
276;"highest_betweenness";"fixed";276;"750000523";"MCO";"Île-de-France";1;1;1;0;0;TRUE;38
277;"highest_betweenness";"fixed";277;"750000523";"MCO";"Île-de-France";1;1;1;0;0;TRUE;20
278;"highest_betweenness";"fixed";278;"750000523";"MCO";"Île-de-France";1;1;1;0;0;TRUE;65
279;"highest_betweenness";"fixed";279;"750000523";"MCO";"Île-de-France";1;1;1;0;0;TRUE;18
280;"highest_betweenness";"fixed";280;"750000523";"MCO";"Île-de-France";2;14;1;0;0;TRUE;102
281;"highest_betweenness";"fixed";281;"750000523";"MCO";"Île-de-France";1;1;1;0;0;TRUE;5
282;"highest_betweenness";"fixed";282;"750000523";"MCO";"Île-de-France";1;1;1;0;0;TRUE;9
283;"highest_betweenness";"fixed";283;"750000523";"MCO";"Île-de-France";1;1;1;0;0;TRUE;82
284;"highest_betweenness";"fixed";284;"750000523";"MCO";"Île-de-France";1;1;1;0;0;TRUE;80
285;"highest_betweenness";"fixed";285;"750000523";"MCO";"Île-de-France";0;1;0;0;0;TRUE;1
286;"highest_betweenness";"fixed";286;"750000523";"MCO";"Île-de-France";1;1;1;0;0;TRUE;5
287;"highest_betweenness";"fixed";287;"750000523";"MCO";"Île-de-France";1;1;1;0;0;TRUE;3
288;"highest_betweenness";"fixed";288;"750000523";"MCO";"Île-de-France";1;1;1;0;0;TRUE;4
289;"highest_betweenness";"fixed";289;"750000523";"MCO";"Île-de-France";1;1;1;0;0;TRUE;18
290;"highest_betweenness";"fixed";290;"750000523";"MCO";"Île-de-France";1;1;1;0;0;TRUE;3
291;"highest_betweenness";"fixed";291;"750000523";"MCO";"Île-de-France";1;1;1;0;0;TRUE;2
292;"highest_betweenness";"fixed";292;"750000523";"MCO";"Île-de-France";1;1;1;0;0;TRUE;39
293;"highest_betweenness";"fixed";293;"750000523";"MCO";"Île-de-France";0;1;0;0;0;TRUE;1
294;"highest_betweenness";"fixed";294;"750000523";"MCO";"Île-de-France";1;1;1;0;0;TRUE;2
295;"highest_betweenness";"fixed";295;"750000523";"MCO";"Île-de-France";1;1;1;0;0;TRUE;9
296;"highest_betweenness";"fixed";296;"750000523";"MCO";"Île-de-France";2;4;2;0;0;TRUE;12
297;"highest_betweenness";"fixed";297;"750000523";"MCO";"Île-de-France";1;1;1;0;0;TRUE;88
298;"highest_betweenness";"fixed";298;"750000523";"MCO";"Île-de-France";1;1;1;0;0;TRUE;90
299;"highest_betweenness";"fixed";299;"750000523";"MCO";"Île-de-France";1;1;1;0;0;TRUE;13
300;"highest_betweenness";"fixed";300;"750000523";"MCO";"Île-de-France";1;1;1;0;0;TRUE;2
301;"highest_betweenness";"fixed";301;"750000523";"MCO";"Île-de-France";1;1;1;0;0;TRUE;11
302;"highest_betweenness";"fixed";302;"750000523";"MCO";"Île-de-France";1;1;1;0;0;TRUE;2
303;"highest_betweenness";"fixed";303;"750000523";"MCO";"Île-de-France";1;1;1;0;0;TRUE;8
304;"highest_betweenness";"fixed";304;"750000523";"MCO";"Île-de-France";5;197;4;0;0;TRUE;311
305;"highest_betweenness";"fixed";305;"750000523";"MCO";"Île-de-France";0;1;0;0;0;TRUE;1
306;"highest_betweenness";"fixed";306;"750000523";"MCO";"Île-de-France";1;1;1;0;0;TRUE;80
307;"highest_betweenness";"fixed";307;"750000523";"MCO";"Île-de-France";1;1;1;0;0;TRUE;3
308;"highest_betweenness";"fixed";308;"750000523";"MCO";"Île-de-France";1;1;1;0;0;TRUE;6
309;"highest_betweenness";"fixed";309;"750000523";"MCO";"Île-de-France";1;1;1;0;0;TRUE;92
310;"highest_betweenness";"fixed";310;"750000523";"MCO";"Île-de-France";1;1;1;0;0;TRUE;97
311;"highest_betweenness";"fixed";311;"750000523";"MCO";"Île-de-France";1;1;1;0;0;TRUE;6
312;"highest_betweenness";"fixed";312;"750000523";"MCO";"Île-de-France";1;1;1;0;0;TRUE;3
313;"highest_betweenness";"fixed";313;"750000523";"MCO";"Île-de-France";1;1;1;0;0;TRUE;16
314;"highest_betweenness";"fixed";314;"750000523";"MCO";"Île-de-France";1;1;1;0;0;TRUE;41
315;"highest_betweenness";"fixed";315;"750000523";"MCO";"Île-de-France";1;1;1;0;0;TRUE;5
316;"highest_betweenness";"fixed";316;"750000523";"MCO";"Île-de-France";1;1;1;0;0;TRUE;31
317;"highest_betweenness";"fixed";317;"750000523";"MCO";"Île-de-France";1;1;1;0;0;TRUE;7
318;"highest_betweenness";"fixed";318;"750000523";"MCO";"Île-de-France";1;1;1;0;0;TRUE;5
319;"highest_betweenness";"fixed";319;"750000523";"MCO";"Île-de-France";1;1;1;0;0;TRUE;11
320;"highest_betweenness";"fixed";320;"750000523";"MCO";"Île-de-France";1;1;1;0;0;TRUE;2
321;"highest_betweenness";"fixed";321;"750000523";"MCO";"Île-de-France";0;1;0;0;0;TRUE;1
322;"highest_betweenness";"fixed";322;"750000523";"MCO";"Île-de-France";1;1;1;0;0;TRUE;6
323;"highest_betweenness";"fixed";323;"750000523";"MCO";"Île-de-France";1;1;1;0;0;TRUE;19
324;"highest_betweenness";"fixed";324;"750000523";"MCO";"Île-de-France";1;1;1;0;0;TRUE;10
325;"highest_betweenness";"fixed";325;"750000523";"MCO";"Île-de-France";1;1;1;0;0;TRUE;11
326;"highest_betweenness";"fixed";326;"750000523";"MCO";"Île-de-France";1;1;1;0;0;TRUE;76
327;"highest_betweenness";"fixed";327;"750000523";"MCO";"Île-de-France";1;1;1;0;0;TRUE;80
328;"highest_betweenness";"fixed";328;"750000523";"MCO";"Île-de-France";1;1;1;0;0;TRUE;15
329;"highest_betweenness";"fixed";329;"750000523";"MCO";"Île-de-France";1;1;1;0;0;TRUE;2
330;"highest_betweenness";"fixed";330;"750000523";"MCO";"Île-de-France";1;1;1;0;0;TRUE;21
331;"highest_betweenness";"fixed";331;"750000523";"MCO";"Île-de-France";0;1;0;0;0;TRUE;1
332;"highest_betweenness";"fixed";332;"750000523";"MCO";"Île-de-France";1;1;1;0;0;TRUE;29
333;"highest_betweenness";"fixed";333;"750000523";"MCO";"Île-de-France";1;1;1;0;0;TRUE;2
334;"highest_betweenness";"fixed";334;"750000523";"MCO";"Île-de-France";2;4;2;0;0;TRUE;177
335;"highest_betweenness";"fixed";335;"750000523";"MCO";"Île-de-France";1;1;1;0;0;TRUE;3
336;"highest_betweenness";"fixed";336;"750000523";"MCO";"Île-de-France";1;1;1;0;0;TRUE;21
337;"highest_betweenness";"fixed";337;"750000523";"MCO";"Île-de-France";1;1;1;0;0;TRUE;3
338;"highest_betweenness";"fixed";338;"750000523";"MCO";"Île-de-France";1;1;1;0;0;TRUE;16
339;"highest_betweenness";"fixed";339;"750000523";"MCO";"Île-de-France";1;1;1;0;0;TRUE;4
340;"highest_betweenness";"fixed";340;"750000523";"MCO";"Île-de-France";1;1;1;0;0;TRUE;56
341;"highest_betweenness";"fixed";341;"750000523";"MCO";"Île-de-France";1;1;1;0;0;TRUE;15
342;"highest_betweenness";"fixed";342;"750000523";"MCO";"Île-de-France";1;1;1;0;0;TRUE;61
343;"highest_betweenness";"fixed";343;"750000523";"MCO";"Île-de-France";1;1;1;0;0;TRUE;28
344;"highest_betweenness";"fixed";344;"750000523";"MCO";"Île-de-France";0;1;0;0;0;TRUE;1
345;"highest_betweenness";"fixed";345;"750000523";"MCO";"Île-de-France";1;1;1;0;0;TRUE;8
346;"highest_betweenness";"fixed";346;"750000523";"MCO";"Île-de-France";3;23;3;0;0;TRUE;216
347;"highest_betweenness";"fixed";347;"750000523";"MCO";"Île-de-France";1;1;1;0;0;TRUE;2
348;"highest_betweenness";"fixed";348;"750000523";"MCO";"Île-de-France";0;1;0;0;0;TRUE;1
349;"highest_betweenness";"fixed";349;"750000523";"MCO";"Île-de-France";1;1;1;0;0;TRUE;26
350;"highest_betweenness";"fixed";350;"750000523";"MCO";"Île-de-France";0;1;0;0;0;TRUE;1
351;"highest_betweenness";"fixed";351;"750000523";"MCO";"Île-de-France";1;1;1;0;0;TRUE;32
352;"highest_betweenness";"fixed";352;"750000523";"MCO";"Île-de-France";1;1;1;0;0;TRUE;9
353;"highest_betweenness";"fixed";353;"750000523";"MCO";"Île-de-France";1;1;1;0;0;TRUE;188
354;"highest_betweenness";"fixed";354;"750000523";"MCO";"Île-de-France";1;1;1;0;0;TRUE;10
355;"highest_betweenness";"fixed";355;"750000523";"MCO";"Île-de-France";1;1;1;0;0;TRUE;11
356;"highest_betweenness";"fixed";356;"750000523";"MCO";"Île-de-France";1;1;1;0;0;TRUE;2
357;"highest_betweenness";"fixed";357;"750000523";"MCO";"Île-de-France";0;1;0;0;0;TRUE;1
358;"highest_betweenness";"fixed";358;"750000523";"MCO";"Île-de-France";1;1;1;0;0;TRUE;16
359;"highest_betweenness";"fixed";359;"750000523";"MCO";"Île-de-France";1;1;1;0;0;TRUE;5
360;"highest_betweenness";"fixed";360;"750000523";"MCO";"Île-de-France";1;1;1;0;0;TRUE;10
361;"highest_betweenness";"fixed";361;"750000523";"MCO";"Île-de-France";1;1;1;0;0;TRUE;30
362;"highest_betweenness";"fixed";362;"750000523";"MCO";"Île-de-France";1;1;1;0;0;TRUE;18
363;"highest_betweenness";"fixed";363;"750000523";"MCO";"Île-de-France";0;1;0;0;0;TRUE;1
364;"highest_betweenness";"fixed";364;"750000523";"MCO";"Île-de-France";1;1;1;0;0;TRUE;9
365;"highest_betweenness";"fixed";365;"750000523";"MCO";"Île-de-France";1;1;1;0;0;TRUE;5
366;"highest_betweenness";"fixed";366;"750000523";"MCO";"Île-de-France";1;1;1;0;0;TRUE;20
367;"highest_betweenness";"fixed";367;"750000523";"MCO";"Île-de-France";1;1;1;0;0;TRUE;3
368;"highest_betweenness";"fixed";368;"750000523";"MCO";"Île-de-France";1;1;1;0;0;TRUE;8
369;"highest_betweenness";"fixed";369;"750000523";"MCO";"Île-de-France";1;1;1;0;0;TRUE;6
370;"highest_betweenness";"fixed";370;"750000523";"MCO";"Île-de-France";1;1;1;0;0;TRUE;31
371;"highest_betweenness";"fixed";371;"750000523";"MCO";"Île-de-France";1;1;1;0;0;TRUE;7
372;"highest_betweenness";"fixed";372;"750000523";"MCO";"Île-de-France";1;1;1;0;0;TRUE;32
373;"highest_betweenness";"fixed";373;"750000523";"MCO";"Île-de-France";1;1;1;0;0;TRUE;4
374;"highest_betweenness";"fixed";374;"750000523";"MCO";"Île-de-France";1;1;1;0;0;TRUE;14
375;"highest_betweenness";"fixed";375;"750000523";"MCO";"Île-de-France";1;1;1;0;0;TRUE;68
376;"highest_betweenness";"fixed";376;"750000523";"MCO";"Île-de-France";0;1;0;0;0;TRUE;1
377;"highest_betweenness";"fixed";377;"750000523";"MCO";"Île-de-France";1;1;1;0;0;TRUE;6
378;"highest_betweenness";"fixed";378;"750000523";"MCO";"Île-de-France";1;1;1;0;0;TRUE;92
379;"highest_betweenness";"fixed";379;"750000523";"MCO";"Île-de-France";1;1;1;0;0;TRUE;72
380;"highest_betweenness";"fixed";380;"750000523";"MCO";"Île-de-France";2;2;1;0;0;TRUE;30
381;"highest_betweenness";"fixed";381;"750000523";"MCO";"Île-de-France";1;1;1;0;0;TRUE;11
382;"highest_betweenness";"fixed";382;"750000523";"MCO";"Île-de-France";1;1;1;0;0;TRUE;2
383;"highest_betweenness";"fixed";383;"750000523";"MCO";"Île-de-France";1;1;1;0;0;TRUE;19
384;"highest_betweenness";"fixed";384;"750000523";"MCO";"Île-de-France";0;1;0;0;0;TRUE;1
385;"highest_betweenness";"fixed";385;"750000523";"MCO";"Île-de-France";2;180;1;0;0;TRUE;198
386;"highest_betweenness";"fixed";386;"750000523";"MCO";"Île-de-France";1;1;1;0;0;TRUE;11
387;"highest_betweenness";"fixed";387;"750000523";"MCO";"Île-de-France";1;1;1;0;0;TRUE;2
388;"highest_betweenness";"fixed";388;"750000523";"MCO";"Île-de-France";2;41;2;0;0;TRUE;196
389;"highest_betweenness";"fixed";389;"750000523";"MCO";"Île-de-France";1;1;1;0;0;TRUE;147
390;"highest_betweenness";"fixed";390;"750000523";"MCO";"Île-de-France";1;1;1;0;0;TRUE;144
391;"highest_betweenness";"fixed";391;"750000523";"MCO";"Île-de-France";1;1;1;0;0;TRUE;55
392;"highest_betweenness";"fixed";392;"750000523";"MCO";"Île-de-France";1;1;1;0;0;TRUE;10
393;"highest_betweenness";"fixed";393;"750000523";"MCO";"Île-de-France";1;1;1;0;0;TRUE;3
394;"highest_betweenness";"fixed";394;"750000523";"MCO";"Île-de-France";1;1;1;0;0;TRUE;11
395;"highest_betweenness";"fixed";395;"750000523";"MCO";"Île-de-France";1;1;1;0;0;TRUE;2
396;"highest_betweenness";"fixed";396;"750000523";"MCO";"Île-de-France";1;1;1;0;0;TRUE;6
397;"highest_betweenness";"fixed";397;"750000523";"MCO";"Île-de-France";1;1;1;0;0;TRUE;51
398;"highest_betweenness";"fixed";398;"750000523";"MCO";"Île-de-France";1;1;1;0;0;TRUE;4
399;"highest_betweenness";"fixed";399;"750000523";"MCO";"Île-de-France";1;1;1;0;0;TRUE;28
400;"highest_betweenness";"fixed";400;"750000523";"MCO";"Île-de-France";1;1;1;0;0;TRUE;5
401;"highest_betweenness";"fixed";401;"750000523";"MCO";"Île-de-France";1;1;1;0;0;TRUE;11
402;"highest_betweenness";"fixed";402;"750000523";"MCO";"Île-de-France";0;1;0;0;0;TRUE;1
403;"highest_betweenness";"fixed";403;"750000523";"MCO";"Île-de-France";1;1;1;0;0;TRUE;4
404;"highest_betweenness";"fixed";404;"750000523";"MCO";"Île-de-France";1;1;1;0;0;TRUE;56
405;"highest_betweenness";"fixed";405;"750000523";"MCO";"Île-de-France";1;1;1;0;0;TRUE;80
406;"highest_betweenness";"fixed";406;"750000523";"MCO";"Île-de-France";1;1;1;0;0;TRUE;8
407;"highest_betweenness";"fixed";407;"750000523";"MCO";"Île-de-France";1;1;1;0;0;TRUE;7
408;"highest_betweenness";"fixed";408;"750000523";"MCO";"Île-de-France";1;1;1;0;0;TRUE;58
409;"highest_betweenness";"fixed";409;"750000523";"MCO";"Île-de-France";1;1;1;0;0;TRUE;96
410;"highest_betweenness";"fixed";410;"750000523";"MCO";"Île-de-France";1;1;1;0;0;TRUE;14
411;"highest_betweenness";"fixed";411;"750000523";"MCO";"Île-de-France";1;1;1;0;0;TRUE;2
412;"highest_betweenness";"fixed";412;"750000523";"MCO";"Île-de-France";1;1;1;0;0;TRUE;22
413;"highest_betweenness";"fixed";413;"750000523";"MCO";"Île-de-France";1;1;1;0;0;TRUE;2
414;"highest_betweenness";"fixed";414;"750000523";"MCO";"Île-de-France";1;1;1;0;0;TRUE;7
415;"highest_betweenness";"fixed";415;"750000523";"MCO";"Île-de-France";1;1;1;0;0;TRUE;55
416;"highest_betweenness";"fixed";416;"750000523";"MCO";"Île-de-France";2;63;1;2;5,33981230559746e-06;FALSE;NA
417;"highest_betweenness";"fixed";417;"750000523";"MCO";"Île-de-France";1;1;1;0;0;TRUE;183
418;"highest_betweenness";"fixed";418;"750000523";"MCO";"Île-de-France";2;93;1;0;0;TRUE;175
419;"highest_betweenness";"fixed";419;"750000523";"MCO";"Île-de-France";1;1;1;0;0;TRUE;8
420;"highest_betweenness";"fixed";420;"750000523";"MCO";"Île-de-France";1;1;1;0;0;TRUE;16
421;"highest_betweenness";"fixed";421;"750000523";"MCO";"Île-de-France";1;1;1;0;0;TRUE;96
422;"highest_betweenness";"fixed";422;"750000523";"MCO";"Île-de-France";1;1;1;0;0;TRUE;14
423;"highest_betweenness";"fixed";423;"750000523";"MCO";"Île-de-France";0;1;0;0;0;TRUE;1
424;"highest_betweenness";"fixed";424;"750000523";"MCO";"Île-de-France";1;1;1;0;0;TRUE;9
425;"highest_betweenness";"fixed";425;"750000523";"MCO";"Île-de-France";1;1;1;0;0;TRUE;4
426;"highest_betweenness";"fixed";426;"750000523";"MCO";"Île-de-France";1;1;1;0;0;TRUE;16
427;"highest_betweenness";"fixed";427;"750000523";"MCO";"Île-de-France";1;1;1;0;0;TRUE;18
428;"highest_betweenness";"fixed";428;"750000523";"MCO";"Île-de-France";1;1;1;0;0;TRUE;47
429;"highest_betweenness";"fixed";429;"750000523";"MCO";"Île-de-France";1;1;1;0;0;TRUE;32
430;"highest_betweenness";"fixed";430;"750000523";"MCO";"Île-de-France";1;1;1;0;0;TRUE;5
431;"highest_betweenness";"fixed";431;"750000523";"MCO";"Île-de-France";2;136;2;0;0;TRUE;247
432;"highest_betweenness";"fixed";432;"750000523";"MCO";"Île-de-France";1;1;1;0;0;TRUE;15
433;"highest_betweenness";"fixed";433;"750000523";"MCO";"Île-de-France";1;1;1;0;0;TRUE;5
434;"highest_betweenness";"fixed";434;"750000523";"MCO";"Île-de-France";1;1;1;0;0;TRUE;46
435;"highest_betweenness";"fixed";435;"750000523";"MCO";"Île-de-France";1;1;1;0;0;TRUE;35
436;"highest_betweenness";"fixed";436;"750000523";"MCO";"Île-de-France";1;1;1;0;0;TRUE;6
437;"highest_betweenness";"fixed";437;"750000523";"MCO";"Île-de-France";1;1;1;0;0;TRUE;29
438;"highest_betweenness";"fixed";438;"750000523";"MCO";"Île-de-France";1;1;1;0;0;TRUE;10
439;"highest_betweenness";"fixed";439;"750000523";"MCO";"Île-de-France";1;1;1;0;0;TRUE;5
440;"highest_betweenness";"fixed";440;"750000523";"MCO";"Île-de-France";1;1;1;0;0;TRUE;64
441;"highest_betweenness";"fixed";441;"750000523";"MCO";"Île-de-France";0;1;0;0;0;TRUE;1
442;"highest_betweenness";"fixed";442;"750000523";"MCO";"Île-de-France";1;1;1;0;0;TRUE;8
443;"highest_betweenness";"fixed";443;"750000523";"MCO";"Île-de-France";2;96;1;0;0;TRUE;168
444;"highest_betweenness";"fixed";444;"750000523";"MCO";"Île-de-France";1;1;1;0;0;TRUE;52
445;"highest_betweenness";"fixed";445;"750000523";"MCO";"Île-de-France";1;1;1;0;0;TRUE;14
446;"highest_betweenness";"fixed";446;"750000523";"MCO";"Île-de-France";1;1;1;0;0;TRUE;50
447;"highest_betweenness";"fixed";447;"750000523";"MCO";"Île-de-France";1;1;1;0;0;TRUE;4
448;"highest_betweenness";"fixed";448;"750000523";"MCO";"Île-de-France";2;20;2;0;0;TRUE;81
449;"highest_betweenness";"fixed";449;"750000523";"MCO";"Île-de-France";1;1;1;0;0;TRUE;2
450;"highest_betweenness";"fixed";450;"750000523";"MCO";"Île-de-France";1;1;1;0;0;TRUE;10
451;"highest_betweenness";"fixed";451;"750000523";"MCO";"Île-de-France";0;1;0;0;0;TRUE;1
452;"highest_betweenness";"fixed";452;"750000523";"MCO";"Île-de-France";1;1;1;0;0;TRUE;20
453;"highest_betweenness";"fixed";453;"750000523";"MCO";"Île-de-France";1;1;1;0;0;TRUE;24
454;"highest_betweenness";"fixed";454;"750000523";"MCO";"Île-de-France";1;1;1;0;0;TRUE;20
455;"highest_betweenness";"fixed";455;"750000523";"MCO";"Île-de-France";1;1;1;0;0;TRUE;4
456;"highest_betweenness";"fixed";456;"750000523";"MCO";"Île-de-France";1;1;1;0;0;TRUE;103
457;"highest_betweenness";"fixed";457;"750000523";"MCO";"Île-de-France";1;1;1;0;0;TRUE;2
458;"highest_betweenness";"fixed";458;"750000523";"MCO";"Île-de-France";1;1;1;0;0;TRUE;2
459;"highest_betweenness";"fixed";459;"750000523";"MCO";"Île-de-France";1;1;1;0;0;TRUE;2
460;"highest_betweenness";"fixed";460;"750000523";"MCO";"Île-de-France";1;1;1;0;0;TRUE;131
461;"highest_betweenness";"fixed";461;"750000523";"MCO";"Île-de-France";1;1;1;0;0;TRUE;185
462;"highest_betweenness";"fixed";462;"750000523";"MCO";"Île-de-France";1;1;1;0;0;TRUE;2
463;"highest_betweenness";"fixed";463;"750000523";"MCO";"Île-de-France";1;1;1;0;0;TRUE;6
464;"highest_betweenness";"fixed";464;"750000523";"MCO";"Île-de-France";1;1;1;0;0;TRUE;8
465;"highest_betweenness";"fixed";465;"750000523";"MCO";"Île-de-France";2;15;1;0;0;TRUE;31
466;"highest_betweenness";"fixed";466;"750000523";"MCO";"Île-de-France";0;1;0;0;0;TRUE;1
467;"highest_betweenness";"fixed";467;"750000523";"MCO";"Île-de-France";1;1;1;0;0;TRUE;3
468;"highest_betweenness";"fixed";468;"750000523";"MCO";"Île-de-France";0;1;0;0;0;TRUE;1
469;"highest_betweenness";"fixed";469;"750000523";"MCO";"Île-de-France";1;1;1;0;0;TRUE;30
470;"highest_betweenness";"fixed";470;"750000523";"MCO";"Île-de-France";1;1;1;0;0;TRUE;21
471;"highest_betweenness";"fixed";471;"750000523";"MCO";"Île-de-France";2;13;2;0;0;TRUE;19
472;"highest_betweenness";"fixed";472;"750000523";"MCO";"Île-de-France";2;55;1;0;0;TRUE;97
473;"highest_betweenness";"fixed";473;"750000523";"MCO";"Île-de-France";1;1;1;0;0;TRUE;3
474;"highest_betweenness";"fixed";474;"750000523";"MCO";"Île-de-France";1;1;1;0;0;TRUE;21
475;"highest_betweenness";"fixed";475;"750000523";"MCO";"Île-de-France";1;1;1;0;0;TRUE;53
476;"highest_betweenness";"fixed";476;"750000523";"MCO";"Île-de-France";1;1;1;0;0;TRUE;62
477;"highest_betweenness";"fixed";477;"750000523";"MCO";"Île-de-France";1;1;1;0;0;TRUE;24
478;"highest_betweenness";"fixed";478;"750000523";"MCO";"Île-de-France";1;1;1;0;0;TRUE;9
479;"highest_betweenness";"fixed";479;"750000523";"MCO";"Île-de-France";1;1;1;0;0;TRUE;9
480;"highest_betweenness";"fixed";480;"750000523";"MCO";"Île-de-France";2;3;2;0;0;TRUE;61
481;"highest_betweenness";"fixed";481;"750000523";"MCO";"Île-de-France";4;125;2;0;0;TRUE;313
482;"highest_betweenness";"fixed";482;"750000523";"MCO";"Île-de-France";1;1;1;0;0;TRUE;11
483;"highest_betweenness";"fixed";483;"750000523";"MCO";"Île-de-France";1;1;1;0;0;TRUE;36
484;"highest_betweenness";"fixed";484;"750000523";"MCO";"Île-de-France";1;1;1;0;0;TRUE;86
485;"highest_betweenness";"fixed";485;"750000523";"MCO";"Île-de-France";1;1;1;0;0;TRUE;14
486;"highest_betweenness";"fixed";486;"750000523";"MCO";"Île-de-France";1;1;1;0;0;TRUE;16
487;"highest_betweenness";"fixed";487;"750000523";"MCO";"Île-de-France";1;1;1;0;0;TRUE;22
488;"highest_betweenness";"fixed";488;"750000523";"MCO";"Île-de-France";1;1;1;0;0;TRUE;6
489;"highest_betweenness";"fixed";489;"750000523";"MCO";"Île-de-France";1;1;1;0;0;TRUE;225
490;"highest_betweenness";"fixed";490;"750000523";"MCO";"Île-de-France";1;1;1;0;0;TRUE;2
491;"highest_betweenness";"fixed";491;"750000523";"MCO";"Île-de-France";1;1;1;0;0;TRUE;14
492;"highest_betweenness";"fixed";492;"750000523";"MCO";"Île-de-France";1;1;1;0;0;TRUE;3
493;"highest_betweenness";"fixed";493;"750000523";"MCO";"Île-de-France";1;1;1;0;0;TRUE;19
494;"highest_betweenness";"fixed";494;"750000523";"MCO";"Île-de-France";0;1;0;0;0;TRUE;1
495;"highest_betweenness";"fixed";495;"750000523";"MCO";"Île-de-France";1;1;1;0;0;TRUE;48
496;"highest_betweenness";"fixed";496;"750000523";"MCO";"Île-de-France";1;1;1;0;0;TRUE;93
497;"highest_betweenness";"fixed";497;"750000523";"MCO";"Île-de-France";1;1;1;0;0;TRUE;16
498;"highest_betweenness";"fixed";498;"750000523";"MCO";"Île-de-France";1;1;1;0;0;TRUE;15
499;"highest_betweenness";"fixed";499;"750000523";"MCO";"Île-de-France";0;1;0;0;0;TRUE;1
500;"highest_betweenness";"fixed";500;"750000523";"MCO";"Île-de-France";1;1;1;0;0;TRUE;78
501;"highest_in_degree + highest_out_degree + largest_beds + largest_outgoing";"fixed";1;"750100125";"MCO/SSR";"Île-de-France";2;2;2;0;0;TRUE;156
502;"highest_in_degree + highest_out_degree + largest_beds + largest_outgoing";"fixed";2;"750100125";"MCO/SSR";"Île-de-France";1;1;1;0;0;TRUE;12
503;"highest_in_degree + highest_out_degree + largest_beds + largest_outgoing";"fixed";3;"750100125";"MCO/SSR";"Île-de-France";1;1;1;0;0;TRUE;6
504;"highest_in_degree + highest_out_degree + largest_beds + largest_outgoing";"fixed";4;"750100125";"MCO/SSR";"Île-de-France";1;1;1;0;0;TRUE;28
505;"highest_in_degree + highest_out_degree + largest_beds + largest_outgoing";"fixed";5;"750100125";"MCO/SSR";"Île-de-France";1;1;1;0;0;TRUE;3
506;"highest_in_degree + highest_out_degree + largest_beds + largest_outgoing";"fixed";6;"750100125";"MCO/SSR";"Île-de-France";0;1;0;0;0;TRUE;1
507;"highest_in_degree + highest_out_degree + largest_beds + largest_outgoing";"fixed";7;"750100125";"MCO/SSR";"Île-de-France";1;1;1;0;0;TRUE;17
508;"highest_in_degree + highest_out_degree + largest_beds + largest_outgoing";"fixed";8;"750100125";"MCO/SSR";"Île-de-France";1;1;1;0;0;TRUE;45
509;"highest_in_degree + highest_out_degree + largest_beds + largest_outgoing";"fixed";9;"750100125";"MCO/SSR";"Île-de-France";1;1;1;0;0;TRUE;17
510;"highest_in_degree + highest_out_degree + largest_beds + largest_outgoing";"fixed";10;"750100125";"MCO/SSR";"Île-de-France";1;1;1;0;0;TRUE;203
511;"highest_in_degree + highest_out_degree + largest_beds + largest_outgoing";"fixed";11;"750100125";"MCO/SSR";"Île-de-France";1;1;1;0;0;TRUE;12
512;"highest_in_degree + highest_out_degree + largest_beds + largest_outgoing";"fixed";12;"750100125";"MCO/SSR";"Île-de-France";1;1;1;0;0;TRUE;19
513;"highest_in_degree + highest_out_degree + largest_beds + largest_outgoing";"fixed";13;"750100125";"MCO/SSR";"Île-de-France";2;4;2;0;0;TRUE;42
514;"highest_in_degree + highest_out_degree + largest_beds + largest_outgoing";"fixed";14;"750100125";"MCO/SSR";"Île-de-France";0;1;0;0;0;TRUE;1
515;"highest_in_degree + highest_out_degree + largest_beds + largest_outgoing";"fixed";15;"750100125";"MCO/SSR";"Île-de-France";1;1;1;0;0;TRUE;4
516;"highest_in_degree + highest_out_degree + largest_beds + largest_outgoing";"fixed";16;"750100125";"MCO/SSR";"Île-de-France";1;1;1;0;0;TRUE;44
517;"highest_in_degree + highest_out_degree + largest_beds + largest_outgoing";"fixed";17;"750100125";"MCO/SSR";"Île-de-France";1;1;1;0;0;TRUE;2
518;"highest_in_degree + highest_out_degree + largest_beds + largest_outgoing";"fixed";18;"750100125";"MCO/SSR";"Île-de-France";1;1;1;0;0;TRUE;3
519;"highest_in_degree + highest_out_degree + largest_beds + largest_outgoing";"fixed";19;"750100125";"MCO/SSR";"Île-de-France";1;1;1;0;0;TRUE;43
520;"highest_in_degree + highest_out_degree + largest_beds + largest_outgoing";"fixed";20;"750100125";"MCO/SSR";"Île-de-France";1;1;1;0;0;TRUE;14
521;"highest_in_degree + highest_out_degree + largest_beds + largest_outgoing";"fixed";21;"750100125";"MCO/SSR";"Île-de-France";1;1;1;0;0;TRUE;82
522;"highest_in_degree + highest_out_degree + largest_beds + largest_outgoing";"fixed";22;"750100125";"MCO/SSR";"Île-de-France";1;1;1;0;0;TRUE;25
523;"highest_in_degree + highest_out_degree + largest_beds + largest_outgoing";"fixed";23;"750100125";"MCO/SSR";"Île-de-France";1;1;1;0;0;TRUE;79
524;"highest_in_degree + highest_out_degree + largest_beds + largest_outgoing";"fixed";24;"750100125";"MCO/SSR";"Île-de-France";1;1;1;0;0;TRUE;3
525;"highest_in_degree + highest_out_degree + largest_beds + largest_outgoing";"fixed";25;"750100125";"MCO/SSR";"Île-de-France";2;6;1;0;0;TRUE;34
526;"highest_in_degree + highest_out_degree + largest_beds + largest_outgoing";"fixed";26;"750100125";"MCO/SSR";"Île-de-France";0;1;0;0;0;TRUE;1
527;"highest_in_degree + highest_out_degree + largest_beds + largest_outgoing";"fixed";27;"750100125";"MCO/SSR";"Île-de-France";1;1;1;0;0;TRUE;18
528;"highest_in_degree + highest_out_degree + largest_beds + largest_outgoing";"fixed";28;"750100125";"MCO/SSR";"Île-de-France";2;8;1;0;0;TRUE;9
529;"highest_in_degree + highest_out_degree + largest_beds + largest_outgoing";"fixed";29;"750100125";"MCO/SSR";"Île-de-France";1;1;1;0;0;TRUE;13
530;"highest_in_degree + highest_out_degree + largest_beds + largest_outgoing";"fixed";30;"750100125";"MCO/SSR";"Île-de-France";1;1;1;0;0;TRUE;6
531;"highest_in_degree + highest_out_degree + largest_beds + largest_outgoing";"fixed";31;"750100125";"MCO/SSR";"Île-de-France";1;1;1;0;0;TRUE;4
532;"highest_in_degree + highest_out_degree + largest_beds + largest_outgoing";"fixed";32;"750100125";"MCO/SSR";"Île-de-France";1;1;1;0;0;TRUE;32
533;"highest_in_degree + highest_out_degree + largest_beds + largest_outgoing";"fixed";33;"750100125";"MCO/SSR";"Île-de-France";1;1;1;0;0;TRUE;27
534;"highest_in_degree + highest_out_degree + largest_beds + largest_outgoing";"fixed";34;"750100125";"MCO/SSR";"Île-de-France";1;1;1;0;0;TRUE;2
535;"highest_in_degree + highest_out_degree + largest_beds + largest_outgoing";"fixed";35;"750100125";"MCO/SSR";"Île-de-France";1;1;1;0;0;TRUE;43
536;"highest_in_degree + highest_out_degree + largest_beds + largest_outgoing";"fixed";36;"750100125";"MCO/SSR";"Île-de-France";2;3;2;0;0;TRUE;165
537;"highest_in_degree + highest_out_degree + largest_beds + largest_outgoing";"fixed";37;"750100125";"MCO/SSR";"Île-de-France";1;1;1;0;0;TRUE;5
538;"highest_in_degree + highest_out_degree + largest_beds + largest_outgoing";"fixed";38;"750100125";"MCO/SSR";"Île-de-France";1;1;1;0;0;TRUE;17
539;"highest_in_degree + highest_out_degree + largest_beds + largest_outgoing";"fixed";39;"750100125";"MCO/SSR";"Île-de-France";1;1;1;0;0;TRUE;2
540;"highest_in_degree + highest_out_degree + largest_beds + largest_outgoing";"fixed";40;"750100125";"MCO/SSR";"Île-de-France";2;9;2;0;0;TRUE;91
541;"highest_in_degree + highest_out_degree + largest_beds + largest_outgoing";"fixed";41;"750100125";"MCO/SSR";"Île-de-France";1;1;1;0;0;TRUE;6
542;"highest_in_degree + highest_out_degree + largest_beds + largest_outgoing";"fixed";42;"750100125";"MCO/SSR";"Île-de-France";1;1;1;0;0;TRUE;25
543;"highest_in_degree + highest_out_degree + largest_beds + largest_outgoing";"fixed";43;"750100125";"MCO/SSR";"Île-de-France";2;57;1;0;0;TRUE;179
544;"highest_in_degree + highest_out_degree + largest_beds + largest_outgoing";"fixed";44;"750100125";"MCO/SSR";"Île-de-France";2;5;2;0;0;TRUE;29
545;"highest_in_degree + highest_out_degree + largest_beds + largest_outgoing";"fixed";45;"750100125";"MCO/SSR";"Île-de-France";2;46;1;0;0;TRUE;60
546;"highest_in_degree + highest_out_degree + largest_beds + largest_outgoing";"fixed";46;"750100125";"MCO/SSR";"Île-de-France";2;114;2;1;2,66990615279873e-06;FALSE;NA
547;"highest_in_degree + highest_out_degree + largest_beds + largest_outgoing";"fixed";47;"750100125";"MCO/SSR";"Île-de-France";1;1;1;0;0;TRUE;68
548;"highest_in_degree + highest_out_degree + largest_beds + largest_outgoing";"fixed";48;"750100125";"MCO/SSR";"Île-de-France";1;1;1;0;0;TRUE;12
549;"highest_in_degree + highest_out_degree + largest_beds + largest_outgoing";"fixed";49;"750100125";"MCO/SSR";"Île-de-France";1;1;1;0;0;TRUE;27
550;"highest_in_degree + highest_out_degree + largest_beds + largest_outgoing";"fixed";50;"750100125";"MCO/SSR";"Île-de-France";1;1;1;0;0;TRUE;41
551;"highest_in_degree + highest_out_degree + largest_beds + largest_outgoing";"fixed";51;"750100125";"MCO/SSR";"Île-de-France";1;1;1;0;0;TRUE;7
552;"highest_in_degree + highest_out_degree + largest_beds + largest_outgoing";"fixed";52;"750100125";"MCO/SSR";"Île-de-France";3;72;3;0;0;TRUE;234
553;"highest_in_degree + highest_out_degree + largest_beds + largest_outgoing";"fixed";53;"750100125";"MCO/SSR";"Île-de-France";1;1;1;0;0;TRUE;20
554;"highest_in_degree + highest_out_degree + largest_beds + largest_outgoing";"fixed";54;"750100125";"MCO/SSR";"Île-de-France";1;1;1;0;0;TRUE;26
555;"highest_in_degree + highest_out_degree + largest_beds + largest_outgoing";"fixed";55;"750100125";"MCO/SSR";"Île-de-France";0;1;0;0;0;TRUE;1
556;"highest_in_degree + highest_out_degree + largest_beds + largest_outgoing";"fixed";56;"750100125";"MCO/SSR";"Île-de-France";1;1;1;0;0;TRUE;103
557;"highest_in_degree + highest_out_degree + largest_beds + largest_outgoing";"fixed";57;"750100125";"MCO/SSR";"Île-de-France";1;1;1;0;0;TRUE;5
558;"highest_in_degree + highest_out_degree + largest_beds + largest_outgoing";"fixed";58;"750100125";"MCO/SSR";"Île-de-France";1;1;1;0;0;TRUE;98
559;"highest_in_degree + highest_out_degree + largest_beds + largest_outgoing";"fixed";59;"750100125";"MCO/SSR";"Île-de-France";1;1;1;0;0;TRUE;12
560;"highest_in_degree + highest_out_degree + largest_beds + largest_outgoing";"fixed";60;"750100125";"MCO/SSR";"Île-de-France";1;1;1;0;0;TRUE;23
561;"highest_in_degree + highest_out_degree + largest_beds + largest_outgoing";"fixed";61;"750100125";"MCO/SSR";"Île-de-France";1;1;1;0;0;TRUE;9
562;"highest_in_degree + highest_out_degree + largest_beds + largest_outgoing";"fixed";62;"750100125";"MCO/SSR";"Île-de-France";1;1;1;0;0;TRUE;7
563;"highest_in_degree + highest_out_degree + largest_beds + largest_outgoing";"fixed";63;"750100125";"MCO/SSR";"Île-de-France";1;1;1;0;0;TRUE;18
564;"highest_in_degree + highest_out_degree + largest_beds + largest_outgoing";"fixed";64;"750100125";"MCO/SSR";"Île-de-France";1;1;1;0;0;TRUE;11
565;"highest_in_degree + highest_out_degree + largest_beds + largest_outgoing";"fixed";65;"750100125";"MCO/SSR";"Île-de-France";1;1;1;0;0;TRUE;45
566;"highest_in_degree + highest_out_degree + largest_beds + largest_outgoing";"fixed";66;"750100125";"MCO/SSR";"Île-de-France";1;1;1;0;0;TRUE;3
567;"highest_in_degree + highest_out_degree + largest_beds + largest_outgoing";"fixed";67;"750100125";"MCO/SSR";"Île-de-France";1;1;1;0;0;TRUE;46
568;"highest_in_degree + highest_out_degree + largest_beds + largest_outgoing";"fixed";68;"750100125";"MCO/SSR";"Île-de-France";0;1;0;0;0;TRUE;1
569;"highest_in_degree + highest_out_degree + largest_beds + largest_outgoing";"fixed";69;"750100125";"MCO/SSR";"Île-de-France";1;1;1;0;0;TRUE;3
570;"highest_in_degree + highest_out_degree + largest_beds + largest_outgoing";"fixed";70;"750100125";"MCO/SSR";"Île-de-France";1;1;1;0;0;TRUE;3
571;"highest_in_degree + highest_out_degree + largest_beds + largest_outgoing";"fixed";71;"750100125";"MCO/SSR";"Île-de-France";1;1;1;0;0;TRUE;24
572;"highest_in_degree + highest_out_degree + largest_beds + largest_outgoing";"fixed";72;"750100125";"MCO/SSR";"Île-de-France";2;25;2;0;0;TRUE;110
573;"highest_in_degree + highest_out_degree + largest_beds + largest_outgoing";"fixed";73;"750100125";"MCO/SSR";"Île-de-France";1;1;1;0;0;TRUE;38
574;"highest_in_degree + highest_out_degree + largest_beds + largest_outgoing";"fixed";74;"750100125";"MCO/SSR";"Île-de-France";1;1;1;0;0;TRUE;6
575;"highest_in_degree + highest_out_degree + largest_beds + largest_outgoing";"fixed";75;"750100125";"MCO/SSR";"Île-de-France";1;1;1;0;0;TRUE;8
576;"highest_in_degree + highest_out_degree + largest_beds + largest_outgoing";"fixed";76;"750100125";"MCO/SSR";"Île-de-France";1;1;1;0;0;TRUE;6
577;"highest_in_degree + highest_out_degree + largest_beds + largest_outgoing";"fixed";77;"750100125";"MCO/SSR";"Île-de-France";1;1;1;0;0;TRUE;2
578;"highest_in_degree + highest_out_degree + largest_beds + largest_outgoing";"fixed";78;"750100125";"MCO/SSR";"Île-de-France";1;1;1;0;0;TRUE;8
579;"highest_in_degree + highest_out_degree + largest_beds + largest_outgoing";"fixed";79;"750100125";"MCO/SSR";"Île-de-France";1;1;1;0;0;TRUE;7
580;"highest_in_degree + highest_out_degree + largest_beds + largest_outgoing";"fixed";80;"750100125";"MCO/SSR";"Île-de-France";1;1;1;0;0;TRUE;7
581;"highest_in_degree + highest_out_degree + largest_beds + largest_outgoing";"fixed";81;"750100125";"MCO/SSR";"Île-de-France";1;1;1;0;0;TRUE;8
582;"highest_in_degree + highest_out_degree + largest_beds + largest_outgoing";"fixed";82;"750100125";"MCO/SSR";"Île-de-France";0;1;0;0;0;TRUE;1
583;"highest_in_degree + highest_out_degree + largest_beds + largest_outgoing";"fixed";83;"750100125";"MCO/SSR";"Île-de-France";2;144;1;0;0;TRUE;154
584;"highest_in_degree + highest_out_degree + largest_beds + largest_outgoing";"fixed";84;"750100125";"MCO/SSR";"Île-de-France";1;1;1;0;0;TRUE;15
585;"highest_in_degree + highest_out_degree + largest_beds + largest_outgoing";"fixed";85;"750100125";"MCO/SSR";"Île-de-France";6;126;2;0;0;TRUE;271
586;"highest_in_degree + highest_out_degree + largest_beds + largest_outgoing";"fixed";86;"750100125";"MCO/SSR";"Île-de-France";1;1;1;0;0;TRUE;4
587;"highest_in_degree + highest_out_degree + largest_beds + largest_outgoing";"fixed";87;"750100125";"MCO/SSR";"Île-de-France";1;1;1;0;0;TRUE;65
588;"highest_in_degree + highest_out_degree + largest_beds + largest_outgoing";"fixed";88;"750100125";"MCO/SSR";"Île-de-France";1;1;1;0;0;TRUE;35
589;"highest_in_degree + highest_out_degree + largest_beds + largest_outgoing";"fixed";89;"750100125";"MCO/SSR";"Île-de-France";1;1;1;0;0;TRUE;9
590;"highest_in_degree + highest_out_degree + largest_beds + largest_outgoing";"fixed";90;"750100125";"MCO/SSR";"Île-de-France";1;1;1;0;0;TRUE;55
591;"highest_in_degree + highest_out_degree + largest_beds + largest_outgoing";"fixed";91;"750100125";"MCO/SSR";"Île-de-France";1;1;1;0;0;TRUE;14
592;"highest_in_degree + highest_out_degree + largest_beds + largest_outgoing";"fixed";92;"750100125";"MCO/SSR";"Île-de-France";1;1;1;0;0;TRUE;2
593;"highest_in_degree + highest_out_degree + largest_beds + largest_outgoing";"fixed";93;"750100125";"MCO/SSR";"Île-de-France";1;1;1;0;0;TRUE;18
594;"highest_in_degree + highest_out_degree + largest_beds + largest_outgoing";"fixed";94;"750100125";"MCO/SSR";"Île-de-France";1;1;1;0;0;TRUE;9
595;"highest_in_degree + highest_out_degree + largest_beds + largest_outgoing";"fixed";95;"750100125";"MCO/SSR";"Île-de-France";2;30;1;0;0;TRUE;69
596;"highest_in_degree + highest_out_degree + largest_beds + largest_outgoing";"fixed";96;"750100125";"MCO/SSR";"Île-de-France";1;1;1;0;0;TRUE;4
597;"highest_in_degree + highest_out_degree + largest_beds + largest_outgoing";"fixed";97;"750100125";"MCO/SSR";"Île-de-France";1;1;1;0;0;TRUE;9
598;"highest_in_degree + highest_out_degree + largest_beds + largest_outgoing";"fixed";98;"750100125";"MCO/SSR";"Île-de-France";1;1;1;0;0;TRUE;31
599;"highest_in_degree + highest_out_degree + largest_beds + largest_outgoing";"fixed";99;"750100125";"MCO/SSR";"Île-de-France";1;1;1;0;0;TRUE;19
600;"highest_in_degree + highest_out_degree + largest_beds + largest_outgoing";"fixed";100;"750100125";"MCO/SSR";"Île-de-France";1;1;1;0;0;TRUE;143
601;"highest_in_degree + highest_out_degree + largest_beds + largest_outgoing";"fixed";101;"750100125";"MCO/SSR";"Île-de-France";1;1;1;0;0;TRUE;2
602;"highest_in_degree + highest_out_degree + largest_beds + largest_outgoing";"fixed";102;"750100125";"MCO/SSR";"Île-de-France";1;1;1;0;0;TRUE;30
603;"highest_in_degree + highest_out_degree + largest_beds + largest_outgoing";"fixed";103;"750100125";"MCO/SSR";"Île-de-France";1;1;1;0;0;TRUE;12
604;"highest_in_degree + highest_out_degree + largest_beds + largest_outgoing";"fixed";104;"750100125";"MCO/SSR";"Île-de-France";1;1;1;0;0;TRUE;34
605;"highest_in_degree + highest_out_degree + largest_beds + largest_outgoing";"fixed";105;"750100125";"MCO/SSR";"Île-de-France";1;1;1;0;0;TRUE;83
606;"highest_in_degree + highest_out_degree + largest_beds + largest_outgoing";"fixed";106;"750100125";"MCO/SSR";"Île-de-France";1;1;1;0;0;TRUE;36
607;"highest_in_degree + highest_out_degree + largest_beds + largest_outgoing";"fixed";107;"750100125";"MCO/SSR";"Île-de-France";1;1;1;0;0;TRUE;9
608;"highest_in_degree + highest_out_degree + largest_beds + largest_outgoing";"fixed";108;"750100125";"MCO/SSR";"Île-de-France";1;1;1;0;0;TRUE;29
609;"highest_in_degree + highest_out_degree + largest_beds + largest_outgoing";"fixed";109;"750100125";"MCO/SSR";"Île-de-France";1;1;1;0;0;TRUE;2
610;"highest_in_degree + highest_out_degree + largest_beds + largest_outgoing";"fixed";110;"750100125";"MCO/SSR";"Île-de-France";1;1;1;0;0;TRUE;26
611;"highest_in_degree + highest_out_degree + largest_beds + largest_outgoing";"fixed";111;"750100125";"MCO/SSR";"Île-de-France";2;21;2;0;0;TRUE;115
612;"highest_in_degree + highest_out_degree + largest_beds + largest_outgoing";"fixed";112;"750100125";"MCO/SSR";"Île-de-France";1;1;1;0;0;TRUE;15
613;"highest_in_degree + highest_out_degree + largest_beds + largest_outgoing";"fixed";113;"750100125";"MCO/SSR";"Île-de-France";1;1;1;0;0;TRUE;13
614;"highest_in_degree + highest_out_degree + largest_beds + largest_outgoing";"fixed";114;"750100125";"MCO/SSR";"Île-de-France";1;1;1;0;0;TRUE;6
615;"highest_in_degree + highest_out_degree + largest_beds + largest_outgoing";"fixed";115;"750100125";"MCO/SSR";"Île-de-France";1;1;1;0;0;TRUE;31
616;"highest_in_degree + highest_out_degree + largest_beds + largest_outgoing";"fixed";116;"750100125";"MCO/SSR";"Île-de-France";1;1;1;0;0;TRUE;55
617;"highest_in_degree + highest_out_degree + largest_beds + largest_outgoing";"fixed";117;"750100125";"MCO/SSR";"Île-de-France";1;1;1;0;0;TRUE;20
618;"highest_in_degree + highest_out_degree + largest_beds + largest_outgoing";"fixed";118;"750100125";"MCO/SSR";"Île-de-France";0;1;0;0;0;TRUE;1
619;"highest_in_degree + highest_out_degree + largest_beds + largest_outgoing";"fixed";119;"750100125";"MCO/SSR";"Île-de-France";1;1;1;0;0;TRUE;6
620;"highest_in_degree + highest_out_degree + largest_beds + largest_outgoing";"fixed";120;"750100125";"MCO/SSR";"Île-de-France";1;1;1;0;0;TRUE;10
621;"highest_in_degree + highest_out_degree + largest_beds + largest_outgoing";"fixed";121;"750100125";"MCO/SSR";"Île-de-France";1;1;1;0;0;TRUE;43
622;"highest_in_degree + highest_out_degree + largest_beds + largest_outgoing";"fixed";122;"750100125";"MCO/SSR";"Île-de-France";1;1;1;0;0;TRUE;44
623;"highest_in_degree + highest_out_degree + largest_beds + largest_outgoing";"fixed";123;"750100125";"MCO/SSR";"Île-de-France";1;1;1;0;0;TRUE;9
624;"highest_in_degree + highest_out_degree + largest_beds + largest_outgoing";"fixed";124;"750100125";"MCO/SSR";"Île-de-France";1;1;1;0;0;TRUE;98
625;"highest_in_degree + highest_out_degree + largest_beds + largest_outgoing";"fixed";125;"750100125";"MCO/SSR";"Île-de-France";1;1;1;0;0;TRUE;28
626;"highest_in_degree + highest_out_degree + largest_beds + largest_outgoing";"fixed";126;"750100125";"MCO/SSR";"Île-de-France";1;1;1;0;0;TRUE;69
627;"highest_in_degree + highest_out_degree + largest_beds + largest_outgoing";"fixed";127;"750100125";"MCO/SSR";"Île-de-France";4;89;3;0;0;TRUE;297
628;"highest_in_degree + highest_out_degree + largest_beds + largest_outgoing";"fixed";128;"750100125";"MCO/SSR";"Île-de-France";1;1;1;0;0;TRUE;49
629;"highest_in_degree + highest_out_degree + largest_beds + largest_outgoing";"fixed";129;"750100125";"MCO/SSR";"Île-de-France";1;1;1;0;0;TRUE;32
630;"highest_in_degree + highest_out_degree + largest_beds + largest_outgoing";"fixed";130;"750100125";"MCO/SSR";"Île-de-France";1;1;1;0;0;TRUE;4
631;"highest_in_degree + highest_out_degree + largest_beds + largest_outgoing";"fixed";131;"750100125";"MCO/SSR";"Île-de-France";1;1;1;0;0;TRUE;2
632;"highest_in_degree + highest_out_degree + largest_beds + largest_outgoing";"fixed";132;"750100125";"MCO/SSR";"Île-de-France";1;1;1;0;0;TRUE;8
633;"highest_in_degree + highest_out_degree + largest_beds + largest_outgoing";"fixed";133;"750100125";"MCO/SSR";"Île-de-France";2;9;1;0;0;TRUE;50
634;"highest_in_degree + highest_out_degree + largest_beds + largest_outgoing";"fixed";134;"750100125";"MCO/SSR";"Île-de-France";1;1;1;0;0;TRUE;12
635;"highest_in_degree + highest_out_degree + largest_beds + largest_outgoing";"fixed";135;"750100125";"MCO/SSR";"Île-de-France";1;1;1;0;0;TRUE;22
636;"highest_in_degree + highest_out_degree + largest_beds + largest_outgoing";"fixed";136;"750100125";"MCO/SSR";"Île-de-France";1;1;1;0;0;TRUE;73
637;"highest_in_degree + highest_out_degree + largest_beds + largest_outgoing";"fixed";137;"750100125";"MCO/SSR";"Île-de-France";1;1;1;0;0;TRUE;69
638;"highest_in_degree + highest_out_degree + largest_beds + largest_outgoing";"fixed";138;"750100125";"MCO/SSR";"Île-de-France";3;135;2;0;0;TRUE;299
639;"highest_in_degree + highest_out_degree + largest_beds + largest_outgoing";"fixed";139;"750100125";"MCO/SSR";"Île-de-France";1;1;1;0;0;TRUE;82
640;"highest_in_degree + highest_out_degree + largest_beds + largest_outgoing";"fixed";140;"750100125";"MCO/SSR";"Île-de-France";0;1;0;0;0;TRUE;1
641;"highest_in_degree + highest_out_degree + largest_beds + largest_outgoing";"fixed";141;"750100125";"MCO/SSR";"Île-de-France";1;1;1;0;0;TRUE;10
642;"highest_in_degree + highest_out_degree + largest_beds + largest_outgoing";"fixed";142;"750100125";"MCO/SSR";"Île-de-France";1;1;1;0;0;TRUE;11
643;"highest_in_degree + highest_out_degree + largest_beds + largest_outgoing";"fixed";143;"750100125";"MCO/SSR";"Île-de-France";1;1;1;0;0;TRUE;4
644;"highest_in_degree + highest_out_degree + largest_beds + largest_outgoing";"fixed";144;"750100125";"MCO/SSR";"Île-de-France";1;1;1;0;0;TRUE;11
645;"highest_in_degree + highest_out_degree + largest_beds + largest_outgoing";"fixed";145;"750100125";"MCO/SSR";"Île-de-France";1;1;1;0;0;TRUE;107
646;"highest_in_degree + highest_out_degree + largest_beds + largest_outgoing";"fixed";146;"750100125";"MCO/SSR";"Île-de-France";1;1;1;0;0;TRUE;3
647;"highest_in_degree + highest_out_degree + largest_beds + largest_outgoing";"fixed";147;"750100125";"MCO/SSR";"Île-de-France";1;1;1;0;0;TRUE;6
648;"highest_in_degree + highest_out_degree + largest_beds + largest_outgoing";"fixed";148;"750100125";"MCO/SSR";"Île-de-France";1;1;1;0;0;TRUE;19
649;"highest_in_degree + highest_out_degree + largest_beds + largest_outgoing";"fixed";149;"750100125";"MCO/SSR";"Île-de-France";1;1;1;0;0;TRUE;16
650;"highest_in_degree + highest_out_degree + largest_beds + largest_outgoing";"fixed";150;"750100125";"MCO/SSR";"Île-de-France";1;1;1;0;0;TRUE;6
651;"highest_in_degree + highest_out_degree + largest_beds + largest_outgoing";"fixed";151;"750100125";"MCO/SSR";"Île-de-France";1;1;1;0;0;TRUE;16
652;"highest_in_degree + highest_out_degree + largest_beds + largest_outgoing";"fixed";152;"750100125";"MCO/SSR";"Île-de-France";1;1;1;0;0;TRUE;38
653;"highest_in_degree + highest_out_degree + largest_beds + largest_outgoing";"fixed";153;"750100125";"MCO/SSR";"Île-de-France";2;20;1;0;0;TRUE;49
654;"highest_in_degree + highest_out_degree + largest_beds + largest_outgoing";"fixed";154;"750100125";"MCO/SSR";"Île-de-France";1;1;1;0;0;TRUE;10
655;"highest_in_degree + highest_out_degree + largest_beds + largest_outgoing";"fixed";155;"750100125";"MCO/SSR";"Île-de-France";1;1;1;0;0;TRUE;6
656;"highest_in_degree + highest_out_degree + largest_beds + largest_outgoing";"fixed";156;"750100125";"MCO/SSR";"Île-de-France";1;1;1;0;0;TRUE;21
657;"highest_in_degree + highest_out_degree + largest_beds + largest_outgoing";"fixed";157;"750100125";"MCO/SSR";"Île-de-France";1;1;1;0;0;TRUE;12
658;"highest_in_degree + highest_out_degree + largest_beds + largest_outgoing";"fixed";158;"750100125";"MCO/SSR";"Île-de-France";1;1;1;0;0;TRUE;14
659;"highest_in_degree + highest_out_degree + largest_beds + largest_outgoing";"fixed";159;"750100125";"MCO/SSR";"Île-de-France";1;1;1;0;0;TRUE;13
660;"highest_in_degree + highest_out_degree + largest_beds + largest_outgoing";"fixed";160;"750100125";"MCO/SSR";"Île-de-France";2;134;2;0;0;TRUE;314
661;"highest_in_degree + highest_out_degree + largest_beds + largest_outgoing";"fixed";161;"750100125";"MCO/SSR";"Île-de-France";1;1;1;0;0;TRUE;62
662;"highest_in_degree + highest_out_degree + largest_beds + largest_outgoing";"fixed";162;"750100125";"MCO/SSR";"Île-de-France";1;1;1;0;0;TRUE;112
663;"highest_in_degree + highest_out_degree + largest_beds + largest_outgoing";"fixed";163;"750100125";"MCO/SSR";"Île-de-France";1;1;1;0;0;TRUE;7
664;"highest_in_degree + highest_out_degree + largest_beds + largest_outgoing";"fixed";164;"750100125";"MCO/SSR";"Île-de-France";1;1;1;0;0;TRUE;8
665;"highest_in_degree + highest_out_degree + largest_beds + largest_outgoing";"fixed";165;"750100125";"MCO/SSR";"Île-de-France";1;1;1;0;0;TRUE;6
666;"highest_in_degree + highest_out_degree + largest_beds + largest_outgoing";"fixed";166;"750100125";"MCO/SSR";"Île-de-France";1;1;1;0;0;TRUE;47
667;"highest_in_degree + highest_out_degree + largest_beds + largest_outgoing";"fixed";167;"750100125";"MCO/SSR";"Île-de-France";1;1;1;0;0;TRUE;28
668;"highest_in_degree + highest_out_degree + largest_beds + largest_outgoing";"fixed";168;"750100125";"MCO/SSR";"Île-de-France";1;1;1;0;0;TRUE;10
669;"highest_in_degree + highest_out_degree + largest_beds + largest_outgoing";"fixed";169;"750100125";"MCO/SSR";"Île-de-France";1;1;1;0;0;TRUE;97
670;"highest_in_degree + highest_out_degree + largest_beds + largest_outgoing";"fixed";170;"750100125";"MCO/SSR";"Île-de-France";1;1;1;0;0;TRUE;14
671;"highest_in_degree + highest_out_degree + largest_beds + largest_outgoing";"fixed";171;"750100125";"MCO/SSR";"Île-de-France";1;1;1;0;0;TRUE;47
672;"highest_in_degree + highest_out_degree + largest_beds + largest_outgoing";"fixed";172;"750100125";"MCO/SSR";"Île-de-France";1;1;1;0;0;TRUE;5
673;"highest_in_degree + highest_out_degree + largest_beds + largest_outgoing";"fixed";173;"750100125";"MCO/SSR";"Île-de-France";1;1;1;0;0;TRUE;12
674;"highest_in_degree + highest_out_degree + largest_beds + largest_outgoing";"fixed";174;"750100125";"MCO/SSR";"Île-de-France";1;1;1;0;0;TRUE;3
675;"highest_in_degree + highest_out_degree + largest_beds + largest_outgoing";"fixed";175;"750100125";"MCO/SSR";"Île-de-France";1;1;1;0;0;TRUE;18
676;"highest_in_degree + highest_out_degree + largest_beds + largest_outgoing";"fixed";176;"750100125";"MCO/SSR";"Île-de-France";1;1;1;0;0;TRUE;32
677;"highest_in_degree + highest_out_degree + largest_beds + largest_outgoing";"fixed";177;"750100125";"MCO/SSR";"Île-de-France";1;1;1;0;0;TRUE;28
678;"highest_in_degree + highest_out_degree + largest_beds + largest_outgoing";"fixed";178;"750100125";"MCO/SSR";"Île-de-France";1;1;1;0;0;TRUE;18
679;"highest_in_degree + highest_out_degree + largest_beds + largest_outgoing";"fixed";179;"750100125";"MCO/SSR";"Île-de-France";1;1;1;0;0;TRUE;2
680;"highest_in_degree + highest_out_degree + largest_beds + largest_outgoing";"fixed";180;"750100125";"MCO/SSR";"Île-de-France";2;62;1;0;0;TRUE;201
681;"highest_in_degree + highest_out_degree + largest_beds + largest_outgoing";"fixed";181;"750100125";"MCO/SSR";"Île-de-France";1;1;1;0;0;TRUE;37
682;"highest_in_degree + highest_out_degree + largest_beds + largest_outgoing";"fixed";182;"750100125";"MCO/SSR";"Île-de-France";1;1;1;0;0;TRUE;21
683;"highest_in_degree + highest_out_degree + largest_beds + largest_outgoing";"fixed";183;"750100125";"MCO/SSR";"Île-de-France";1;1;1;0;0;TRUE;21
684;"highest_in_degree + highest_out_degree + largest_beds + largest_outgoing";"fixed";184;"750100125";"MCO/SSR";"Île-de-France";1;1;1;0;0;TRUE;52
685;"highest_in_degree + highest_out_degree + largest_beds + largest_outgoing";"fixed";185;"750100125";"MCO/SSR";"Île-de-France";1;1;1;0;0;TRUE;17
686;"highest_in_degree + highest_out_degree + largest_beds + largest_outgoing";"fixed";186;"750100125";"MCO/SSR";"Île-de-France";0;1;0;0;0;TRUE;1
687;"highest_in_degree + highest_out_degree + largest_beds + largest_outgoing";"fixed";187;"750100125";"MCO/SSR";"Île-de-France";2;194;2;0;0;TRUE;273
688;"highest_in_degree + highest_out_degree + largest_beds + largest_outgoing";"fixed";188;"750100125";"MCO/SSR";"Île-de-France";0;1;0;0;0;TRUE;1
689;"highest_in_degree + highest_out_degree + largest_beds + largest_outgoing";"fixed";189;"750100125";"MCO/SSR";"Île-de-France";1;1;1;0;0;TRUE;20
690;"highest_in_degree + highest_out_degree + largest_beds + largest_outgoing";"fixed";190;"750100125";"MCO/SSR";"Île-de-France";1;1;1;0;0;TRUE;18
691;"highest_in_degree + highest_out_degree + largest_beds + largest_outgoing";"fixed";191;"750100125";"MCO/SSR";"Île-de-France";1;1;1;0;0;TRUE;67
692;"highest_in_degree + highest_out_degree + largest_beds + largest_outgoing";"fixed";192;"750100125";"MCO/SSR";"Île-de-France";1;1;1;0;0;TRUE;21
693;"highest_in_degree + highest_out_degree + largest_beds + largest_outgoing";"fixed";193;"750100125";"MCO/SSR";"Île-de-France";1;1;1;0;0;TRUE;12
694;"highest_in_degree + highest_out_degree + largest_beds + largest_outgoing";"fixed";194;"750100125";"MCO/SSR";"Île-de-France";1;1;1;0;0;TRUE;15
695;"highest_in_degree + highest_out_degree + largest_beds + largest_outgoing";"fixed";195;"750100125";"MCO/SSR";"Île-de-France";1;1;1;0;0;TRUE;67
696;"highest_in_degree + highest_out_degree + largest_beds + largest_outgoing";"fixed";196;"750100125";"MCO/SSR";"Île-de-France";1;1;1;0;0;TRUE;11
697;"highest_in_degree + highest_out_degree + largest_beds + largest_outgoing";"fixed";197;"750100125";"MCO/SSR";"Île-de-France";0;1;0;0;0;TRUE;1
698;"highest_in_degree + highest_out_degree + largest_beds + largest_outgoing";"fixed";198;"750100125";"MCO/SSR";"Île-de-France";1;1;1;0;0;TRUE;9
699;"highest_in_degree + highest_out_degree + largest_beds + largest_outgoing";"fixed";199;"750100125";"MCO/SSR";"Île-de-France";1;1;1;0;0;TRUE;167
700;"highest_in_degree + highest_out_degree + largest_beds + largest_outgoing";"fixed";200;"750100125";"MCO/SSR";"Île-de-France";1;1;1;0;0;TRUE;101
701;"highest_in_degree + highest_out_degree + largest_beds + largest_outgoing";"fixed";201;"750100125";"MCO/SSR";"Île-de-France";1;1;1;0;0;TRUE;80
702;"highest_in_degree + highest_out_degree + largest_beds + largest_outgoing";"fixed";202;"750100125";"MCO/SSR";"Île-de-France";1;1;1;0;0;TRUE;10
703;"highest_in_degree + highest_out_degree + largest_beds + largest_outgoing";"fixed";203;"750100125";"MCO/SSR";"Île-de-France";1;1;1;0;0;TRUE;11
704;"highest_in_degree + highest_out_degree + largest_beds + largest_outgoing";"fixed";204;"750100125";"MCO/SSR";"Île-de-France";1;1;1;0;0;TRUE;2
705;"highest_in_degree + highest_out_degree + largest_beds + largest_outgoing";"fixed";205;"750100125";"MCO/SSR";"Île-de-France";2;16;2;0;0;TRUE;93
706;"highest_in_degree + highest_out_degree + largest_beds + largest_outgoing";"fixed";206;"750100125";"MCO/SSR";"Île-de-France";0;1;0;0;0;TRUE;1
707;"highest_in_degree + highest_out_degree + largest_beds + largest_outgoing";"fixed";207;"750100125";"MCO/SSR";"Île-de-France";1;1;1;0;0;TRUE;14
708;"highest_in_degree + highest_out_degree + largest_beds + largest_outgoing";"fixed";208;"750100125";"MCO/SSR";"Île-de-France";1;1;1;0;0;TRUE;113
709;"highest_in_degree + highest_out_degree + largest_beds + largest_outgoing";"fixed";209;"750100125";"MCO/SSR";"Île-de-France";2;10;2;0;0;TRUE;43
710;"highest_in_degree + highest_out_degree + largest_beds + largest_outgoing";"fixed";210;"750100125";"MCO/SSR";"Île-de-France";1;1;1;0;0;TRUE;7
711;"highest_in_degree + highest_out_degree + largest_beds + largest_outgoing";"fixed";211;"750100125";"MCO/SSR";"Île-de-France";1;1;1;0;0;TRUE;4
712;"highest_in_degree + highest_out_degree + largest_beds + largest_outgoing";"fixed";212;"750100125";"MCO/SSR";"Île-de-France";1;1;1;0;0;TRUE;31
713;"highest_in_degree + highest_out_degree + largest_beds + largest_outgoing";"fixed";213;"750100125";"MCO/SSR";"Île-de-France";0;1;0;0;0;TRUE;1
714;"highest_in_degree + highest_out_degree + largest_beds + largest_outgoing";"fixed";214;"750100125";"MCO/SSR";"Île-de-France";1;1;1;0;0;TRUE;25
715;"highest_in_degree + highest_out_degree + largest_beds + largest_outgoing";"fixed";215;"750100125";"MCO/SSR";"Île-de-France";1;1;1;0;0;TRUE;25
716;"highest_in_degree + highest_out_degree + largest_beds + largest_outgoing";"fixed";216;"750100125";"MCO/SSR";"Île-de-France";1;1;1;0;0;TRUE;10
717;"highest_in_degree + highest_out_degree + largest_beds + largest_outgoing";"fixed";217;"750100125";"MCO/SSR";"Île-de-France";1;1;1;0;0;TRUE;16
718;"highest_in_degree + highest_out_degree + largest_beds + largest_outgoing";"fixed";218;"750100125";"MCO/SSR";"Île-de-France";0;1;0;0;0;TRUE;1
719;"highest_in_degree + highest_out_degree + largest_beds + largest_outgoing";"fixed";219;"750100125";"MCO/SSR";"Île-de-France";1;1;1;0;0;TRUE;3
720;"highest_in_degree + highest_out_degree + largest_beds + largest_outgoing";"fixed";220;"750100125";"MCO/SSR";"Île-de-France";1;1;1;0;0;TRUE;19
721;"highest_in_degree + highest_out_degree + largest_beds + largest_outgoing";"fixed";221;"750100125";"MCO/SSR";"Île-de-France";0;1;0;0;0;TRUE;1
722;"highest_in_degree + highest_out_degree + largest_beds + largest_outgoing";"fixed";222;"750100125";"MCO/SSR";"Île-de-France";1;1;1;0;0;TRUE;102
723;"highest_in_degree + highest_out_degree + largest_beds + largest_outgoing";"fixed";223;"750100125";"MCO/SSR";"Île-de-France";1;1;1;0;0;TRUE;46
724;"highest_in_degree + highest_out_degree + largest_beds + largest_outgoing";"fixed";224;"750100125";"MCO/SSR";"Île-de-France";2;8;1;0;0;TRUE;49
725;"highest_in_degree + highest_out_degree + largest_beds + largest_outgoing";"fixed";225;"750100125";"MCO/SSR";"Île-de-France";1;1;1;0;0;TRUE;4
726;"highest_in_degree + highest_out_degree + largest_beds + largest_outgoing";"fixed";226;"750100125";"MCO/SSR";"Île-de-France";1;1;1;0;0;TRUE;112
727;"highest_in_degree + highest_out_degree + largest_beds + largest_outgoing";"fixed";227;"750100125";"MCO/SSR";"Île-de-France";1;1;1;0;0;TRUE;18
728;"highest_in_degree + highest_out_degree + largest_beds + largest_outgoing";"fixed";228;"750100125";"MCO/SSR";"Île-de-France";1;1;1;0;0;TRUE;67
729;"highest_in_degree + highest_out_degree + largest_beds + largest_outgoing";"fixed";229;"750100125";"MCO/SSR";"Île-de-France";1;1;1;0;0;TRUE;3
730;"highest_in_degree + highest_out_degree + largest_beds + largest_outgoing";"fixed";230;"750100125";"MCO/SSR";"Île-de-France";1;1;1;0;0;TRUE;8
731;"highest_in_degree + highest_out_degree + largest_beds + largest_outgoing";"fixed";231;"750100125";"MCO/SSR";"Île-de-France";1;1;1;0;0;TRUE;9
732;"highest_in_degree + highest_out_degree + largest_beds + largest_outgoing";"fixed";232;"750100125";"MCO/SSR";"Île-de-France";1;1;1;0;0;TRUE;6
733;"highest_in_degree + highest_out_degree + largest_beds + largest_outgoing";"fixed";233;"750100125";"MCO/SSR";"Île-de-France";1;1;1;0;0;TRUE;8
734;"highest_in_degree + highest_out_degree + largest_beds + largest_outgoing";"fixed";234;"750100125";"MCO/SSR";"Île-de-France";1;1;1;0;0;TRUE;8
735;"highest_in_degree + highest_out_degree + largest_beds + largest_outgoing";"fixed";235;"750100125";"MCO/SSR";"Île-de-France";2;50;2;0;0;TRUE;233
736;"highest_in_degree + highest_out_degree + largest_beds + largest_outgoing";"fixed";236;"750100125";"MCO/SSR";"Île-de-France";1;1;1;0;0;TRUE;6
737;"highest_in_degree + highest_out_degree + largest_beds + largest_outgoing";"fixed";237;"750100125";"MCO/SSR";"Île-de-France";2;8;2;0;0;TRUE;68
738;"highest_in_degree + highest_out_degree + largest_beds + largest_outgoing";"fixed";238;"750100125";"MCO/SSR";"Île-de-France";1;1;1;0;0;TRUE;33
739;"highest_in_degree + highest_out_degree + largest_beds + largest_outgoing";"fixed";239;"750100125";"MCO/SSR";"Île-de-France";1;1;1;0;0;TRUE;15
740;"highest_in_degree + highest_out_degree + largest_beds + largest_outgoing";"fixed";240;"750100125";"MCO/SSR";"Île-de-France";1;1;1;0;0;TRUE;6
741;"highest_in_degree + highest_out_degree + largest_beds + largest_outgoing";"fixed";241;"750100125";"MCO/SSR";"Île-de-France";1;1;1;0;0;TRUE;9
742;"highest_in_degree + highest_out_degree + largest_beds + largest_outgoing";"fixed";242;"750100125";"MCO/SSR";"Île-de-France";1;1;1;0;0;TRUE;2
743;"highest_in_degree + highest_out_degree + largest_beds + largest_outgoing";"fixed";243;"750100125";"MCO/SSR";"Île-de-France";1;1;1;0;0;TRUE;70
744;"highest_in_degree + highest_out_degree + largest_beds + largest_outgoing";"fixed";244;"750100125";"MCO/SSR";"Île-de-France";1;1;1;0;0;TRUE;13
745;"highest_in_degree + highest_out_degree + largest_beds + largest_outgoing";"fixed";245;"750100125";"MCO/SSR";"Île-de-France";1;1;1;0;0;TRUE;6
746;"highest_in_degree + highest_out_degree + largest_beds + largest_outgoing";"fixed";246;"750100125";"MCO/SSR";"Île-de-France";0;1;0;0;0;TRUE;1
747;"highest_in_degree + highest_out_degree + largest_beds + largest_outgoing";"fixed";247;"750100125";"MCO/SSR";"Île-de-France";1;1;1;0;0;TRUE;60
748;"highest_in_degree + highest_out_degree + largest_beds + largest_outgoing";"fixed";248;"750100125";"MCO/SSR";"Île-de-France";1;1;1;0;0;TRUE;30
749;"highest_in_degree + highest_out_degree + largest_beds + largest_outgoing";"fixed";249;"750100125";"MCO/SSR";"Île-de-France";1;1;1;0;0;TRUE;5
750;"highest_in_degree + highest_out_degree + largest_beds + largest_outgoing";"fixed";250;"750100125";"MCO/SSR";"Île-de-France";1;1;1;0;0;TRUE;14
751;"highest_in_degree + highest_out_degree + largest_beds + largest_outgoing";"fixed";251;"750100125";"MCO/SSR";"Île-de-France";1;1;1;0;0;TRUE;38
752;"highest_in_degree + highest_out_degree + largest_beds + largest_outgoing";"fixed";252;"750100125";"MCO/SSR";"Île-de-France";1;1;1;0;0;TRUE;16
753;"highest_in_degree + highest_out_degree + largest_beds + largest_outgoing";"fixed";253;"750100125";"MCO/SSR";"Île-de-France";1;1;1;0;0;TRUE;28
754;"highest_in_degree + highest_out_degree + largest_beds + largest_outgoing";"fixed";254;"750100125";"MCO/SSR";"Île-de-France";1;1;1;0;0;TRUE;81
755;"highest_in_degree + highest_out_degree + largest_beds + largest_outgoing";"fixed";255;"750100125";"MCO/SSR";"Île-de-France";1;1;1;0;0;TRUE;2
756;"highest_in_degree + highest_out_degree + largest_beds + largest_outgoing";"fixed";256;"750100125";"MCO/SSR";"Île-de-France";1;1;1;0;0;TRUE;127
757;"highest_in_degree + highest_out_degree + largest_beds + largest_outgoing";"fixed";257;"750100125";"MCO/SSR";"Île-de-France";2;46;1;0;0;TRUE;74
758;"highest_in_degree + highest_out_degree + largest_beds + largest_outgoing";"fixed";258;"750100125";"MCO/SSR";"Île-de-France";1;1;1;0;0;TRUE;3
759;"highest_in_degree + highest_out_degree + largest_beds + largest_outgoing";"fixed";259;"750100125";"MCO/SSR";"Île-de-France";0;1;0;0;0;TRUE;1
760;"highest_in_degree + highest_out_degree + largest_beds + largest_outgoing";"fixed";260;"750100125";"MCO/SSR";"Île-de-France";1;1;1;0;0;TRUE;10
761;"highest_in_degree + highest_out_degree + largest_beds + largest_outgoing";"fixed";261;"750100125";"MCO/SSR";"Île-de-France";1;1;1;0;0;TRUE;12
762;"highest_in_degree + highest_out_degree + largest_beds + largest_outgoing";"fixed";262;"750100125";"MCO/SSR";"Île-de-France";1;1;1;0;0;TRUE;4
763;"highest_in_degree + highest_out_degree + largest_beds + largest_outgoing";"fixed";263;"750100125";"MCO/SSR";"Île-de-France";1;1;1;0;0;TRUE;16
764;"highest_in_degree + highest_out_degree + largest_beds + largest_outgoing";"fixed";264;"750100125";"MCO/SSR";"Île-de-France";1;1;1;0;0;TRUE;192
765;"highest_in_degree + highest_out_degree + largest_beds + largest_outgoing";"fixed";265;"750100125";"MCO/SSR";"Île-de-France";1;1;1;0;0;TRUE;10
766;"highest_in_degree + highest_out_degree + largest_beds + largest_outgoing";"fixed";266;"750100125";"MCO/SSR";"Île-de-France";2;93;2;0;0;TRUE;138
767;"highest_in_degree + highest_out_degree + largest_beds + largest_outgoing";"fixed";267;"750100125";"MCO/SSR";"Île-de-France";1;1;1;0;0;TRUE;17
768;"highest_in_degree + highest_out_degree + largest_beds + largest_outgoing";"fixed";268;"750100125";"MCO/SSR";"Île-de-France";2;3;2;0;0;TRUE;67
769;"highest_in_degree + highest_out_degree + largest_beds + largest_outgoing";"fixed";269;"750100125";"MCO/SSR";"Île-de-France";1;1;1;0;0;TRUE;73
770;"highest_in_degree + highest_out_degree + largest_beds + largest_outgoing";"fixed";270;"750100125";"MCO/SSR";"Île-de-France";1;1;1;0;0;TRUE;88
771;"highest_in_degree + highest_out_degree + largest_beds + largest_outgoing";"fixed";271;"750100125";"MCO/SSR";"Île-de-France";1;1;1;0;0;TRUE;29
772;"highest_in_degree + highest_out_degree + largest_beds + largest_outgoing";"fixed";272;"750100125";"MCO/SSR";"Île-de-France";1;1;1;0;0;TRUE;6
773;"highest_in_degree + highest_out_degree + largest_beds + largest_outgoing";"fixed";273;"750100125";"MCO/SSR";"Île-de-France";1;1;1;0;0;TRUE;92
774;"highest_in_degree + highest_out_degree + largest_beds + largest_outgoing";"fixed";274;"750100125";"MCO/SSR";"Île-de-France";1;1;1;0;0;TRUE;21
775;"highest_in_degree + highest_out_degree + largest_beds + largest_outgoing";"fixed";275;"750100125";"MCO/SSR";"Île-de-France";1;1;1;0;0;TRUE;7
776;"highest_in_degree + highest_out_degree + largest_beds + largest_outgoing";"fixed";276;"750100125";"MCO/SSR";"Île-de-France";2;111;1;0;0;TRUE;277
777;"highest_in_degree + highest_out_degree + largest_beds + largest_outgoing";"fixed";277;"750100125";"MCO/SSR";"Île-de-France";1;1;1;0;0;TRUE;31
778;"highest_in_degree + highest_out_degree + largest_beds + largest_outgoing";"fixed";278;"750100125";"MCO/SSR";"Île-de-France";1;1;1;0;0;TRUE;31
779;"highest_in_degree + highest_out_degree + largest_beds + largest_outgoing";"fixed";279;"750100125";"MCO/SSR";"Île-de-France";1;1;1;0;0;TRUE;2
780;"highest_in_degree + highest_out_degree + largest_beds + largest_outgoing";"fixed";280;"750100125";"MCO/SSR";"Île-de-France";2;58;2;0;0;TRUE;120
781;"highest_in_degree + highest_out_degree + largest_beds + largest_outgoing";"fixed";281;"750100125";"MCO/SSR";"Île-de-France";1;1;1;0;0;TRUE;7
782;"highest_in_degree + highest_out_degree + largest_beds + largest_outgoing";"fixed";282;"750100125";"MCO/SSR";"Île-de-France";2;17;2;0;0;TRUE;53
783;"highest_in_degree + highest_out_degree + largest_beds + largest_outgoing";"fixed";283;"750100125";"MCO/SSR";"Île-de-France";1;1;1;0;0;TRUE;2
784;"highest_in_degree + highest_out_degree + largest_beds + largest_outgoing";"fixed";284;"750100125";"MCO/SSR";"Île-de-France";1;1;1;0;0;TRUE;3
785;"highest_in_degree + highest_out_degree + largest_beds + largest_outgoing";"fixed";285;"750100125";"MCO/SSR";"Île-de-France";1;1;1;0;0;TRUE;13
786;"highest_in_degree + highest_out_degree + largest_beds + largest_outgoing";"fixed";286;"750100125";"MCO/SSR";"Île-de-France";1;1;1;0;0;TRUE;5
787;"highest_in_degree + highest_out_degree + largest_beds + largest_outgoing";"fixed";287;"750100125";"MCO/SSR";"Île-de-France";1;1;1;0;0;TRUE;27
788;"highest_in_degree + highest_out_degree + largest_beds + largest_outgoing";"fixed";288;"750100125";"MCO/SSR";"Île-de-France";1;1;1;0;0;TRUE;90
789;"highest_in_degree + highest_out_degree + largest_beds + largest_outgoing";"fixed";289;"750100125";"MCO/SSR";"Île-de-France";1;1;1;0;0;TRUE;27
790;"highest_in_degree + highest_out_degree + largest_beds + largest_outgoing";"fixed";290;"750100125";"MCO/SSR";"Île-de-France";1;1;1;0;0;TRUE;25
791;"highest_in_degree + highest_out_degree + largest_beds + largest_outgoing";"fixed";291;"750100125";"MCO/SSR";"Île-de-France";2;116;1;0;0;TRUE;184
792;"highest_in_degree + highest_out_degree + largest_beds + largest_outgoing";"fixed";292;"750100125";"MCO/SSR";"Île-de-France";1;1;1;0;0;TRUE;11
793;"highest_in_degree + highest_out_degree + largest_beds + largest_outgoing";"fixed";293;"750100125";"MCO/SSR";"Île-de-France";1;1;1;0;0;TRUE;76
794;"highest_in_degree + highest_out_degree + largest_beds + largest_outgoing";"fixed";294;"750100125";"MCO/SSR";"Île-de-France";1;1;1;0;0;TRUE;40
795;"highest_in_degree + highest_out_degree + largest_beds + largest_outgoing";"fixed";295;"750100125";"MCO/SSR";"Île-de-France";1;1;1;0;0;TRUE;168
796;"highest_in_degree + highest_out_degree + largest_beds + largest_outgoing";"fixed";296;"750100125";"MCO/SSR";"Île-de-France";1;1;1;0;0;TRUE;2
797;"highest_in_degree + highest_out_degree + largest_beds + largest_outgoing";"fixed";297;"750100125";"MCO/SSR";"Île-de-France";1;1;1;0;0;TRUE;11
798;"highest_in_degree + highest_out_degree + largest_beds + largest_outgoing";"fixed";298;"750100125";"MCO/SSR";"Île-de-France";1;1;1;0;0;TRUE;11
799;"highest_in_degree + highest_out_degree + largest_beds + largest_outgoing";"fixed";299;"750100125";"MCO/SSR";"Île-de-France";1;1;1;0;0;TRUE;68
800;"highest_in_degree + highest_out_degree + largest_beds + largest_outgoing";"fixed";300;"750100125";"MCO/SSR";"Île-de-France";1;1;1;0;0;TRUE;45
801;"highest_in_degree + highest_out_degree + largest_beds + largest_outgoing";"fixed";301;"750100125";"MCO/SSR";"Île-de-France";1;1;1;0;0;TRUE;45
802;"highest_in_degree + highest_out_degree + largest_beds + largest_outgoing";"fixed";302;"750100125";"MCO/SSR";"Île-de-France";1;1;1;0;0;TRUE;9
803;"highest_in_degree + highest_out_degree + largest_beds + largest_outgoing";"fixed";303;"750100125";"MCO/SSR";"Île-de-France";1;1;1;0;0;TRUE;22
804;"highest_in_degree + highest_out_degree + largest_beds + largest_outgoing";"fixed";304;"750100125";"MCO/SSR";"Île-de-France";1;1;1;0;0;TRUE;18
805;"highest_in_degree + highest_out_degree + largest_beds + largest_outgoing";"fixed";305;"750100125";"MCO/SSR";"Île-de-France";1;1;1;0;0;TRUE;2
806;"highest_in_degree + highest_out_degree + largest_beds + largest_outgoing";"fixed";306;"750100125";"MCO/SSR";"Île-de-France";1;1;1;0;0;TRUE;17
807;"highest_in_degree + highest_out_degree + largest_beds + largest_outgoing";"fixed";307;"750100125";"MCO/SSR";"Île-de-France";1;1;1;0;0;TRUE;56
808;"highest_in_degree + highest_out_degree + largest_beds + largest_outgoing";"fixed";308;"750100125";"MCO/SSR";"Île-de-France";1;1;1;0;0;TRUE;99
809;"highest_in_degree + highest_out_degree + largest_beds + largest_outgoing";"fixed";309;"750100125";"MCO/SSR";"Île-de-France";1;1;1;0;0;TRUE;61
810;"highest_in_degree + highest_out_degree + largest_beds + largest_outgoing";"fixed";310;"750100125";"MCO/SSR";"Île-de-France";1;1;1;0;0;TRUE;2
811;"highest_in_degree + highest_out_degree + largest_beds + largest_outgoing";"fixed";311;"750100125";"MCO/SSR";"Île-de-France";1;1;1;0;0;TRUE;7
812;"highest_in_degree + highest_out_degree + largest_beds + largest_outgoing";"fixed";312;"750100125";"MCO/SSR";"Île-de-France";1;1;1;0;0;TRUE;12
813;"highest_in_degree + highest_out_degree + largest_beds + largest_outgoing";"fixed";313;"750100125";"MCO/SSR";"Île-de-France";1;1;1;0;0;TRUE;17
814;"highest_in_degree + highest_out_degree + largest_beds + largest_outgoing";"fixed";314;"750100125";"MCO/SSR";"Île-de-France";2;4;2;0;0;TRUE;64
815;"highest_in_degree + highest_out_degree + largest_beds + largest_outgoing";"fixed";315;"750100125";"MCO/SSR";"Île-de-France";0;1;0;0;0;TRUE;1
816;"highest_in_degree + highest_out_degree + largest_beds + largest_outgoing";"fixed";316;"750100125";"MCO/SSR";"Île-de-France";1;1;1;0;0;TRUE;9
817;"highest_in_degree + highest_out_degree + largest_beds + largest_outgoing";"fixed";317;"750100125";"MCO/SSR";"Île-de-France";1;1;1;0;0;TRUE;11
818;"highest_in_degree + highest_out_degree + largest_beds + largest_outgoing";"fixed";318;"750100125";"MCO/SSR";"Île-de-France";0;1;0;0;0;TRUE;1
819;"highest_in_degree + highest_out_degree + largest_beds + largest_outgoing";"fixed";319;"750100125";"MCO/SSR";"Île-de-France";0;1;0;0;0;TRUE;1
820;"highest_in_degree + highest_out_degree + largest_beds + largest_outgoing";"fixed";320;"750100125";"MCO/SSR";"Île-de-France";0;1;0;0;0;TRUE;1
821;"highest_in_degree + highest_out_degree + largest_beds + largest_outgoing";"fixed";321;"750100125";"MCO/SSR";"Île-de-France";1;1;1;0;0;TRUE;6
822;"highest_in_degree + highest_out_degree + largest_beds + largest_outgoing";"fixed";322;"750100125";"MCO/SSR";"Île-de-France";1;1;1;0;0;TRUE;23
823;"highest_in_degree + highest_out_degree + largest_beds + largest_outgoing";"fixed";323;"750100125";"MCO/SSR";"Île-de-France";1;1;1;0;0;TRUE;53
824;"highest_in_degree + highest_out_degree + largest_beds + largest_outgoing";"fixed";324;"750100125";"MCO/SSR";"Île-de-France";1;1;1;0;0;TRUE;21
825;"highest_in_degree + highest_out_degree + largest_beds + largest_outgoing";"fixed";325;"750100125";"MCO/SSR";"Île-de-France";1;1;1;0;0;TRUE;4
826;"highest_in_degree + highest_out_degree + largest_beds + largest_outgoing";"fixed";326;"750100125";"MCO/SSR";"Île-de-France";4;32;3;0;0;TRUE;77
827;"highest_in_degree + highest_out_degree + largest_beds + largest_outgoing";"fixed";327;"750100125";"MCO/SSR";"Île-de-France";1;1;1;0;0;TRUE;15
828;"highest_in_degree + highest_out_degree + largest_beds + largest_outgoing";"fixed";328;"750100125";"MCO/SSR";"Île-de-France";1;1;1;0;0;TRUE;38
829;"highest_in_degree + highest_out_degree + largest_beds + largest_outgoing";"fixed";329;"750100125";"MCO/SSR";"Île-de-France";1;1;1;0;0;TRUE;49
830;"highest_in_degree + highest_out_degree + largest_beds + largest_outgoing";"fixed";330;"750100125";"MCO/SSR";"Île-de-France";1;1;1;0;0;TRUE;8
831;"highest_in_degree + highest_out_degree + largest_beds + largest_outgoing";"fixed";331;"750100125";"MCO/SSR";"Île-de-France";1;1;1;0;0;TRUE;38
832;"highest_in_degree + highest_out_degree + largest_beds + largest_outgoing";"fixed";332;"750100125";"MCO/SSR";"Île-de-France";1;1;1;0;0;TRUE;13
833;"highest_in_degree + highest_out_degree + largest_beds + largest_outgoing";"fixed";333;"750100125";"MCO/SSR";"Île-de-France";1;1;1;0;0;TRUE;16
834;"highest_in_degree + highest_out_degree + largest_beds + largest_outgoing";"fixed";334;"750100125";"MCO/SSR";"Île-de-France";1;1;1;0;0;TRUE;6
835;"highest_in_degree + highest_out_degree + largest_beds + largest_outgoing";"fixed";335;"750100125";"MCO/SSR";"Île-de-France";1;1;1;0;0;TRUE;114
836;"highest_in_degree + highest_out_degree + largest_beds + largest_outgoing";"fixed";336;"750100125";"MCO/SSR";"Île-de-France";1;1;1;0;0;TRUE;4
837;"highest_in_degree + highest_out_degree + largest_beds + largest_outgoing";"fixed";337;"750100125";"MCO/SSR";"Île-de-France";1;1;1;0;0;TRUE;31
838;"highest_in_degree + highest_out_degree + largest_beds + largest_outgoing";"fixed";338;"750100125";"MCO/SSR";"Île-de-France";1;1;1;0;0;TRUE;18
839;"highest_in_degree + highest_out_degree + largest_beds + largest_outgoing";"fixed";339;"750100125";"MCO/SSR";"Île-de-France";1;1;1;0;0;TRUE;107
840;"highest_in_degree + highest_out_degree + largest_beds + largest_outgoing";"fixed";340;"750100125";"MCO/SSR";"Île-de-France";1;1;1;0;0;TRUE;10
841;"highest_in_degree + highest_out_degree + largest_beds + largest_outgoing";"fixed";341;"750100125";"MCO/SSR";"Île-de-France";4;90;3;0;0;TRUE;137
842;"highest_in_degree + highest_out_degree + largest_beds + largest_outgoing";"fixed";342;"750100125";"MCO/SSR";"Île-de-France";1;1;1;0;0;TRUE;97
843;"highest_in_degree + highest_out_degree + largest_beds + largest_outgoing";"fixed";343;"750100125";"MCO/SSR";"Île-de-France";1;1;1;0;0;TRUE;16
844;"highest_in_degree + highest_out_degree + largest_beds + largest_outgoing";"fixed";344;"750100125";"MCO/SSR";"Île-de-France";0;1;0;0;0;TRUE;1
845;"highest_in_degree + highest_out_degree + largest_beds + largest_outgoing";"fixed";345;"750100125";"MCO/SSR";"Île-de-France";1;1;1;0;0;TRUE;6
846;"highest_in_degree + highest_out_degree + largest_beds + largest_outgoing";"fixed";346;"750100125";"MCO/SSR";"Île-de-France";1;1;1;0;0;TRUE;6
847;"highest_in_degree + highest_out_degree + largest_beds + largest_outgoing";"fixed";347;"750100125";"MCO/SSR";"Île-de-France";1;1;1;0;0;TRUE;22
848;"highest_in_degree + highest_out_degree + largest_beds + largest_outgoing";"fixed";348;"750100125";"MCO/SSR";"Île-de-France";1;1;1;0;0;TRUE;12
849;"highest_in_degree + highest_out_degree + largest_beds + largest_outgoing";"fixed";349;"750100125";"MCO/SSR";"Île-de-France";1;1;1;0;0;TRUE;7
850;"highest_in_degree + highest_out_degree + largest_beds + largest_outgoing";"fixed";350;"750100125";"MCO/SSR";"Île-de-France";1;1;1;0;0;TRUE;11
851;"highest_in_degree + highest_out_degree + largest_beds + largest_outgoing";"fixed";351;"750100125";"MCO/SSR";"Île-de-France";1;1;1;0;0;TRUE;4
852;"highest_in_degree + highest_out_degree + largest_beds + largest_outgoing";"fixed";352;"750100125";"MCO/SSR";"Île-de-France";2;32;1;0;0;TRUE;123
853;"highest_in_degree + highest_out_degree + largest_beds + largest_outgoing";"fixed";353;"750100125";"MCO/SSR";"Île-de-France";1;1;1;0;0;TRUE;100
854;"highest_in_degree + highest_out_degree + largest_beds + largest_outgoing";"fixed";354;"750100125";"MCO/SSR";"Île-de-France";1;1;1;0;0;TRUE;37
855;"highest_in_degree + highest_out_degree + largest_beds + largest_outgoing";"fixed";355;"750100125";"MCO/SSR";"Île-de-France";0;1;0;0;0;TRUE;1
856;"highest_in_degree + highest_out_degree + largest_beds + largest_outgoing";"fixed";356;"750100125";"MCO/SSR";"Île-de-France";1;1;1;0;0;TRUE;32
857;"highest_in_degree + highest_out_degree + largest_beds + largest_outgoing";"fixed";357;"750100125";"MCO/SSR";"Île-de-France";1;1;1;0;0;TRUE;8
858;"highest_in_degree + highest_out_degree + largest_beds + largest_outgoing";"fixed";358;"750100125";"MCO/SSR";"Île-de-France";0;1;0;0;0;TRUE;1
859;"highest_in_degree + highest_out_degree + largest_beds + largest_outgoing";"fixed";359;"750100125";"MCO/SSR";"Île-de-France";1;1;1;0;0;TRUE;107
860;"highest_in_degree + highest_out_degree + largest_beds + largest_outgoing";"fixed";360;"750100125";"MCO/SSR";"Île-de-France";1;1;1;0;0;TRUE;8
861;"highest_in_degree + highest_out_degree + largest_beds + largest_outgoing";"fixed";361;"750100125";"MCO/SSR";"Île-de-France";1;1;1;0;0;TRUE;5
862;"highest_in_degree + highest_out_degree + largest_beds + largest_outgoing";"fixed";362;"750100125";"MCO/SSR";"Île-de-France";1;1;1;0;0;TRUE;2
863;"highest_in_degree + highest_out_degree + largest_beds + largest_outgoing";"fixed";363;"750100125";"MCO/SSR";"Île-de-France";1;1;1;0;0;TRUE;66
864;"highest_in_degree + highest_out_degree + largest_beds + largest_outgoing";"fixed";364;"750100125";"MCO/SSR";"Île-de-France";1;1;1;0;0;TRUE;7
865;"highest_in_degree + highest_out_degree + largest_beds + largest_outgoing";"fixed";365;"750100125";"MCO/SSR";"Île-de-France";1;1;1;0;0;TRUE;6
866;"highest_in_degree + highest_out_degree + largest_beds + largest_outgoing";"fixed";366;"750100125";"MCO/SSR";"Île-de-France";0;1;0;0;0;TRUE;1
867;"highest_in_degree + highest_out_degree + largest_beds + largest_outgoing";"fixed";367;"750100125";"MCO/SSR";"Île-de-France";1;1;1;0;0;TRUE;42
868;"highest_in_degree + highest_out_degree + largest_beds + largest_outgoing";"fixed";368;"750100125";"MCO/SSR";"Île-de-France";1;1;1;0;0;TRUE;15
869;"highest_in_degree + highest_out_degree + largest_beds + largest_outgoing";"fixed";369;"750100125";"MCO/SSR";"Île-de-France";1;1;1;0;0;TRUE;95
870;"highest_in_degree + highest_out_degree + largest_beds + largest_outgoing";"fixed";370;"750100125";"MCO/SSR";"Île-de-France";1;1;1;0;0;TRUE;43
871;"highest_in_degree + highest_out_degree + largest_beds + largest_outgoing";"fixed";371;"750100125";"MCO/SSR";"Île-de-France";1;1;1;0;0;TRUE;9
872;"highest_in_degree + highest_out_degree + largest_beds + largest_outgoing";"fixed";372;"750100125";"MCO/SSR";"Île-de-France";1;1;1;0;0;TRUE;8
873;"highest_in_degree + highest_out_degree + largest_beds + largest_outgoing";"fixed";373;"750100125";"MCO/SSR";"Île-de-France";1;1;1;0;0;TRUE;7
874;"highest_in_degree + highest_out_degree + largest_beds + largest_outgoing";"fixed";374;"750100125";"MCO/SSR";"Île-de-France";1;1;1;0;0;TRUE;8
875;"highest_in_degree + highest_out_degree + largest_beds + largest_outgoing";"fixed";375;"750100125";"MCO/SSR";"Île-de-France";1;1;1;0;0;TRUE;12
876;"highest_in_degree + highest_out_degree + largest_beds + largest_outgoing";"fixed";376;"750100125";"MCO/SSR";"Île-de-France";1;1;1;0;0;TRUE;15
877;"highest_in_degree + highest_out_degree + largest_beds + largest_outgoing";"fixed";377;"750100125";"MCO/SSR";"Île-de-France";2;33;2;0;0;TRUE;210
878;"highest_in_degree + highest_out_degree + largest_beds + largest_outgoing";"fixed";378;"750100125";"MCO/SSR";"Île-de-France";0;1;0;0;0;TRUE;1
879;"highest_in_degree + highest_out_degree + largest_beds + largest_outgoing";"fixed";379;"750100125";"MCO/SSR";"Île-de-France";1;1;1;0;0;TRUE;13
880;"highest_in_degree + highest_out_degree + largest_beds + largest_outgoing";"fixed";380;"750100125";"MCO/SSR";"Île-de-France";1;1;1;0;0;TRUE;10
881;"highest_in_degree + highest_out_degree + largest_beds + largest_outgoing";"fixed";381;"750100125";"MCO/SSR";"Île-de-France";1;1;1;0;0;TRUE;24
882;"highest_in_degree + highest_out_degree + largest_beds + largest_outgoing";"fixed";382;"750100125";"MCO/SSR";"Île-de-France";1;1;1;0;0;TRUE;16
883;"highest_in_degree + highest_out_degree + largest_beds + largest_outgoing";"fixed";383;"750100125";"MCO/SSR";"Île-de-France";1;1;1;0;0;TRUE;2
884;"highest_in_degree + highest_out_degree + largest_beds + largest_outgoing";"fixed";384;"750100125";"MCO/SSR";"Île-de-France";1;1;1;0;0;TRUE;17
885;"highest_in_degree + highest_out_degree + largest_beds + largest_outgoing";"fixed";385;"750100125";"MCO/SSR";"Île-de-France";1;1;1;0;0;TRUE;11
886;"highest_in_degree + highest_out_degree + largest_beds + largest_outgoing";"fixed";386;"750100125";"MCO/SSR";"Île-de-France";1;1;1;0;0;TRUE;46
887;"highest_in_degree + highest_out_degree + largest_beds + largest_outgoing";"fixed";387;"750100125";"MCO/SSR";"Île-de-France";1;1;1;0;0;TRUE;72
888;"highest_in_degree + highest_out_degree + largest_beds + largest_outgoing";"fixed";388;"750100125";"MCO/SSR";"Île-de-France";0;1;0;0;0;TRUE;1
889;"highest_in_degree + highest_out_degree + largest_beds + largest_outgoing";"fixed";389;"750100125";"MCO/SSR";"Île-de-France";1;1;1;0;0;TRUE;18
890;"highest_in_degree + highest_out_degree + largest_beds + largest_outgoing";"fixed";390;"750100125";"MCO/SSR";"Île-de-France";1;1;1;0;0;TRUE;14
891;"highest_in_degree + highest_out_degree + largest_beds + largest_outgoing";"fixed";391;"750100125";"MCO/SSR";"Île-de-France";1;1;1;0;0;TRUE;63
892;"highest_in_degree + highest_out_degree + largest_beds + largest_outgoing";"fixed";392;"750100125";"MCO/SSR";"Île-de-France";1;1;1;0;0;TRUE;21
893;"highest_in_degree + highest_out_degree + largest_beds + largest_outgoing";"fixed";393;"750100125";"MCO/SSR";"Île-de-France";1;1;1;0;0;TRUE;2
894;"highest_in_degree + highest_out_degree + largest_beds + largest_outgoing";"fixed";394;"750100125";"MCO/SSR";"Île-de-France";1;1;1;0;0;TRUE;132
895;"highest_in_degree + highest_out_degree + largest_beds + largest_outgoing";"fixed";395;"750100125";"MCO/SSR";"Île-de-France";1;1;1;0;0;TRUE;10
896;"highest_in_degree + highest_out_degree + largest_beds + largest_outgoing";"fixed";396;"750100125";"MCO/SSR";"Île-de-France";3;38;2;0;0;TRUE;45
897;"highest_in_degree + highest_out_degree + largest_beds + largest_outgoing";"fixed";397;"750100125";"MCO/SSR";"Île-de-France";1;1;1;0;0;TRUE;4
898;"highest_in_degree + highest_out_degree + largest_beds + largest_outgoing";"fixed";398;"750100125";"MCO/SSR";"Île-de-France";1;1;1;0;0;TRUE;25
899;"highest_in_degree + highest_out_degree + largest_beds + largest_outgoing";"fixed";399;"750100125";"MCO/SSR";"Île-de-France";2;6;2;0;0;TRUE;36
900;"highest_in_degree + highest_out_degree + largest_beds + largest_outgoing";"fixed";400;"750100125";"MCO/SSR";"Île-de-France";1;1;1;0;0;TRUE;72
901;"highest_in_degree + highest_out_degree + largest_beds + largest_outgoing";"fixed";401;"750100125";"MCO/SSR";"Île-de-France";1;1;1;0;0;TRUE;35
902;"highest_in_degree + highest_out_degree + largest_beds + largest_outgoing";"fixed";402;"750100125";"MCO/SSR";"Île-de-France";1;1;1;0;0;TRUE;41
903;"highest_in_degree + highest_out_degree + largest_beds + largest_outgoing";"fixed";403;"750100125";"MCO/SSR";"Île-de-France";1;1;1;0;0;TRUE;52
904;"highest_in_degree + highest_out_degree + largest_beds + largest_outgoing";"fixed";404;"750100125";"MCO/SSR";"Île-de-France";1;1;1;0;0;TRUE;29
905;"highest_in_degree + highest_out_degree + largest_beds + largest_outgoing";"fixed";405;"750100125";"MCO/SSR";"Île-de-France";1;1;1;0;0;TRUE;12
906;"highest_in_degree + highest_out_degree + largest_beds + largest_outgoing";"fixed";406;"750100125";"MCO/SSR";"Île-de-France";2;45;2;0;0;TRUE;160
907;"highest_in_degree + highest_out_degree + largest_beds + largest_outgoing";"fixed";407;"750100125";"MCO/SSR";"Île-de-France";1;1;1;0;0;TRUE;2
908;"highest_in_degree + highest_out_degree + largest_beds + largest_outgoing";"fixed";408;"750100125";"MCO/SSR";"Île-de-France";1;1;1;0;0;TRUE;6
909;"highest_in_degree + highest_out_degree + largest_beds + largest_outgoing";"fixed";409;"750100125";"MCO/SSR";"Île-de-France";1;1;1;0;0;TRUE;4
910;"highest_in_degree + highest_out_degree + largest_beds + largest_outgoing";"fixed";410;"750100125";"MCO/SSR";"Île-de-France";1;1;1;0;0;TRUE;20
911;"highest_in_degree + highest_out_degree + largest_beds + largest_outgoing";"fixed";411;"750100125";"MCO/SSR";"Île-de-France";0;1;0;0;0;TRUE;1
912;"highest_in_degree + highest_out_degree + largest_beds + largest_outgoing";"fixed";412;"750100125";"MCO/SSR";"Île-de-France";1;1;1;0;0;TRUE;16
913;"highest_in_degree + highest_out_degree + largest_beds + largest_outgoing";"fixed";413;"750100125";"MCO/SSR";"Île-de-France";1;1;1;0;0;TRUE;7
914;"highest_in_degree + highest_out_degree + largest_beds + largest_outgoing";"fixed";414;"750100125";"MCO/SSR";"Île-de-France";1;1;1;0;0;TRUE;31
915;"highest_in_degree + highest_out_degree + largest_beds + largest_outgoing";"fixed";415;"750100125";"MCO/SSR";"Île-de-France";1;1;1;0;0;TRUE;4
916;"highest_in_degree + highest_out_degree + largest_beds + largest_outgoing";"fixed";416;"750100125";"MCO/SSR";"Île-de-France";1;1;1;0;0;TRUE;12
917;"highest_in_degree + highest_out_degree + largest_beds + largest_outgoing";"fixed";417;"750100125";"MCO/SSR";"Île-de-France";1;1;1;0;0;TRUE;10
918;"highest_in_degree + highest_out_degree + largest_beds + largest_outgoing";"fixed";418;"750100125";"MCO/SSR";"Île-de-France";1;1;1;0;0;TRUE;9
919;"highest_in_degree + highest_out_degree + largest_beds + largest_outgoing";"fixed";419;"750100125";"MCO/SSR";"Île-de-France";1;1;1;0;0;TRUE;12
920;"highest_in_degree + highest_out_degree + largest_beds + largest_outgoing";"fixed";420;"750100125";"MCO/SSR";"Île-de-France";1;1;1;0;0;TRUE;12
921;"highest_in_degree + highest_out_degree + largest_beds + largest_outgoing";"fixed";421;"750100125";"MCO/SSR";"Île-de-France";1;1;1;0;0;TRUE;5
922;"highest_in_degree + highest_out_degree + largest_beds + largest_outgoing";"fixed";422;"750100125";"MCO/SSR";"Île-de-France";1;1;1;0;0;TRUE;2
923;"highest_in_degree + highest_out_degree + largest_beds + largest_outgoing";"fixed";423;"750100125";"MCO/SSR";"Île-de-France";1;1;1;0;0;TRUE;144
924;"highest_in_degree + highest_out_degree + largest_beds + largest_outgoing";"fixed";424;"750100125";"MCO/SSR";"Île-de-France";1;1;1;0;0;TRUE;3
925;"highest_in_degree + highest_out_degree + largest_beds + largest_outgoing";"fixed";425;"750100125";"MCO/SSR";"Île-de-France";1;1;1;0;0;TRUE;31
926;"highest_in_degree + highest_out_degree + largest_beds + largest_outgoing";"fixed";426;"750100125";"MCO/SSR";"Île-de-France";1;1;1;0;0;TRUE;2
927;"highest_in_degree + highest_out_degree + largest_beds + largest_outgoing";"fixed";427;"750100125";"MCO/SSR";"Île-de-France";1;1;1;0;0;TRUE;2
928;"highest_in_degree + highest_out_degree + largest_beds + largest_outgoing";"fixed";428;"750100125";"MCO/SSR";"Île-de-France";1;1;1;0;0;TRUE;19
929;"highest_in_degree + highest_out_degree + largest_beds + largest_outgoing";"fixed";429;"750100125";"MCO/SSR";"Île-de-France";1;1;1;0;0;TRUE;11
930;"highest_in_degree + highest_out_degree + largest_beds + largest_outgoing";"fixed";430;"750100125";"MCO/SSR";"Île-de-France";1;1;1;0;0;TRUE;30
931;"highest_in_degree + highest_out_degree + largest_beds + largest_outgoing";"fixed";431;"750100125";"MCO/SSR";"Île-de-France";1;1;1;0;0;TRUE;6
932;"highest_in_degree + highest_out_degree + largest_beds + largest_outgoing";"fixed";432;"750100125";"MCO/SSR";"Île-de-France";1;1;1;0;0;TRUE;3
933;"highest_in_degree + highest_out_degree + largest_beds + largest_outgoing";"fixed";433;"750100125";"MCO/SSR";"Île-de-France";1;1;1;0;0;TRUE;27
934;"highest_in_degree + highest_out_degree + largest_beds + largest_outgoing";"fixed";434;"750100125";"MCO/SSR";"Île-de-France";1;1;1;0;0;TRUE;3
935;"highest_in_degree + highest_out_degree + largest_beds + largest_outgoing";"fixed";435;"750100125";"MCO/SSR";"Île-de-France";1;1;1;0;0;TRUE;120
936;"highest_in_degree + highest_out_degree + largest_beds + largest_outgoing";"fixed";436;"750100125";"MCO/SSR";"Île-de-France";1;1;1;0;0;TRUE;33
937;"highest_in_degree + highest_out_degree + largest_beds + largest_outgoing";"fixed";437;"750100125";"MCO/SSR";"Île-de-France";1;1;1;0;0;TRUE;32
938;"highest_in_degree + highest_out_degree + largest_beds + largest_outgoing";"fixed";438;"750100125";"MCO/SSR";"Île-de-France";1;1;1;0;0;TRUE;5
939;"highest_in_degree + highest_out_degree + largest_beds + largest_outgoing";"fixed";439;"750100125";"MCO/SSR";"Île-de-France";1;1;1;0;0;TRUE;5
940;"highest_in_degree + highest_out_degree + largest_beds + largest_outgoing";"fixed";440;"750100125";"MCO/SSR";"Île-de-France";1;1;1;0;0;TRUE;59
941;"highest_in_degree + highest_out_degree + largest_beds + largest_outgoing";"fixed";441;"750100125";"MCO/SSR";"Île-de-France";1;1;1;0;0;TRUE;10
942;"highest_in_degree + highest_out_degree + largest_beds + largest_outgoing";"fixed";442;"750100125";"MCO/SSR";"Île-de-France";1;1;1;0;0;TRUE;7
943;"highest_in_degree + highest_out_degree + largest_beds + largest_outgoing";"fixed";443;"750100125";"MCO/SSR";"Île-de-France";0;1;0;0;0;TRUE;1
944;"highest_in_degree + highest_out_degree + largest_beds + largest_outgoing";"fixed";444;"750100125";"MCO/SSR";"Île-de-France";1;1;1;0;0;TRUE;15
945;"highest_in_degree + highest_out_degree + largest_beds + largest_outgoing";"fixed";445;"750100125";"MCO/SSR";"Île-de-France";1;1;1;0;0;TRUE;9
946;"highest_in_degree + highest_out_degree + largest_beds + largest_outgoing";"fixed";446;"750100125";"MCO/SSR";"Île-de-France";1;1;1;0;0;TRUE;31
947;"highest_in_degree + highest_out_degree + largest_beds + largest_outgoing";"fixed";447;"750100125";"MCO/SSR";"Île-de-France";1;1;1;0;0;TRUE;4
948;"highest_in_degree + highest_out_degree + largest_beds + largest_outgoing";"fixed";448;"750100125";"MCO/SSR";"Île-de-France";1;1;1;0;0;TRUE;47
949;"highest_in_degree + highest_out_degree + largest_beds + largest_outgoing";"fixed";449;"750100125";"MCO/SSR";"Île-de-France";1;1;1;0;0;TRUE;9
950;"highest_in_degree + highest_out_degree + largest_beds + largest_outgoing";"fixed";450;"750100125";"MCO/SSR";"Île-de-France";1;1;1;0;0;TRUE;12
951;"highest_in_degree + highest_out_degree + largest_beds + largest_outgoing";"fixed";451;"750100125";"MCO/SSR";"Île-de-France";1;1;1;0;0;TRUE;4
952;"highest_in_degree + highest_out_degree + largest_beds + largest_outgoing";"fixed";452;"750100125";"MCO/SSR";"Île-de-France";1;1;1;0;0;TRUE;5
953;"highest_in_degree + highest_out_degree + largest_beds + largest_outgoing";"fixed";453;"750100125";"MCO/SSR";"Île-de-France";0;1;0;0;0;TRUE;1
954;"highest_in_degree + highest_out_degree + largest_beds + largest_outgoing";"fixed";454;"750100125";"MCO/SSR";"Île-de-France";1;1;1;0;0;TRUE;5
955;"highest_in_degree + highest_out_degree + largest_beds + largest_outgoing";"fixed";455;"750100125";"MCO/SSR";"Île-de-France";1;1;1;0;0;TRUE;12
956;"highest_in_degree + highest_out_degree + largest_beds + largest_outgoing";"fixed";456;"750100125";"MCO/SSR";"Île-de-France";1;1;1;0;0;TRUE;4
957;"highest_in_degree + highest_out_degree + largest_beds + largest_outgoing";"fixed";457;"750100125";"MCO/SSR";"Île-de-France";2;7;1;0;0;TRUE;90
958;"highest_in_degree + highest_out_degree + largest_beds + largest_outgoing";"fixed";458;"750100125";"MCO/SSR";"Île-de-France";2;61;2;0;0;TRUE;276
959;"highest_in_degree + highest_out_degree + largest_beds + largest_outgoing";"fixed";459;"750100125";"MCO/SSR";"Île-de-France";1;1;1;0;0;TRUE;3
960;"highest_in_degree + highest_out_degree + largest_beds + largest_outgoing";"fixed";460;"750100125";"MCO/SSR";"Île-de-France";1;1;1;0;0;TRUE;2
961;"highest_in_degree + highest_out_degree + largest_beds + largest_outgoing";"fixed";461;"750100125";"MCO/SSR";"Île-de-France";1;1;1;0;0;TRUE;31
962;"highest_in_degree + highest_out_degree + largest_beds + largest_outgoing";"fixed";462;"750100125";"MCO/SSR";"Île-de-France";1;1;1;0;0;TRUE;55
963;"highest_in_degree + highest_out_degree + largest_beds + largest_outgoing";"fixed";463;"750100125";"MCO/SSR";"Île-de-France";1;1;1;0;0;TRUE;6
964;"highest_in_degree + highest_out_degree + largest_beds + largest_outgoing";"fixed";464;"750100125";"MCO/SSR";"Île-de-France";1;1;1;0;0;TRUE;11
965;"highest_in_degree + highest_out_degree + largest_beds + largest_outgoing";"fixed";465;"750100125";"MCO/SSR";"Île-de-France";1;1;1;0;0;TRUE;41
966;"highest_in_degree + highest_out_degree + largest_beds + largest_outgoing";"fixed";466;"750100125";"MCO/SSR";"Île-de-France";2;116;1;0;0;TRUE;188
967;"highest_in_degree + highest_out_degree + largest_beds + largest_outgoing";"fixed";467;"750100125";"MCO/SSR";"Île-de-France";1;1;1;0;0;TRUE;7
968;"highest_in_degree + highest_out_degree + largest_beds + largest_outgoing";"fixed";468;"750100125";"MCO/SSR";"Île-de-France";2;3;1;0;0;TRUE;7
969;"highest_in_degree + highest_out_degree + largest_beds + largest_outgoing";"fixed";469;"750100125";"MCO/SSR";"Île-de-France";1;1;1;0;0;TRUE;3
970;"highest_in_degree + highest_out_degree + largest_beds + largest_outgoing";"fixed";470;"750100125";"MCO/SSR";"Île-de-France";1;1;1;0;0;TRUE;11
971;"highest_in_degree + highest_out_degree + largest_beds + largest_outgoing";"fixed";471;"750100125";"MCO/SSR";"Île-de-France";1;1;1;0;0;TRUE;12
972;"highest_in_degree + highest_out_degree + largest_beds + largest_outgoing";"fixed";472;"750100125";"MCO/SSR";"Île-de-France";1;1;1;0;0;TRUE;80
973;"highest_in_degree + highest_out_degree + largest_beds + largest_outgoing";"fixed";473;"750100125";"MCO/SSR";"Île-de-France";1;1;1;0;0;TRUE;41
974;"highest_in_degree + highest_out_degree + largest_beds + largest_outgoing";"fixed";474;"750100125";"MCO/SSR";"Île-de-France";1;1;1;0;0;TRUE;17
975;"highest_in_degree + highest_out_degree + largest_beds + largest_outgoing";"fixed";475;"750100125";"MCO/SSR";"Île-de-France";1;1;1;0;0;TRUE;37
976;"highest_in_degree + highest_out_degree + largest_beds + largest_outgoing";"fixed";476;"750100125";"MCO/SSR";"Île-de-France";1;1;1;0;0;TRUE;34
977;"highest_in_degree + highest_out_degree + largest_beds + largest_outgoing";"fixed";477;"750100125";"MCO/SSR";"Île-de-France";1;1;1;0;0;TRUE;23
978;"highest_in_degree + highest_out_degree + largest_beds + largest_outgoing";"fixed";478;"750100125";"MCO/SSR";"Île-de-France";1;1;1;0;0;TRUE;6
979;"highest_in_degree + highest_out_degree + largest_beds + largest_outgoing";"fixed";479;"750100125";"MCO/SSR";"Île-de-France";1;1;1;0;0;TRUE;23
980;"highest_in_degree + highest_out_degree + largest_beds + largest_outgoing";"fixed";480;"750100125";"MCO/SSR";"Île-de-France";0;1;0;0;0;TRUE;1
981;"highest_in_degree + highest_out_degree + largest_beds + largest_outgoing";"fixed";481;"750100125";"MCO/SSR";"Île-de-France";1;1;1;0;0;TRUE;22
982;"highest_in_degree + highest_out_degree + largest_beds + largest_outgoing";"fixed";482;"750100125";"MCO/SSR";"Île-de-France";1;1;1;0;0;TRUE;26
983;"highest_in_degree + highest_out_degree + largest_beds + largest_outgoing";"fixed";483;"750100125";"MCO/SSR";"Île-de-France";1;1;1;0;0;TRUE;4
984;"highest_in_degree + highest_out_degree + largest_beds + largest_outgoing";"fixed";484;"750100125";"MCO/SSR";"Île-de-France";1;1;1;0;0;TRUE;110
985;"highest_in_degree + highest_out_degree + largest_beds + largest_outgoing";"fixed";485;"750100125";"MCO/SSR";"Île-de-France";1;1;1;0;0;TRUE;8
986;"highest_in_degree + highest_out_degree + largest_beds + largest_outgoing";"fixed";486;"750100125";"MCO/SSR";"Île-de-France";1;1;1;0;0;TRUE;81
987;"highest_in_degree + highest_out_degree + largest_beds + largest_outgoing";"fixed";487;"750100125";"MCO/SSR";"Île-de-France";0;1;0;0;0;TRUE;1
988;"highest_in_degree + highest_out_degree + largest_beds + largest_outgoing";"fixed";488;"750100125";"MCO/SSR";"Île-de-France";1;1;1;0;0;TRUE;3
989;"highest_in_degree + highest_out_degree + largest_beds + largest_outgoing";"fixed";489;"750100125";"MCO/SSR";"Île-de-France";2;59;2;0;0;TRUE;153
990;"highest_in_degree + highest_out_degree + largest_beds + largest_outgoing";"fixed";490;"750100125";"MCO/SSR";"Île-de-France";1;1;1;0;0;TRUE;25
991;"highest_in_degree + highest_out_degree + largest_beds + largest_outgoing";"fixed";491;"750100125";"MCO/SSR";"Île-de-France";1;1;1;0;0;TRUE;22
992;"highest_in_degree + highest_out_degree + largest_beds + largest_outgoing";"fixed";492;"750100125";"MCO/SSR";"Île-de-France";1;1;1;0;0;TRUE;6
993;"highest_in_degree + highest_out_degree + largest_beds + largest_outgoing";"fixed";493;"750100125";"MCO/SSR";"Île-de-France";1;1;1;0;0;TRUE;9
994;"highest_in_degree + highest_out_degree + largest_beds + largest_outgoing";"fixed";494;"750100125";"MCO/SSR";"Île-de-France";1;1;1;0;0;TRUE;22
995;"highest_in_degree + highest_out_degree + largest_beds + largest_outgoing";"fixed";495;"750100125";"MCO/SSR";"Île-de-France";1;1;1;0;0;TRUE;2
996;"highest_in_degree + highest_out_degree + largest_beds + largest_outgoing";"fixed";496;"750100125";"MCO/SSR";"Île-de-France";1;1;1;0;0;TRUE;16
997;"highest_in_degree + highest_out_degree + largest_beds + largest_outgoing";"fixed";497;"750100125";"MCO/SSR";"Île-de-France";1;1;1;0;0;TRUE;2
998;"highest_in_degree + highest_out_degree + largest_beds + largest_outgoing";"fixed";498;"750100125";"MCO/SSR";"Île-de-France";2;12;2;0;0;TRUE;33
999;"highest_in_degree + highest_out_degree + largest_beds + largest_outgoing";"fixed";499;"750100125";"MCO/SSR";"Île-de-France";1;1;1;0;0;TRUE;5
1000;"highest_in_degree + highest_out_degree + largest_beds + largest_outgoing";"fixed";500;"750100125";"MCO/SSR";"Île-de-France";1;1;1;0;0;TRUE;2
1001;"random_MCO";"type_random";1;"350040044";"MCO";"Bretagne";1;1;1;0;0;TRUE;11
1002;"random_MCO";"type_random";2;"390780559";"MCO";"Bourgogne-Franche-Comté";1;1;1;0;0;TRUE;3
1003;"random_MCO";"type_random";3;"110004439";"MCO";"Occitanie";1;1;1;0;0;TRUE;3
1004;"random_MCO";"type_random";4;"340780667";"MCO";"Occitanie";0;1;0;0;0;TRUE;1
1005;"random_MCO";"type_random";5;"160013207";"MCO";"Nouvelle-Aquitaine";0;1;0;0;0;TRUE;1
1006;"random_MCO";"type_random";6;"510025091";"MCO";"Grand-Est";2;23;1;0;0;TRUE;208
1007;"random_MCO";"type_random";7;"130784713";"MCO";"Provence-Alpes-Côte d'Azur";1;1;1;0;0;TRUE;10
1008;"random_MCO";"type_random";8;"340019603";"MCO";"Occitanie";1;1;1;0;0;TRUE;7
1009;"random_MCO";"type_random";9;"910813963";"MCO";"Île-de-France";1;1;1;0;0;TRUE;3
1010;"random_MCO";"type_random";10;"760041368";"MCO";"Normandie";1;1;1;0;0;TRUE;2
1011;"random_MCO";"type_random";11;"470000159";"MCO";"Nouvelle-Aquitaine";1;1;1;0;0;TRUE;29
1012;"random_MCO";"type_random";12;"840000392";"MCO";"Provence-Alpes-Côte d'Azur";1;1;1;0;0;TRUE;5
1013;"random_MCO";"type_random";13;"860780311";"MCO";"Nouvelle-Aquitaine";1;1;1;0;0;TRUE;9
1014;"random_MCO";"type_random";14;"750829053";"MCO";"Île-de-France";1;1;1;0;0;TRUE;10
1015;"random_MCO";"type_random";15;"190013219";"MCO";"Nouvelle-Aquitaine";1;1;1;0;0;TRUE;7
1016;"random_MCO";"type_random";16;"340013119";"MCO";"Occitanie";3;33;3;0;0;TRUE;202
1017;"random_MCO";"type_random";17;"930022603";"MCO";"Île-de-France";1;1;1;0;0;TRUE;20
1018;"random_MCO";"type_random";18;"470000480";"MCO";"Nouvelle-Aquitaine";1;1;1;0;0;TRUE;18
1019;"random_MCO";"type_random";19;"840000467";"MCO";"Provence-Alpes-Côte d'Azur";1;1;1;0;0;TRUE;8
1020;"random_MCO";"type_random";20;"570001016";"MCO";"Grand-Est";0;1;0;0;0;TRUE;1
1021;"random_MCO";"type_random";21;"950300244";"MCO";"Île-de-France";2;24;1;0;0;TRUE;87
1022;"random_MCO";"type_random";22;"690023411";"MCO";"Auvergne-Rhône-Alpes";1;1;1;0;0;TRUE;3
1023;"random_MCO";"type_random";23;"260003017";"MCO";"Auvergne-Rhône-Alpes";1;1;1;0;0;TRUE;2
1024;"random_MCO";"type_random";24;"340000207";"MCO";"Occitanie";1;1;1;0;0;TRUE;128
1025;"random_MCO";"type_random";25;"460000227";"MCO";"Occitanie";1;1;1;0;0;TRUE;9
1026;"random_MCO";"type_random";26;"780000329";"MCO";"Île-de-France";1;1;1;0;0;TRUE;9
1027;"random_MCO";"type_random";27;"380786442";"MCO";"Auvergne-Rhône-Alpes";1;1;1;0;0;TRUE;3
1028;"random_MCO";"type_random";28;"840012538";"MCO";"Provence-Alpes-Côte d'Azur";1;1;1;0;0;TRUE;11
1029;"random_MCO";"type_random";29;"060780590";"MCO";"Provence-Alpes-Côte d'Azur";1;1;1;0;0;TRUE;33
1030;"random_MCO";"type_random";30;"510000185";"MCO";"Grand-Est";1;1;1;0;0;TRUE;25
1031;"random_MCO";"type_random";31;"120001748";"MCO";"Occitanie";1;1;1;0;0;TRUE;30
1032;"random_MCO";"type_random";32;"220016778";"MCO";"Bretagne";1;1;1;0;0;TRUE;17
1033;"random_MCO";"type_random";33;"170000087";"MCO";"Nouvelle-Aquitaine";2;12;2;0;0;TRUE;84
1034;"random_MCO";"type_random";34;"920100039";"MCO";"Île-de-France";1;1;1;0;0;TRUE;4
1035;"random_MCO";"type_random";35;"340013499";"MCO";"Occitanie";1;1;1;0;0;TRUE;4
1036;"random_MCO";"type_random";36;"750066813";"MCO";"Île-de-France";0;1;0;0;0;TRUE;1
1037;"random_MCO";"type_random";37;"130044753";"MCO";"Provence-Alpes-Côte d'Azur";1;1;1;0;0;TRUE;16
1038;"random_MCO";"type_random";38;"130783236";"MCO";"Provence-Alpes-Côte d'Azur";1;1;1;0;0;TRUE;19
1039;"random_MCO";"type_random";39;"690051677";"MCO";"Auvergne-Rhône-Alpes";1;1;1;0;0;TRUE;7
1040;"random_MCO";"type_random";40;"130783723";"MCO";"Provence-Alpes-Côte d'Azur";1;1;1;0;0;TRUE;102
1041;"random_MCO";"type_random";41;"930300082";"MCO";"Île-de-France";1;1;1;0;0;TRUE;30
1042;"random_MCO";"type_random";42;"920000684";"MCO";"Île-de-France";1;1;1;0;0;TRUE;7
1043;"random_MCO";"type_random";43;"800009466";"MCO";"Hauts-de-France";1;1;1;0;0;TRUE;29
1044;"random_MCO";"type_random";44;"340780741";"MCO";"Occitanie";0;1;0;0;0;TRUE;1
1045;"random_MCO";"type_random";45;"310783063";"MCO";"Occitanie";0;1;0;0;0;TRUE;1
1046;"random_MCO";"type_random";46;"400780342";"MCO";"Nouvelle-Aquitaine";0;1;0;0;0;TRUE;1
1047;"random_MCO";"type_random";47;"670780113";"MCO";"Grand-Est";1;1;1;0;0;TRUE;9
1048;"random_MCO";"type_random";48;"700780174";"MCO";"Bourgogne-Franche-Comté";1;1;1;0;0;TRUE;27
1049;"random_MCO";"type_random";49;"690793468";"MCO";"Auvergne-Rhône-Alpes";1;1;1;0;0;TRUE;109
1050;"random_MCO";"type_random";50;"530002898";"MCO";"Pays de la Loire";1;1;1;0;0;TRUE;15
1051;"random_MCO";"type_random";51;"650000417";"MCO";"Occitanie";1;1;1;0;0;TRUE;6
1052;"random_MCO";"type_random";52;"920301033";"MCO";"Île-de-France";1;1;1;0;0;TRUE;5
1053;"random_MCO";"type_random";53;"130038003";"MCO";"Provence-Alpes-Côte d'Azur";1;1;1;0;0;TRUE;12
1054;"random_MCO";"type_random";54;"490007929";"MCO";"Pays de la Loire";1;1;1;0;0;TRUE;9
1055;"random_MCO";"type_random";55;"340013218";"MCO";"Occitanie";1;1;1;0;0;TRUE;11
1056;"random_MCO";"type_random";56;"950300244";"MCO";"Île-de-France";1;1;1;0;0;TRUE;13
1057;"random_MCO";"type_random";57;"580972669";"MCO";"Bourgogne-Franche-Comté";1;1;1;0;0;TRUE;45
1058;"random_MCO";"type_random";58;"020001061";"MCO";"Hauts-de-France";1;1;1;0;0;TRUE;37
1059;"random_MCO";"type_random";59;"590047718";"MCO";"Hauts-de-France";0;1;0;0;0;TRUE;1
1060;"random_MCO";"type_random";60;"150000032";"MCO";"Auvergne-Rhône-Alpes";0;1;0;0;0;TRUE;1
1061;"random_MCO";"type_random";61;"080010473";"MCO";"Grand-Est";1;1;1;0;0;TRUE;9
1062;"random_MCO";"type_random";62;"490540440";"MCO";"Pays de la Loire";1;1;1;0;0;TRUE;37
1063;"random_MCO";"type_random";63;"750027369";"MCO";"Île-de-France";1;1;1;0;0;TRUE;6
1064;"random_MCO";"type_random";64;"290029669";"MCO";"Bretagne";1;1;1;0;0;TRUE;2
1065;"random_MCO";"type_random";65;"300007119";"MCO";"Occitanie";1;1;1;0;0;TRUE;16
1066;"random_MCO";"type_random";66;"060780491";"MCO";"Provence-Alpes-Côte d'Azur";0;1;0;0;0;TRUE;1
1067;"random_MCO";"type_random";67;"750301145";"MCO";"Île-de-France";1;1;1;0;0;TRUE;2
1068;"random_MCO";"type_random";68;"420011413";"MCO";"Auvergne-Rhône-Alpes";1;1;1;0;0;TRUE;39
1069;"random_MCO";"type_random";69;"340780139";"MCO";"Occitanie";1;1;1;0;0;TRUE;28
1070;"random_MCO";"type_random";70;"440000404";"MCO";"Pays de la Loire";1;1;1;0;0;TRUE;14
1071;"random_MCO";"type_random";71;"390780575";"MCO";"Bourgogne-Franche-Comté";0;1;0;0;0;TRUE;1
1072;"random_MCO";"type_random";72;"670013341";"MCO";"Grand-Est";1;1;1;0;0;TRUE;4
1073;"random_MCO";"type_random";73;"690052212";"MCO";"Auvergne-Rhône-Alpes";2;98;1;0;0;TRUE;161
1074;"random_MCO";"type_random";74;"060780517";"MCO";"Provence-Alpes-Côte d'Azur";1;1;1;0;0;TRUE;38
1075;"random_MCO";"type_random";75;"450018460";"MCO";"Centre-Val de Loire";1;1;1;0;0;TRUE;3
1076;"random_MCO";"type_random";76;"690030770";"MCO";"Auvergne-Rhône-Alpes";1;1;1;0;0;TRUE;5
1077;"random_MCO";"type_random";77;"290000025";"MCO";"Bretagne";1;1;1;0;0;TRUE;5
1078;"random_MCO";"type_random";78;"660780776";"MCO";"Occitanie";1;1;1;0;0;TRUE;2
1079;"random_MCO";"type_random";79;"750300881";"MCO";"Île-de-France";1;1;1;0;0;TRUE;15
1080;"random_MCO";"type_random";80;"750100075";"MCO";"Île-de-France";1;1;1;0;0;TRUE;18
1081;"random_MCO";"type_random";81;"520005398";"MCO";"Grand-Est";1;1;1;0;0;TRUE;86
1082;"random_MCO";"type_random";82;"920000643";"MCO";"Île-de-France";1;1;1;0;0;TRUE;4
1083;"random_MCO";"type_random";83;"680020823";"MCO";"Grand-Est";1;1;1;0;0;TRUE;18
1084;"random_MCO";"type_random";84;"440050441";"MCO";"Pays de la Loire";1;1;1;0;0;TRUE;10
1085;"random_MCO";"type_random";85;"130008253";"MCO";"Provence-Alpes-Côte d'Azur";1;1;1;0;0;TRUE;28
1086;"random_MCO";"type_random";86;"490537818";"MCO";"Pays de la Loire";1;1;1;0;0;TRUE;78
1087;"random_MCO";"type_random";87;"750150013";"MCO";"Île-de-France";1;1;1;0;0;TRUE;161
1088;"random_MCO";"type_random";88;"840000467";"MCO";"Provence-Alpes-Côte d'Azur";1;1;1;0;0;TRUE;3
1089;"random_MCO";"type_random";89;"170000103";"MCO";"Nouvelle-Aquitaine";2;51;2;0;0;TRUE;176
1090;"random_MCO";"type_random";90;"490009008";"MCO";"Pays de la Loire";1;1;1;0;0;TRUE;27
1091;"random_MCO";"type_random";91;"540001138";"MCO";"Grand-Est";1;1;1;0;0;TRUE;9
1092;"random_MCO";"type_random";92;"690780648";"MCO";"Auvergne-Rhône-Alpes";1;1;1;0;0;TRUE;8
1093;"random_MCO";"type_random";93;"670780188";"MCO";"Grand-Est";1;1;1;0;0;TRUE;32
1094;"random_MCO";"type_random";94;"850000134";"MCO";"Pays de la Loire";1;1;1;0;0;TRUE;7
1095;"random_MCO";"type_random";95;"930014428";"MCO";"Île-de-France";2;264;2;1;2,66990615279873e-06;FALSE;NA
1096;"random_MCO";"type_random";96;"910300144";"MCO";"Île-de-France";1;1;1;0;0;TRUE;56
1097;"random_MCO";"type_random";97;"930300066";"MCO";"Île-de-France";2;54;2;0;0;TRUE;78
1098;"random_MCO";"type_random";98;"440050441";"MCO";"Pays de la Loire";1;1;1;0;0;TRUE;35
1099;"random_MCO";"type_random";99;"300017431";"MCO";"Occitanie";1;1;1;0;0;TRUE;8
1100;"random_MCO";"type_random";100;"480001403";"MCO";"Occitanie";1;1;1;0;0;TRUE;10
1101;"random_MCO";"type_random";101;"310783063";"MCO";"Occitanie";1;1;1;0;0;TRUE;143
1102;"random_MCO";"type_random";102;"590047718";"MCO";"Hauts-de-France";0;1;0;0;0;TRUE;1
1103;"random_MCO";"type_random";103;"530008119";"MCO";"Pays de la Loire";1;1;1;0;0;TRUE;6
1104;"random_MCO";"type_random";104;"110004413";"MCO";"Occitanie";1;1;1;0;0;TRUE;12
1105;"random_MCO";"type_random";105;"590782553";"MCO";"Hauts-de-France";1;1;1;0;0;TRUE;2
1106;"random_MCO";"type_random";106;"660006305";"MCO";"Occitanie";1;1;1;0;0;TRUE;4
1107;"random_MCO";"type_random";107;"830100327";"MCO";"Provence-Alpes-Côte d'Azur";0;1;0;0;0;TRUE;1
1108;"random_MCO";"type_random";108;"340013499";"MCO";"Occitanie";1;1;1;0;0;TRUE;4
1109;"random_MCO";"type_random";109;"350042602";"MCO";"Bretagne";1;1;1;0;0;TRUE;6
1110;"random_MCO";"type_random";110;"840011043";"MCO";"Provence-Alpes-Côte d'Azur";1;1;1;0;0;TRUE;97
1111;"random_MCO";"type_random";111;"720000199";"MCO";"Pays de la Loire";1;1;1;0;0;TRUE;9
1112;"random_MCO";"type_random";112;"630781821";"MCO";"Auvergne-Rhône-Alpes";1;1;1;0;0;TRUE;15
1113;"random_MCO";"type_random";113;"220000111";"MCO";"Bretagne";1;1;1;0;0;TRUE;5
1114;"random_MCO";"type_random";114;"560009524";"MCO";"Bretagne";1;1;1;0;0;TRUE;10
1115;"random_MCO";"type_random";115;"440036499";"MCO";"Pays de la Loire";1;1;1;0;0;TRUE;42
1116;"random_MCO";"type_random";116;"130782162";"MCO";"Provence-Alpes-Côte d'Azur";1;1;1;0;0;TRUE;26
1117;"random_MCO";"type_random";117;"130784481";"MCO";"Provence-Alpes-Côte d'Azur";1;1;1;0;0;TRUE;4
1118;"random_MCO";"type_random";118;"340015502";"MCO";"Occitanie";2;5;1;0;0;TRUE;43
1119;"random_MCO";"type_random";119;"470016049";"MCO";"Nouvelle-Aquitaine";1;1;1;0;0;TRUE;2
1120;"random_MCO";"type_random";120;"710978123";"MCO";"Bourgogne-Franche-Comté";1;1;1;0;0;TRUE;17
1121;"random_MCO";"type_random";121;"370004467";"MCO";"Centre-Val de Loire";1;1;1;0;0;TRUE;52
1122;"random_MCO";"type_random";122;"670002187";"MCO";"Grand-Est";1;1;1;0;0;TRUE;25
1123;"random_MCO";"type_random";123;"830100319";"MCO";"Provence-Alpes-Côte d'Azur";1;1;1;0;0;TRUE;86
1124;"random_MCO";"type_random";124;"750300840";"MCO";"Île-de-France";1;1;1;0;0;TRUE;13
1125;"random_MCO";"type_random";125;"100009364";"MCO";"Grand-Est";1;1;1;0;0;TRUE;38
1126;"random_MCO";"type_random";126;"910300300";"MCO";"Île-de-France";2;23;2;0;0;TRUE;156
1127;"random_MCO";"type_random";127;"750100109";"MCO";"Île-de-France";1;1;1;0;0;TRUE;6
1128;"random_MCO";"type_random";128;"950300244";"MCO";"Île-de-France";1;1;1;0;0;TRUE;166
1129;"random_MCO";"type_random";129;"840017461";"MCO";"Provence-Alpes-Côte d'Azur";1;1;1;0;0;TRUE;2
1130;"random_MCO";"type_random";130;"130784713";"MCO";"Provence-Alpes-Côte d'Azur";1;1;1;0;0;TRUE;21
1131;"random_MCO";"type_random";131;"940000649";"MCO";"Île-de-France";1;1;1;0;0;TRUE;7
1132;"random_MCO";"type_random";132;"310783063";"MCO";"Occitanie";1;1;1;0;0;TRUE;6
1133;"random_MCO";"type_random";133;"060021417";"MCO";"Provence-Alpes-Côte d'Azur";1;1;1;0;0;TRUE;50
1134;"random_MCO";"type_random";134;"520780180";"MCO";"Grand-Est";1;1;1;0;0;TRUE;41
1135;"random_MCO";"type_random";135;"540001138";"MCO";"Grand-Est";1;1;1;0;0;TRUE;3
1136;"random_MCO";"type_random";136;"770813400";"MCO";"Île-de-France";1;1;1;0;0;TRUE;88
1137;"random_MCO";"type_random";137;"930300025";"MCO";"Île-de-France";0;1;0;0;0;TRUE;1
1138;"random_MCO";"type_random";138;"480002948";"MCO";"Occitanie";1;1;1;0;0;TRUE;15
1139;"random_MCO";"type_random";139;"210986840";"MCO";"Bourgogne-Franche-Comté";1;1;1;0;0;TRUE;4
1140;"random_MCO";"type_random";140;"620100750";"MCO";"Hauts-de-France";1;1;1;0;0;TRUE;3
1141;"random_MCO";"type_random";141;"130034093";"MCO";"Provence-Alpes-Côte d'Azur";1;1;1;0;0;TRUE;12
1142;"random_MCO";"type_random";142;"910813732";"MCO";"Île-de-France";1;1;1;0;0;TRUE;2
1143;"random_MCO";"type_random";143;"750100075";"MCO";"Île-de-France";1;1;1;0;0;TRUE;8
1144;"random_MCO";"type_random";144;"110780483";"MCO";"Occitanie";1;1;1;0;0;TRUE;99
1145;"random_MCO";"type_random";145;"440029379";"MCO";"Pays de la Loire";1;1;1;0;0;TRUE;5
1146;"random_MCO";"type_random";146;"690784152";"MCO";"Auvergne-Rhône-Alpes";1;1;1;0;0;TRUE;65
1147;"random_MCO";"type_random";147;"040003113";"MCO";"Provence-Alpes-Côte d'Azur";1;1;1;0;0;TRUE;13
1148;"random_MCO";"type_random";148;"890975550";"MCO";"Bourgogne-Franche-Comté";1;1;1;0;0;TRUE;2
1149;"random_MCO";"type_random";149;"130809809";"MCO";"Provence-Alpes-Côte d'Azur";0;1;0;0;0;TRUE;1
1150;"random_MCO";"type_random";150;"180010209";"MCO";"Centre-Val de Loire";2;9;1;0;0;TRUE;14
1151;"random_MCO";"type_random";151;"890975550";"MCO";"Bourgogne-Franche-Comté";1;1;1;0;0;TRUE;19
1152;"random_MCO";"type_random";152;"440007607";"MCO";"Pays de la Loire";1;1;1;0;0;TRUE;109
1153;"random_MCO";"type_random";153;"660780776";"MCO";"Occitanie";1;1;1;0;0;TRUE;14
1154;"random_MCO";"type_random";154;"840013312";"MCO";"Provence-Alpes-Côte d'Azur";0;1;0;0;0;TRUE;1
1155;"random_MCO";"type_random";155;"330802752";"MCO";"Nouvelle-Aquitaine";2;35;2;0;0;TRUE;141
1156;"random_MCO";"type_random";156;"170780563";"MCO";"Nouvelle-Aquitaine";1;1;1;0;0;TRUE;18
1157;"random_MCO";"type_random";157;"760780783";"MCO";"Normandie";1;1;1;0;0;TRUE;45
1158;"random_MCO";"type_random";158;"190000224";"MCO";"Nouvelle-Aquitaine";1;1;1;0;0;TRUE;77
1159;"random_MCO";"type_random";159;"860010321";"MCO";"Nouvelle-Aquitaine";1;1;1;0;0;TRUE;63
1160;"random_MCO";"type_random";160;"910803543";"MCO";"Île-de-France";1;1;1;0;0;TRUE;4
1161;"random_MCO";"type_random";161;"210012670";"MCO";"Bourgogne-Franche-Comté";1;1;1;0;0;TRUE;4
1162;"random_MCO";"type_random";162;"860010321";"MCO";"Nouvelle-Aquitaine";1;1;1;0;0;TRUE;30
1163;"random_MCO";"type_random";163;"310783063";"MCO";"Occitanie";1;1;1;0;0;TRUE;5
1164;"random_MCO";"type_random";164;"620026690";"MCO";"Hauts-de-France";1;1;1;0;0;TRUE;8
1165;"random_MCO";"type_random";165;"920301033";"MCO";"Île-de-France";0;1;0;0;0;TRUE;1
1166;"random_MCO";"type_random";166;"210986840";"MCO";"Bourgogne-Franche-Comté";1;1;1;0;0;TRUE;8
1167;"random_MCO";"type_random";167;"600000467";"MCO";"Hauts-de-France";1;1;1;0;0;TRUE;7
1168;"random_MCO";"type_random";168;"340000207";"MCO";"Occitanie";1;1;1;0;0;TRUE;13
1169;"random_MCO";"type_random";169;"350042602";"MCO";"Bretagne";1;1;1;0;0;TRUE;8
1170;"random_MCO";"type_random";170;"060780756";"MCO";"Provence-Alpes-Côte d'Azur";2;2;2;0;0;TRUE;43
1171;"random_MCO";"type_random";171;"300021961";"MCO";"Occitanie";2;118;1;0;0;TRUE;134
1172;"random_MCO";"type_random";172;"360000962";"MCO";"Centre-Val de Loire";1;1;1;0;0;TRUE;23
1173;"random_MCO";"type_random";173;"130781370";"MCO";"Provence-Alpes-Côte d'Azur";1;1;1;0;0;TRUE;42
1174;"random_MCO";"type_random";174;"780300323";"MCO";"Île-de-France";1;1;1;0;0;TRUE;28
1175;"random_MCO";"type_random";175;"330780115";"MCO";"Nouvelle-Aquitaine";1;1;1;0;0;TRUE;8
1176;"random_MCO";"type_random";176;"950807982";"MCO";"Île-de-France";1;1;1;0;0;TRUE;6
1177;"random_MCO";"type_random";177;"620003376";"MCO";"Hauts-de-France";0;1;0;0;0;TRUE;1
1178;"random_MCO";"type_random";178;"040000093";"MCO";"Provence-Alpes-Côte d'Azur";0;1;0;0;0;TRUE;1
1179;"random_MCO";"type_random";179;"230780157";"MCO";"Nouvelle-Aquitaine";0;1;0;0;0;TRUE;1
1180;"random_MCO";"type_random";180;"270000862";"MCO";"Normandie";1;1;1;0;0;TRUE;4
1181;"random_MCO";"type_random";181;"130002835";"MCO";"Provence-Alpes-Côte d'Azur";0;1;0;0;0;TRUE;1
1182;"random_MCO";"type_random";182;"750066813";"MCO";"Île-de-France";1;1;1;0;0;TRUE;38
1183;"random_MCO";"type_random";183;"850009333";"MCO";"Pays de la Loire";1;1;1;0;0;TRUE;22
1184;"random_MCO";"type_random";184;"140017237";"MCO";"Normandie";1;1;1;0;0;TRUE;3
1185;"random_MCO";"type_random";185;"760025312";"MCO";"Normandie";1;1;1;0;0;TRUE;78
1186;"random_MCO";"type_random";186;"750100208";"MCO";"Île-de-France";0;1;0;0;0;TRUE;1
1187;"random_MCO";"type_random";187;"380780197";"MCO";"Auvergne-Rhône-Alpes";1;1;1;0;0;TRUE;4
1188;"random_MCO";"type_random";188;"830100475";"MCO";"Provence-Alpes-Côte d'Azur";1;1;1;0;0;TRUE;6
1189;"random_MCO";"type_random";189;"830100582";"MCO";"Provence-Alpes-Côte d'Azur";1;1;1;0;0;TRUE;24
1190;"random_MCO";"type_random";190;"920300043";"MCO";"Île-de-France";0;1;0;0;0;TRUE;1
1191;"random_MCO";"type_random";191;"330780446";"MCO";"Nouvelle-Aquitaine";1;1;1;0;0;TRUE;9
1192;"random_MCO";"type_random";192;"930014428";"MCO";"Île-de-France";1;1;1;0;0;TRUE;6
1193;"random_MCO";"type_random";193;"650784218";"MCO";"Occitanie";1;1;1;0;0;TRUE;156
1194;"random_MCO";"type_random";194;"390780559";"MCO";"Bourgogne-Franche-Comté";1;1;1;0;0;TRUE;2
1195;"random_MCO";"type_random";195;"750300014";"MCO";"Île-de-France";0;1;0;0;0;TRUE;1
1196;"random_MCO";"type_random";196;"910803543";"MCO";"Île-de-France";0;1;0;0;0;TRUE;1
1197;"random_MCO";"type_random";197;"780300414";"MCO";"Île-de-France";1;1;1;0;0;TRUE;2
1198;"random_MCO";"type_random";198;"590788964";"MCO";"Hauts-de-France";1;1;1;0;0;TRUE;33
1199;"random_MCO";"type_random";199;"690780648";"MCO";"Auvergne-Rhône-Alpes";1;1;1;0;0;TRUE;39
1200;"random_MCO";"type_random";200;"590781571";"MCO";"Hauts-de-France";1;1;1;0;0;TRUE;20
1201;"random_MCO";"type_random";201;"950000349";"MCO";"Île-de-France";2;16;1;0;0;TRUE;84
1202;"random_MCO";"type_random";202;"490009008";"MCO";"Pays de la Loire";1;1;1;0;0;TRUE;18
1203;"random_MCO";"type_random";203;"450000245";"MCO";"Centre-Val de Loire";1;1;1;0;0;TRUE;71
1204;"random_MCO";"type_random";204;"590000758";"MCO";"Hauts-de-France";1;1;1;0;0;TRUE;3
1205;"random_MCO";"type_random";205;"390780575";"MCO";"Bourgogne-Franche-Comté";1;1;1;0;0;TRUE;60
1206;"random_MCO";"type_random";206;"190000026";"MCO";"Nouvelle-Aquitaine";1;1;1;0;0;TRUE;5
1207;"random_MCO";"type_random";207;"230780157";"MCO";"Nouvelle-Aquitaine";1;1;1;0;0;TRUE;30
1208;"random_MCO";"type_random";208;"940300270";"MCO";"Île-de-France";1;1;1;0;0;TRUE;4
1209;"random_MCO";"type_random";209;"570000216";"MCO";"Grand-Est";1;1;1;0;0;TRUE;2
1210;"random_MCO";"type_random";210;"600110175";"MCO";"Hauts-de-France";1;1;1;0;0;TRUE;52
1211;"random_MCO";"type_random";211;"690041124";"MCO";"Auvergne-Rhône-Alpes";1;1;1;0;0;TRUE;2
1212;"random_MCO";"type_random";212;"830100475";"MCO";"Provence-Alpes-Côte d'Azur";1;1;1;0;0;TRUE;7
1213;"random_MCO";"type_random";213;"060785003";"MCO";"Provence-Alpes-Côte d'Azur";1;1;1;0;0;TRUE;43
1214;"random_MCO";"type_random";214;"690780499";"MCO";"Auvergne-Rhône-Alpes";1;1;1;0;0;TRUE;12
1215;"random_MCO";"type_random";215;"630780211";"MCO";"Auvergne-Rhône-Alpes";2;27;1;0;0;TRUE;36
1216;"random_MCO";"type_random";216;"750300915";"MCO";"Île-de-France";1;1;1;0;0;TRUE;2
1217;"random_MCO";"type_random";217;"130008253";"MCO";"Provence-Alpes-Côte d'Azur";0;1;0;0;0;TRUE;1
1218;"random_MCO";"type_random";218;"750066813";"MCO";"Île-de-France";1;1;1;0;0;TRUE;35
1219;"random_MCO";"type_random";219;"330781352";"MCO";"Nouvelle-Aquitaine";1;1;1;0;0;TRUE;30
1220;"random_MCO";"type_random";220;"940000078";"MCO";"Île-de-France";1;1;1;0;0;TRUE;10
1221;"random_MCO";"type_random";221;"600013999";"MCO";"Hauts-de-France";1;1;1;0;0;TRUE;4
1222;"random_MCO";"type_random";222;"840017461";"MCO";"Provence-Alpes-Côte d'Azur";1;1;1;0;0;TRUE;3
1223;"random_MCO";"type_random";223;"950032714";"MCO";"Île-de-France";1;1;1;0;0;TRUE;2
1224;"random_MCO";"type_random";224;"310794417";"MCO";"Occitanie";1;1;1;0;0;TRUE;27
1225;"random_MCO";"type_random";225;"080000425";"MCO";"Grand-Est";1;1;1;0;0;TRUE;51
1226;"random_MCO";"type_random";226;"780800256";"MCO";"Île-de-France";1;1;1;0;0;TRUE;7
1227;"random_MCO";"type_random";227;"130783723";"MCO";"Provence-Alpes-Côte d'Azur";1;1;1;0;0;TRUE;150
1228;"random_MCO";"type_random";228;"510025091";"MCO";"Grand-Est";1;1;1;0;0;TRUE;60
1229;"random_MCO";"type_random";229;"720000199";"MCO";"Pays de la Loire";1;1;1;0;0;TRUE;2
1230;"random_MCO";"type_random";230;"140016759";"MCO";"Normandie";1;1;1;0;0;TRUE;12
1231;"random_MCO";"type_random";231;"130781370";"MCO";"Provence-Alpes-Côte d'Azur";1;1;1;0;0;TRUE;2
1232;"random_MCO";"type_random";232;"920300753";"MCO";"Île-de-France";1;1;1;0;0;TRUE;87
1233;"random_MCO";"type_random";233;"830215687";"MCO";"Provence-Alpes-Côte d'Azur";2;9;1;0;0;TRUE;59
1234;"random_MCO";"type_random";234;"670780113";"MCO";"Grand-Est";2;41;1;0;0;TRUE;124
1235;"random_MCO";"type_random";235;"850011271";"MCO";"Pays de la Loire";1;1;1;0;0;TRUE;11
1236;"random_MCO";"type_random";236;"440000404";"MCO";"Pays de la Loire";1;1;1;0;0;TRUE;41
1237;"random_MCO";"type_random";237;"340780139";"MCO";"Occitanie";1;1;1;0;0;TRUE;67
1238;"random_MCO";"type_random";238;"690051677";"MCO";"Auvergne-Rhône-Alpes";1;1;1;0;0;TRUE;15
1239;"random_MCO";"type_random";239;"190000224";"MCO";"Nouvelle-Aquitaine";1;1;1;0;0;TRUE;9
1240;"random_MCO";"type_random";240;"590060901";"MCO";"Hauts-de-France";1;1;1;0;0;TRUE;16
1241;"random_MCO";"type_random";241;"780300414";"MCO";"Île-de-France";1;1;1;0;0;TRUE;13
1242;"random_MCO";"type_random";242;"130001647";"MCO";"Provence-Alpes-Côte d'Azur";1;1;1;0;0;TRUE;4
1243;"random_MCO";"type_random";243;"800018491";"MCO";"Hauts-de-France";1;1;1;0;0;TRUE;8
1244;"random_MCO";"type_random";244;"070000013";"MCO";"Auvergne-Rhône-Alpes";1;1;1;0;0;TRUE;30
1245;"random_MCO";"type_random";245;"830100434";"MCO";"Provence-Alpes-Côte d'Azur";1;1;1;0;0;TRUE;3
1246;"random_MCO";"type_random";246;"340780485";"MCO";"Occitanie";1;1;1;0;0;TRUE;62
1247;"random_MCO";"type_random";247;"440033819";"MCO";"Pays de la Loire";1;1;1;0;0;TRUE;31
1248;"random_MCO";"type_random";248;"340013168";"MCO";"Occitanie";1;1;1;0;0;TRUE;11
1249;"random_MCO";"type_random";249;"310783063";"MCO";"Occitanie";1;1;1;0;0;TRUE;39
1250;"random_MCO";"type_random";250;"340013168";"MCO";"Occitanie";1;1;1;0;0;TRUE;7
1251;"random_MCO";"type_random";251;"690043476";"MCO";"Auvergne-Rhône-Alpes";1;1;1;0;0;TRUE;8
1252;"random_MCO";"type_random";252;"830100574";"MCO";"Provence-Alpes-Côte d'Azur";1;1;1;0;0;TRUE;67
1253;"random_MCO";"type_random";253;"420010050";"MCO";"Auvergne-Rhône-Alpes";1;1;1;0;0;TRUE;104
1254;"random_MCO";"type_random";254;"840019079";"MCO";"Provence-Alpes-Côte d'Azur";0;1;0;0;0;TRUE;1
1255;"random_MCO";"type_random";255;"040000093";"MCO";"Provence-Alpes-Côte d'Azur";1;1;1;0;0;TRUE;30
1256;"random_MCO";"type_random";256;"490020963";"MCO";"Pays de la Loire";2;2;1;0;0;TRUE;15
1257;"random_MCO";"type_random";257;"640781332";"MCO";"Nouvelle-Aquitaine";1;1;1;0;0;TRUE;32
1258;"random_MCO";"type_random";258;"920300837";"MCO";"Île-de-France";1;1;1;0;0;TRUE;2
1259;"random_MCO";"type_random";259;"640018206";"MCO";"Nouvelle-Aquitaine";1;1;1;0;0;TRUE;5
1260;"random_MCO";"type_random";260;"230780157";"MCO";"Nouvelle-Aquitaine";1;1;1;0;0;TRUE;2
1261;"random_MCO";"type_random";261;"130002835";"MCO";"Provence-Alpes-Côte d'Azur";1;1;1;0;0;TRUE;9
1262;"random_MCO";"type_random";262;"950300095";"MCO";"Île-de-France";1;1;1;0;0;TRUE;21
1263;"random_MCO";"type_random";263;"370013286";"MCO";"Centre-Val de Loire";1;1;1;0;0;TRUE;13
1264;"random_MCO";"type_random";264;"690780259";"MCO";"Auvergne-Rhône-Alpes";0;1;0;0;0;TRUE;1
1265;"random_MCO";"type_random";265;"470016049";"MCO";"Nouvelle-Aquitaine";2;18;2;0;0;TRUE;135
1266;"random_MCO";"type_random";266;"670780113";"MCO";"Grand-Est";1;1;1;0;0;TRUE;5
1267;"random_MCO";"type_random";267;"480000074";"MCO";"Occitanie";1;1;1;0;0;TRUE;24
1268;"random_MCO";"type_random";268;"130034002";"MCO";"Provence-Alpes-Côte d'Azur";1;1;1;0;0;TRUE;4
1269;"random_MCO";"type_random";269;"130786361";"MCO";"Provence-Alpes-Côte d'Azur";4;105;3;0;0;TRUE;169
1270;"random_MCO";"type_random";270;"060792900";"MCO";"Provence-Alpes-Côte d'Azur";1;1;1;0;0;TRUE;4
1271;"random_MCO";"type_random";271;"060785003";"MCO";"Provence-Alpes-Côte d'Azur";1;1;1;0;0;TRUE;48
1272;"random_MCO";"type_random";272;"760041368";"MCO";"Normandie";1;1;1;0;0;TRUE;2
1273;"random_MCO";"type_random";273;"830100418";"MCO";"Provence-Alpes-Côte d'Azur";1;1;1;0;0;TRUE;2
1274;"random_MCO";"type_random";274;"930300066";"MCO";"Île-de-France";3;44;2;0;0;TRUE;106
1275;"random_MCO";"type_random";275;"830000279";"MCO";"Provence-Alpes-Côte d'Azur";1;1;1;0;0;TRUE;2
1276;"random_MCO";"type_random";276;"660013137";"MCO";"Occitanie";0;1;0;0;0;TRUE;1
1277;"random_MCO";"type_random";277;"780000329";"MCO";"Île-de-France";1;1;1;0;0;TRUE;2
1278;"random_MCO";"type_random";278;"240000216";"MCO";"Nouvelle-Aquitaine";1;1;1;0;0;TRUE;8
1279;"random_MCO";"type_random";279;"640016580";"MCO";"Nouvelle-Aquitaine";1;1;1;0;0;TRUE;5
1280;"random_MCO";"type_random";280;"920300043";"MCO";"Île-de-France";1;1;1;0;0;TRUE;173
1281;"random_MCO";"type_random";281;"260000146";"MCO";"Auvergne-Rhône-Alpes";1;1;1;0;0;TRUE;9
1282;"random_MCO";"type_random";282;"830213625";"MCO";"Provence-Alpes-Côte d'Azur";2;58;1;0;0;TRUE;130
1283;"random_MCO";"type_random";283;"130042096";"MCO";"Provence-Alpes-Côte d'Azur";1;1;1;0;0;TRUE;12
1284;"random_MCO";"type_random";284;"340019603";"MCO";"Occitanie";0;1;0;0;0;TRUE;1
1285;"random_MCO";"type_random";285;"330780446";"MCO";"Nouvelle-Aquitaine";1;1;1;0;0;TRUE;9
1286;"random_MCO";"type_random";286;"630000479";"MCO";"Auvergne-Rhône-Alpes";2;3;1;0;0;TRUE;96
1287;"random_MCO";"type_random";287;"910300300";"MCO";"Île-de-France";0;1;0;0;0;TRUE;1
1288;"random_MCO";"type_random";288;"710978230";"MCO";"Bourgogne-Franche-Comté";1;1;1;0;0;TRUE;85
1289;"random_MCO";"type_random";289;"300787421";"MCO";"Occitanie";1;1;1;0;0;TRUE;79
1290;"random_MCO";"type_random";290;"630781821";"MCO";"Auvergne-Rhône-Alpes";1;1;1;0;0;TRUE;7
1291;"random_MCO";"type_random";291;"060792926";"MCO";"Provence-Alpes-Côte d'Azur";1;1;1;0;0;TRUE;20
1292;"random_MCO";"type_random";292;"690780648";"MCO";"Auvergne-Rhône-Alpes";1;1;1;0;0;TRUE;42
1293;"random_MCO";"type_random";293;"330058702";"MCO";"Nouvelle-Aquitaine";1;1;1;0;0;TRUE;7
1294;"random_MCO";"type_random";294;"340023142";"MCO";"Occitanie";2;17;2;0;0;TRUE;166
1295;"random_MCO";"type_random";295;"130810740";"MCO";"Provence-Alpes-Côte d'Azur";1;1;1;0;0;TRUE;3
1296;"random_MCO";"type_random";296;"780300125";"MCO";"Île-de-France";1;1;1;0;0;TRUE;2
1297;"random_MCO";"type_random";297;"380785956";"MCO";"Auvergne-Rhône-Alpes";1;1;1;0;0;TRUE;5
1298;"random_MCO";"type_random";298;"690784152";"MCO";"Auvergne-Rhône-Alpes";0;1;0;0;0;TRUE;1
1299;"random_MCO";"type_random";299;"840000400";"MCO";"Provence-Alpes-Côte d'Azur";1;1;1;0;0;TRUE;35
1300;"random_MCO";"type_random";300;"920000585";"MCO";"Île-de-France";1;1;1;0;0;TRUE;3
1301;"random_MCO";"type_random";301;"490009008";"MCO";"Pays de la Loire";1;1;1;0;0;TRUE;5
1302;"random_MCO";"type_random";302;"570000216";"MCO";"Grand-Est";1;1;1;0;0;TRUE;9
1303;"random_MCO";"type_random";303;"300787421";"MCO";"Occitanie";1;1;1;0;0;TRUE;15
1304;"random_MCO";"type_random";304;"660005190";"MCO";"Occitanie";1;1;1;0;0;TRUE;19
1305;"random_MCO";"type_random";305;"570000117";"MCO";"Grand-Est";1;1;1;0;0;TRUE;8
1306;"random_MCO";"type_random";306;"940000664";"MCO";"Île-de-France";1;1;1;0;0;TRUE;144
1307;"random_MCO";"type_random";307;"690030770";"MCO";"Auvergne-Rhône-Alpes";1;1;1;0;0;TRUE;6
1308;"random_MCO";"type_random";308;"880000179";"MCO";"Grand-Est";1;1;1;0;0;TRUE;24
1309;"random_MCO";"type_random";309;"300021961";"MCO";"Occitanie";1;1;1;0;0;TRUE;32
1310;"random_MCO";"type_random";310;"590780268";"MCO";"Hauts-de-France";1;1;1;0;0;TRUE;7
1311;"random_MCO";"type_random";311;"670795921";"MCO";"Grand-Est";1;1;1;0;0;TRUE;82
1312;"random_MCO";"type_random";312;"140000290";"MCO";"Normandie";1;1;1;0;0;TRUE;2
1313;"random_MCO";"type_random";313;"310781505";"MCO";"Occitanie";1;1;1;0;0;TRUE;6
1314;"random_MCO";"type_random";314;"130042096";"MCO";"Provence-Alpes-Côte d'Azur";1;1;1;0;0;TRUE;2
1315;"random_MCO";"type_random";315;"120001748";"MCO";"Occitanie";1;1;1;0;0;TRUE;4
1316;"random_MCO";"type_random";316;"130785678";"MCO";"Provence-Alpes-Côte d'Azur";2;51;1;0;0;TRUE;110
1317;"random_MCO";"type_random";317;"310782347";"MCO";"Occitanie";1;1;1;0;0;TRUE;84
1318;"random_MCO";"type_random";318;"650784218";"MCO";"Occitanie";1;1;1;0;0;TRUE;7
1319;"random_MCO";"type_random";319;"130781370";"MCO";"Provence-Alpes-Côte d'Azur";1;1;1;0;0;TRUE;3
1320;"random_MCO";"type_random";320;"330000589";"MCO";"Nouvelle-Aquitaine";1;1;1;0;0;TRUE;2
1321;"random_MCO";"type_random";321;"130782147";"MCO";"Provence-Alpes-Côte d'Azur";1;1;1;0;0;TRUE;13
1322;"random_MCO";"type_random";322;"400000105";"MCO";"Nouvelle-Aquitaine";1;1;1;0;0;TRUE;12
1323;"random_MCO";"type_random";323;"440002020";"MCO";"Pays de la Loire";1;1;1;0;0;TRUE;7
1324;"random_MCO";"type_random";324;"950300202";"MCO";"Île-de-France";0;1;0;0;0;TRUE;1
1325;"random_MCO";"type_random";325;"540000361";"MCO";"Grand-Est";2;77;1;0;0;TRUE;99
1326;"random_MCO";"type_random";326;"330058355";"MCO";"Nouvelle-Aquitaine";1;1;1;0;0;TRUE;8
1327;"random_MCO";"type_random";327;"830100582";"MCO";"Provence-Alpes-Côte d'Azur";1;1;1;0;0;TRUE;3
1328;"random_MCO";"type_random";328;"570001016";"MCO";"Grand-Est";1;1;1;0;0;TRUE;52
1329;"random_MCO";"type_random";329;"500000401";"MCO";"Normandie";0;1;0;0;0;TRUE;1
1330;"random_MCO";"type_random";330;"130044753";"MCO";"Provence-Alpes-Côte d'Azur";2;44;1;0;0;TRUE;167
1331;"random_MCO";"type_random";331;"830100475";"MCO";"Provence-Alpes-Côte d'Azur";1;1;1;0;0;TRUE;2
1332;"random_MCO";"type_random";332;"930300587";"MCO";"Île-de-France";1;1;1;0;0;TRUE;5
1333;"random_MCO";"type_random";333;"580972669";"MCO";"Bourgogne-Franche-Comté";1;1;1;0;0;TRUE;4
1334;"random_MCO";"type_random";334;"670795921";"MCO";"Grand-Est";1;1;1;0;0;TRUE;15
1335;"random_MCO";"type_random";335;"750301145";"MCO";"Île-de-France";1;1;1;0;0;TRUE;9
1336;"random_MCO";"type_random";336;"890975550";"MCO";"Bourgogne-Franche-Comté";1;1;1;0;0;TRUE;43
1337;"random_MCO";"type_random";337;"310781505";"MCO";"Occitanie";1;1;1;0;0;TRUE;13
1338;"random_MCO";"type_random";338;"740000237";"MCO";"Auvergne-Rhône-Alpes";1;1;1;0;0;TRUE;7
1339;"random_MCO";"type_random";339;"190000026";"MCO";"Nouvelle-Aquitaine";1;1;1;0;0;TRUE;19
1340;"random_MCO";"type_random";340;"780300422";"MCO";"Île-de-France";1;1;1;0;0;TRUE;2
1341;"random_MCO";"type_random";341;"480002948";"MCO";"Occitanie";1;1;1;0;0;TRUE;37
1342;"random_MCO";"type_random";342;"390780559";"MCO";"Bourgogne-Franche-Comté";1;1;1;0;0;TRUE;2
1343;"random_MCO";"type_random";343;"290018563";"MCO";"Bretagne";1;1;1;0;0;TRUE;15
1344;"random_MCO";"type_random";344;"130002835";"MCO";"Provence-Alpes-Côte d'Azur";1;1;1;0;0;TRUE;3
1345;"random_MCO";"type_random";345;"930300025";"MCO";"Île-de-France";1;1;1;0;0;TRUE;2
1346;"random_MCO";"type_random";346;"130782675";"MCO";"Provence-Alpes-Côte d'Azur";1;1;1;0;0;TRUE;2
1347;"random_MCO";"type_random";347;"130783236";"MCO";"Provence-Alpes-Côte d'Azur";1;1;1;0;0;TRUE;47
1348;"random_MCO";"type_random";348;"310794417";"MCO";"Occitanie";1;1;1;0;0;TRUE;10
1349;"random_MCO";"type_random";349;"600100168";"MCO";"Hauts-de-France";1;1;1;0;0;TRUE;2
1350;"random_MCO";"type_random";350;"830200523";"MCO";"Provence-Alpes-Côte d'Azur";2;71;1;0;0;TRUE;83
1351;"random_MCO";"type_random";351;"150003416";"MCO";"Auvergne-Rhône-Alpes";1;1;1;0;0;TRUE;5
1352;"random_MCO";"type_random";352;"510000235";"MCO";"Grand-Est";1;1;1;0;0;TRUE;7
1353;"random_MCO";"type_random";353;"750150237";"MCO";"Île-de-France";1;1;1;0;0;TRUE;87
1354;"random_MCO";"type_random";354;"560029068";"MCO";"Bretagne";1;1;1;0;0;TRUE;3
1355;"random_MCO";"type_random";355;"690019849";"MCO";"Auvergne-Rhône-Alpes";1;1;1;0;0;TRUE;28
1356;"random_MCO";"type_random";356;"570001016";"MCO";"Grand-Est";1;1;1;0;0;TRUE;8
1357;"random_MCO";"type_random";357;"230004657";"MCO";"Nouvelle-Aquitaine";1;1;1;0;0;TRUE;23
1358;"random_MCO";"type_random";358;"370013286";"MCO";"Centre-Val de Loire";1;1;1;0;0;TRUE;2
1359;"random_MCO";"type_random";359;"930300082";"MCO";"Île-de-France";1;1;1;0;0;TRUE;16
1360;"random_MCO";"type_random";360;"920300183";"MCO";"Île-de-France";2;16;1;0;0;TRUE;83
1361;"random_MCO";"type_random";361;"830000311";"MCO";"Provence-Alpes-Côte d'Azur";1;1;1;0;0;TRUE;10
1362;"random_MCO";"type_random";362;"470000480";"MCO";"Nouvelle-Aquitaine";1;1;1;0;0;TRUE;9
1363;"random_MCO";"type_random";363;"830100319";"MCO";"Provence-Alpes-Côte d'Azur";1;1;1;0;0;TRUE;2
1364;"random_MCO";"type_random";364;"890975519";"MCO";"Bourgogne-Franche-Comté";1;1;1;0;0;TRUE;11
1365;"random_MCO";"type_random";365;"830100418";"MCO";"Provence-Alpes-Côte d'Azur";1;1;1;0;0;TRUE;63
1366;"random_MCO";"type_random";366;"440002020";"MCO";"Pays de la Loire";2;77;1;0;0;TRUE;99
1367;"random_MCO";"type_random";367;"190000224";"MCO";"Nouvelle-Aquitaine";0;1;0;0;0;TRUE;1
1368;"random_MCO";"type_random";368;"060021276";"MCO";"Provence-Alpes-Côte d'Azur";1;1;1;0;0;TRUE;4
1369;"random_MCO";"type_random";369;"750301145";"MCO";"Île-de-France";1;1;1;0;0;TRUE;80
1370;"random_MCO";"type_random";370;"340024553";"MCO";"Occitanie";1;1;1;0;0;TRUE;69
1371;"random_MCO";"type_random";371;"630781839";"MCO";"Auvergne-Rhône-Alpes";0;1;0;0;0;TRUE;1
1372;"random_MCO";"type_random";372;"750150013";"MCO";"Île-de-France";1;1;1;0;0;TRUE;3
1373;"random_MCO";"type_random";373;"830100368";"MCO";"Provence-Alpes-Côte d'Azur";0;1;0;0;0;TRUE;1
1374;"random_MCO";"type_random";374;"620026690";"MCO";"Hauts-de-France";1;1;1;0;0;TRUE;9
1375;"random_MCO";"type_random";375;"130810740";"MCO";"Provence-Alpes-Côte d'Azur";3;22;2;0;0;TRUE;86
1376;"random_MCO";"type_random";376;"670799667";"MCO";"Grand-Est";1;1;1;0;0;TRUE;4
1377;"random_MCO";"type_random";377;"690019849";"MCO";"Auvergne-Rhône-Alpes";1;1;1;0;0;TRUE;14
1378;"random_MCO";"type_random";378;"240006734";"MCO";"Nouvelle-Aquitaine";0;1;0;0;0;TRUE;1
1379;"random_MCO";"type_random";379;"050007533";"MCO";"Provence-Alpes-Côte d'Azur";1;1;1;0;0;TRUE;3
1380;"random_MCO";"type_random";380;"590047718";"MCO";"Hauts-de-France";0;1;0;0;0;TRUE;1
1381;"random_MCO";"type_random";381;"680000338";"MCO";"Grand-Est";1;1;1;0;0;TRUE;10
1382;"random_MCO";"type_random";382;"340780139";"MCO";"Occitanie";1;1;1;0;0;TRUE;41
1383;"random_MCO";"type_random";383;"480001783";"MCO";"Occitanie";1;1;1;0;0;TRUE;7
1384;"random_MCO";"type_random";384;"690023411";"MCO";"Auvergne-Rhône-Alpes";1;1;1;0;0;TRUE;45
1385;"random_MCO";"type_random";385;"060780491";"MCO";"Provence-Alpes-Côte d'Azur";1;1;1;0;0;TRUE;13
1386;"random_MCO";"type_random";386;"340796663";"MCO";"Occitanie";1;1;1;0;0;TRUE;8
1387;"random_MCO";"type_random";387;"300788502";"MCO";"Occitanie";1;1;1;0;0;TRUE;14
1388;"random_MCO";"type_random";388;"780300422";"MCO";"Île-de-France";1;1;1;0;0;TRUE;4
1389;"random_MCO";"type_random";389;"360000962";"MCO";"Centre-Val de Loire";2;1;2;0;0;TRUE;57
1390;"random_MCO";"type_random";390;"490007499";"MCO";"Pays de la Loire";1;1;1;0;0;TRUE;19
1391;"random_MCO";"type_random";391;"570000117";"MCO";"Grand-Est";1;1;1;0;0;TRUE;35
1392;"random_MCO";"type_random";392;"010780294";"MCO";"Auvergne-Rhône-Alpes";1;1;1;0;0;TRUE;2
1393;"random_MCO";"type_random";393;"210986840";"MCO";"Bourgogne-Franche-Comté";1;1;1;0;0;TRUE;16
1394;"random_MCO";"type_random";394;"590816310";"MCO";"Hauts-de-France";1;1;1;0;0;TRUE;15
1395;"random_MCO";"type_random";395;"290000140";"MCO";"Bretagne";1;1;1;0;0;TRUE;14
1396;"random_MCO";"type_random";396;"350000139";"MCO";"Bretagne";1;1;1;0;0;TRUE;2
1397;"random_MCO";"type_random";397;"600110175";"MCO";"Hauts-de-France";1;1;1;0;0;TRUE;5
1398;"random_MCO";"type_random";398;"290029669";"MCO";"Bretagne";1;1;1;0;0;TRUE;6
1399;"random_MCO";"type_random";399;"570000216";"MCO";"Grand-Est";1;1;1;0;0;TRUE;36
1400;"random_MCO";"type_random";400;"860780311";"MCO";"Nouvelle-Aquitaine";1;1;1;0;0;TRUE;49
1401;"random_MCO";"type_random";401;"830213617";"MCO";"Provence-Alpes-Côte d'Azur";1;1;1;0;0;TRUE;4
1402;"random_MCO";"type_random";402;"440055945";"MCO";"Pays de la Loire";1;1;1;0;0;TRUE;17
1403;"random_MCO";"type_random";403;"830100392";"MCO";"Provence-Alpes-Côte d'Azur";1;1;1;0;0;TRUE;8
1404;"random_MCO";"type_random";404;"940000631";"MCO";"Île-de-France";1;1;1;0;0;TRUE;30
1405;"random_MCO";"type_random";405;"190013219";"MCO";"Nouvelle-Aquitaine";1;1;1;0;0;TRUE;5
1406;"random_MCO";"type_random";406;"070000112";"MCO";"Auvergne-Rhône-Alpes";1;1;1;0;0;TRUE;46
1407;"random_MCO";"type_random";407;"300787421";"MCO";"Occitanie";1;1;1;0;0;TRUE;23
1408;"random_MCO";"type_random";408;"690807367";"MCO";"Auvergne-Rhône-Alpes";2;191;1;0;0;TRUE;197
1409;"random_MCO";"type_random";409;"910000330";"MCO";"Île-de-France";1;1;1;0;0;TRUE;14
1410;"random_MCO";"type_random";410;"300008638";"MCO";"Occitanie";1;1;1;0;0;TRUE;10
1411;"random_MCO";"type_random";411;"330000589";"MCO";"Nouvelle-Aquitaine";2;9;1;0;0;TRUE;80
1412;"random_MCO";"type_random";412;"590788964";"MCO";"Hauts-de-France";1;1;1;0;0;TRUE;4
1413;"random_MCO";"type_random";413;"180000200";"MCO";"Centre-Val de Loire";1;1;1;0;0;TRUE;4
1414;"random_MCO";"type_random";414;"750150187";"MCO";"Île-de-France";1;1;1;0;0;TRUE;5
1415;"random_MCO";"type_random";415;"920000619";"MCO";"Île-de-France";0;1;0;0;0;TRUE;1
1416;"random_MCO";"type_random";416;"440005080";"MCO";"Pays de la Loire";1;1;1;0;0;TRUE;82
1417;"random_MCO";"type_random";417;"690023239";"MCO";"Auvergne-Rhône-Alpes";2;63;2;0;0;TRUE;171
1418;"random_MCO";"type_random";418;"130043664";"MCO";"Provence-Alpes-Côte d'Azur";1;1;1;0;0;TRUE;2
1419;"random_MCO";"type_random";419;"340020221";"MCO";"Occitanie";2;40;1;0;0;TRUE;123
1420;"random_MCO";"type_random";420;"340013168";"MCO";"Occitanie";1;1;1;0;0;TRUE;3
1421;"random_MCO";"type_random";421;"910000330";"MCO";"Île-de-France";1;1;1;0;0;TRUE;20
1422;"random_MCO";"type_random";422;"620100750";"MCO";"Hauts-de-France";1;1;1;0;0;TRUE;79
1423;"random_MCO";"type_random";423;"830200523";"MCO";"Provence-Alpes-Côte d'Azur";4;58;3;0;0;TRUE;161
1424;"random_MCO";"type_random";424;"130809809";"MCO";"Provence-Alpes-Côte d'Azur";2;71;1;0;0;TRUE;192
1425;"random_MCO";"type_random";425;"180000200";"MCO";"Centre-Val de Loire";1;1;1;0;0;TRUE;17
1426;"random_MCO";"type_random";426;"660005208";"MCO";"Occitanie";1;1;1;0;0;TRUE;16
1427;"random_MCO";"type_random";427;"130050917";"MCO";"Provence-Alpes-Côte d'Azur";1;1;1;0;0;TRUE;90
1428;"random_MCO";"type_random";428;"780000329";"MCO";"Île-de-France";1;1;1;0;0;TRUE;37
1429;"random_MCO";"type_random";429;"740781141";"MCO";"Auvergne-Rhône-Alpes";1;1;1;0;0;TRUE;14
1430;"random_MCO";"type_random";430;"340780741";"MCO";"Occitanie";1;1;1;0;0;TRUE;74
1431;"random_MCO";"type_random";431;"620024208";"MCO";"Hauts-de-France";1;1;1;0;0;TRUE;3
1432;"random_MCO";"type_random";432;"940000631";"MCO";"Île-de-France";1;1;1;0;0;TRUE;3
1433;"random_MCO";"type_random";433;"490002037";"MCO";"Pays de la Loire";1;1;1;0;0;TRUE;5
1434;"random_MCO";"type_random";434;"780300422";"MCO";"Île-de-France";1;1;1;0;0;TRUE;33
1435;"random_MCO";"type_random";435;"950000349";"MCO";"Île-de-France";1;1;1;0;0;TRUE;4
1436;"random_MCO";"type_random";436;"060021276";"MCO";"Provence-Alpes-Côte d'Azur";0;1;0;0;0;TRUE;1
1437;"random_MCO";"type_random";437;"130785678";"MCO";"Provence-Alpes-Côte d'Azur";1;1;1;0;0;TRUE;2
1438;"random_MCO";"type_random";438;"650784218";"MCO";"Occitanie";1;1;1;0;0;TRUE;27
1439;"random_MCO";"type_random";439;"570001016";"MCO";"Grand-Est";1;1;1;0;0;TRUE;6
1440;"random_MCO";"type_random";440;"810101444";"MCO";"Occitanie";1;1;1;0;0;TRUE;20
1441;"random_MCO";"type_random";441;"630781821";"MCO";"Auvergne-Rhône-Alpes";1;1;1;0;0;TRUE;21
1442;"random_MCO";"type_random";442;"910300011";"MCO";"Île-de-France";1;1;1;0;0;TRUE;15
1443;"random_MCO";"type_random";443;"750000549";"MCO";"Île-de-France";1;1;1;0;0;TRUE;3
1444;"random_MCO";"type_random";444;"040000911";"MCO";"Provence-Alpes-Côte d'Azur";1;1;1;0;0;TRUE;6
1445;"random_MCO";"type_random";445;"440001113";"MCO";"Pays de la Loire";1;1;1;0;0;TRUE;6
1446;"random_MCO";"type_random";446;"830213625";"MCO";"Provence-Alpes-Côte d'Azur";1;1;1;0;0;TRUE;3
1447;"random_MCO";"type_random";447;"340013309";"MCO";"Occitanie";1;1;1;0;0;TRUE;2
1448;"random_MCO";"type_random";448;"840018337";"MCO";"Provence-Alpes-Côte d'Azur";1;1;1;0;0;TRUE;2
1449;"random_MCO";"type_random";449;"440039568";"MCO";"Pays de la Loire";1;1;1;0;0;TRUE;86
1450;"random_MCO";"type_random";450;"380780197";"MCO";"Auvergne-Rhône-Alpes";3;260;2;0;0;TRUE;326
1451;"random_MCO";"type_random";451;"780300406";"MCO";"Île-de-France";1;1;1;0;0;TRUE;20
1452;"random_MCO";"type_random";452;"350000188";"MCO";"Bretagne";1;1;1;0;0;TRUE;62
1453;"random_MCO";"type_random";453;"640017646";"MCO";"Nouvelle-Aquitaine";1;1;1;0;0;TRUE;28
1454;"random_MCO";"type_random";454;"690023239";"MCO";"Auvergne-Rhône-Alpes";1;1;1;0;0;TRUE;30
1455;"random_MCO";"type_random";455;"840012538";"MCO";"Provence-Alpes-Côte d'Azur";1;1;1;0;0;TRUE;10
1456;"random_MCO";"type_random";456;"440055945";"MCO";"Pays de la Loire";1;1;1;0;0;TRUE;2
1457;"random_MCO";"type_random";457;"840013445";"MCO";"Provence-Alpes-Côte d'Azur";1;1;1;0;0;TRUE;25
1458;"random_MCO";"type_random";458;"470016049";"MCO";"Nouvelle-Aquitaine";0;1;0;0;0;TRUE;1
1459;"random_MCO";"type_random";459;"060780491";"MCO";"Provence-Alpes-Côte d'Azur";1;1;1;0;0;TRUE;3
1460;"random_MCO";"type_random";460;"300017431";"MCO";"Occitanie";1;1;1;0;0;TRUE;2
1461;"random_MCO";"type_random";461;"750300840";"MCO";"Île-de-France";0;1;0;0;0;TRUE;1
1462;"random_MCO";"type_random";462;"330000662";"MCO";"Nouvelle-Aquitaine";1;1;1;0;0;TRUE;26
1463;"random_MCO";"type_random";463;"590060901";"MCO";"Hauts-de-France";1;1;1;0;0;TRUE;64
1464;"random_MCO";"type_random";464;"950300095";"MCO";"Île-de-France";1;1;1;0;0;TRUE;23
1465;"random_MCO";"type_random";465;"750066813";"MCO";"Île-de-France";1;1;1;0;0;TRUE;18
1466;"random_MCO";"type_random";466;"240000216";"MCO";"Nouvelle-Aquitaine";1;1;1;0;0;TRUE;4
1467;"random_MCO";"type_random";467;"350042131";"MCO";"Bretagne";1;1;1;0;0;TRUE;7
1468;"random_MCO";"type_random";468;"100000082";"MCO";"Grand-Est";1;1;1;0;0;TRUE;10
1469;"random_MCO";"type_random";469;"740011515";"MCO";"Auvergne-Rhône-Alpes";1;1;1;0;0;TRUE;5
1470;"random_MCO";"type_random";470;"040000093";"MCO";"Provence-Alpes-Côte d'Azur";1;1;1;0;0;TRUE;4
1471;"random_MCO";"type_random";471;"330780487";"MCO";"Nouvelle-Aquitaine";0;1;0;0;0;TRUE;1
1472;"random_MCO";"type_random";472;"750100109";"MCO";"Île-de-France";0;1;0;0;0;TRUE;1
1473;"random_MCO";"type_random";473;"590796975";"MCO";"Hauts-de-France";2;10;2;0;0;TRUE;95
1474;"random_MCO";"type_random";474;"190000026";"MCO";"Nouvelle-Aquitaine";1;1;1;0;0;TRUE;116
1475;"random_MCO";"type_random";475;"780300125";"MCO";"Île-de-France";1;1;1;0;0;TRUE;2
1476;"random_MCO";"type_random";476;"190013219";"MCO";"Nouvelle-Aquitaine";1;1;1;0;0;TRUE;63
1477;"random_MCO";"type_random";477;"750150187";"MCO";"Île-de-France";1;1;1;0;0;TRUE;12
1478;"random_MCO";"type_random";478;"130045263";"MCO";"Provence-Alpes-Côte d'Azur";2;16;1;0;0;TRUE;224
1479;"random_MCO";"type_random";479;"540001286";"MCO";"Grand-Est";1;1;1;0;0;TRUE;21
1480;"random_MCO";"type_random";480;"420011413";"MCO";"Auvergne-Rhône-Alpes";1;1;1;0;0;TRUE;2
1481;"random_MCO";"type_random";481;"350002804";"MCO";"Bretagne";1;1;1;0;0;TRUE;4
1482;"random_MCO";"type_random";482;"880006663";"MCO";"Grand-Est";1;1;1;0;0;TRUE;3
1483;"random_MCO";"type_random";483;"110004421";"MCO";"Occitanie";1;1;1;0;0;TRUE;22
1484;"random_MCO";"type_random";484;"950000349";"MCO";"Île-de-France";1;1;1;0;0;TRUE;7
1485;"random_MCO";"type_random";485;"130050917";"MCO";"Provence-Alpes-Côte d'Azur";1;1;1;0;0;TRUE;2
1486;"random_MCO";"type_random";486;"930300082";"MCO";"Île-de-France";1;1;1;0;0;TRUE;10
1487;"random_MCO";"type_random";487;"270000862";"MCO";"Normandie";1;1;1;0;0;TRUE;7
1488;"random_MCO";"type_random";488;"490014909";"MCO";"Pays de la Loire";1;1;1;0;0;TRUE;61
1489;"random_MCO";"type_random";489;"830017505";"MCO";"Provence-Alpes-Côte d'Azur";1;1;1;0;0;TRUE;5
1490;"random_MCO";"type_random";490;"830100103";"MCO";"Provence-Alpes-Côte d'Azur";1;1;1;0;0;TRUE;33
1491;"random_MCO";"type_random";491;"130782147";"MCO";"Provence-Alpes-Côte d'Azur";1;1;1;0;0;TRUE;2
1492;"random_MCO";"type_random";492;"750300915";"MCO";"Île-de-France";0;1;0;0;0;TRUE;1
1493;"random_MCO";"type_random";493;"830100319";"MCO";"Provence-Alpes-Côte d'Azur";1;1;1;0;0;TRUE;8
1494;"random_MCO";"type_random";494;"340013119";"MCO";"Occitanie";1;1;1;0;0;TRUE;16
1495;"random_MCO";"type_random";495;"110005311";"MCO";"Occitanie";1;1;1;0;0;TRUE;4
1496;"random_MCO";"type_random";496;"440005080";"MCO";"Pays de la Loire";1;1;1;0;0;TRUE;5
1497;"random_MCO";"type_random";497;"590000535";"MCO";"Hauts-de-France";1;1;1;0;0;TRUE;4
1498;"random_MCO";"type_random";498;"330780446";"MCO";"Nouvelle-Aquitaine";1;1;1;0;0;TRUE;2
1499;"random_MCO";"type_random";499;"480001783";"MCO";"Occitanie";1;1;1;0;0;TRUE;8
1500;"random_MCO";"type_random";500;"750300089";"MCO";"Île-de-France";1;1;1;0;0;TRUE;6
1501;"random_MCO_SSR";"type_random";1;"890002389";"MCO/SSR";"Bourgogne-Franche-Comté";1;1;1;0;0;TRUE;35
1502;"random_MCO_SSR";"type_random";2;"660780156";"MCO/SSR";"Occitanie";1;1;1;0;0;TRUE;11
1503;"random_MCO_SSR";"type_random";3;"440000453";"MCO/SSR";"Pays de la Loire";1;1;1;0;0;TRUE;55
1504;"random_MCO_SSR";"type_random";4;"920150018";"MCO/SSR";"Île-de-France";1;1;1;0;0;TRUE;54
1505;"random_MCO_SSR";"type_random";5;"640020715";"MCO/SSR";"Nouvelle-Aquitaine";1;1;1;0;0;TRUE;44
1506;"random_MCO_SSR";"type_random";6;"070780168";"MCO/SSR";"Auvergne-Rhône-Alpes";0;1;0;0;0;TRUE;1
1507;"random_MCO_SSR";"type_random";7;"880000021";"MCO/SSR";"Grand-Est";1;1;1;0;0;TRUE;90
1508;"random_MCO_SSR";"type_random";8;"340000249";"MCO/SSR";"Occitanie";1;1;1;0;0;TRUE;27
1509;"random_MCO_SSR";"type_random";9;"690783154";"MCO/SSR";"Auvergne-Rhône-Alpes";1;1;1;0;0;TRUE;3
1510;"random_MCO_SSR";"type_random";10;"670000165";"MCO/SSR";"Grand-Est";1;1;1;0;0;TRUE;11
1511;"random_MCO_SSR";"type_random";11;"880788591";"MCO/SSR";"Grand-Est";1;1;1;0;0;TRUE;2
1512;"random_MCO_SSR";"type_random";12;"570000091";"MCO/SSR";"Grand-Est";1;1;1;0;0;TRUE;7
1513;"random_MCO_SSR";"type_random";13;"910150069";"MCO/SSR";"Île-de-France";1;1;1;0;0;TRUE;11
1514;"random_MCO_SSR";"type_random";14;"700000011";"MCO/SSR";"Bourgogne-Franche-Comté";1;1;1;0;0;TRUE;11
1515;"random_MCO_SSR";"type_random";15;"750150146";"MCO/SSR";"Île-de-France";1;1;1;0;0;TRUE;48
1516;"random_MCO_SSR";"type_random";16;"920000627";"MCO/SSR";"Île-de-France";1;1;1;0;0;TRUE;4
1517;"random_MCO_SSR";"type_random";17;"670017458";"MCO/SSR";"Grand-Est";1;1;1;0;0;TRUE;9
1518;"random_MCO_SSR";"type_random";18;"240000505";"MCO/SSR";"Nouvelle-Aquitaine";2;50;2;0;0;TRUE;161
1519;"random_MCO_SSR";"type_random";19;"320000110";"MCO/SSR";"Occitanie";1;1;1;0;0;TRUE;142
1520;"random_MCO_SSR";"type_random";20;"020000089";"MCO/SSR";"Hauts-de-France";2;51;2;0;0;TRUE;123
1521;"random_MCO_SSR";"type_random";21;"950000406";"MCO/SSR";"Île-de-France";0;1;0;0;0;TRUE;1
1522;"random_MCO_SSR";"type_random";22;"420000192";"MCO/SSR";"Auvergne-Rhône-Alpes";1;1;1;0;0;TRUE;37
1523;"random_MCO_SSR";"type_random";23;"670783133";"MCO/SSR";"Grand-Est";1;1;1;0;0;TRUE;9
1524;"random_MCO_SSR";"type_random";24;"310782016";"MCO/SSR";"Occitanie";1;1;1;0;0;TRUE;2
1525;"random_MCO_SSR";"type_random";25;"870003514";"MCO/SSR";"Nouvelle-Aquitaine";1;1;1;0;0;TRUE;19
1526;"random_MCO_SSR";"type_random";26;"320000086";"MCO/SSR";"Occitanie";1;1;1;0;0;TRUE;17
1527;"random_MCO_SSR";"type_random";27;"130782071";"MCO/SSR";"Provence-Alpes-Côte d'Azur";1;1;1;0;0;TRUE;88
1528;"random_MCO_SSR";"type_random";28;"170000038";"MCO/SSR";"Nouvelle-Aquitaine";1;1;1;0;0;TRUE;81
1529;"random_MCO_SSR";"type_random";29;"530000017";"MCO/SSR";"Pays de la Loire";1;1;1;0;0;TRUE;2
1530;"random_MCO_SSR";"type_random";30;"240000190";"MCO/SSR";"Nouvelle-Aquitaine";0;1;0;0;0;TRUE;1
1531;"random_MCO_SSR";"type_random";31;"510000169";"MCO/SSR";"Grand-Est";1;1;1;0;0;TRUE;9
1532;"random_MCO_SSR";"type_random";32;"950000323";"MCO/SSR";"Île-de-France";1;1;1;0;0;TRUE;21
1533;"random_MCO_SSR";"type_random";33;"510000466";"MCO/SSR";"Grand-Est";2;14;2;0;0;TRUE;50
1534;"random_MCO_SSR";"type_random";34;"130782071";"MCO/SSR";"Provence-Alpes-Côte d'Azur";1;1;1;0;0;TRUE;16
1535;"random_MCO_SSR";"type_random";35;"310022298";"MCO/SSR";"Occitanie";2;53;1;0;0;TRUE;142
1536;"random_MCO_SSR";"type_random";36;"420000234";"MCO/SSR";"Auvergne-Rhône-Alpes";1;1;1;0;0;TRUE;11
1537;"random_MCO_SSR";"type_random";37;"020000394";"MCO/SSR";"Hauts-de-France";1;1;1;0;0;TRUE;5
1538;"random_MCO_SSR";"type_random";38;"450000120";"MCO/SSR";"Centre-Val de Loire";1;1;1;0;0;TRUE;2
1539;"random_MCO_SSR";"type_random";39;"590000121";"MCO/SSR";"Hauts-de-France";1;1;1;0;0;TRUE;27
1540;"random_MCO_SSR";"type_random";40;"060000478";"MCO/SSR";"Provence-Alpes-Côte d'Azur";1;1;1;0;0;TRUE;7
1541;"random_MCO_SSR";"type_random";41;"070000021";"MCO/SSR";"Auvergne-Rhône-Alpes";1;1;1;0;0;TRUE;38
1542;"random_MCO_SSR";"type_random";42;"280000449";"MCO/SSR";"Centre-Val de Loire";1;1;1;0;0;TRUE;96
1543;"random_MCO_SSR";"type_random";43;"590000436";"MCO/SSR";"Hauts-de-France";1;1;1;0;0;TRUE;10
1544;"random_MCO_SSR";"type_random";44;"680020096";"MCO/SSR";"Grand-Est";2;53;1;0;0;TRUE;88
1545;"random_MCO_SSR";"type_random";45;"260000286";"MCO/SSR";"Auvergne-Rhône-Alpes";1;1;1;0;0;TRUE;110
1546;"random_MCO_SSR";"type_random";46;"780000378";"MCO/SSR";"Île-de-France";1;1;1;0;0;TRUE;5
1547;"random_MCO_SSR";"type_random";47;"640000162";"MCO/SSR";"Nouvelle-Aquitaine";1;1;1;0;0;TRUE;4
1548;"random_MCO_SSR";"type_random";48;"890000169";"MCO/SSR";"Bourgogne-Franche-Comté";1;1;1;0;0;TRUE;21
1549;"random_MCO_SSR";"type_random";49;"910150028";"MCO/SSR";"Île-de-France";1;1;1;0;0;TRUE;42
1550;"random_MCO_SSR";"type_random";50;"690000625";"MCO/SSR";"Auvergne-Rhône-Alpes";1;1;1;0;0;TRUE;8
1551;"random_MCO_SSR";"type_random";51;"590000774";"MCO/SSR";"Hauts-de-France";1;1;1;0;0;TRUE;23
1552;"random_MCO_SSR";"type_random";52;"670000272";"MCO/SSR";"Grand-Est";1;1;1;0;0;TRUE;4
1553;"random_MCO_SSR";"type_random";53;"580780138";"MCO/SSR";"Bourgogne-Franche-Comté";1;1;1;0;0;TRUE;226
1554;"random_MCO_SSR";"type_random";54;"840000558";"MCO/SSR";"Provence-Alpes-Côte d'Azur";1;1;1;0;0;TRUE;23
1555;"random_MCO_SSR";"type_random";55;"220000483";"MCO/SSR";"Bretagne";1;1;1;0;0;TRUE;7
1556;"random_MCO_SSR";"type_random";56;"310781695";"MCO/SSR";"Occitanie";1;1;1;0;0;TRUE;64
1557;"random_MCO_SSR";"type_random";57;"510012040";"MCO/SSR";"Grand-Est";1;1;1;0;0;TRUE;206
1558;"random_MCO_SSR";"type_random";58;"540000478";"MCO/SSR";"Grand-Est";1;1;1;0;0;TRUE;12
1559;"random_MCO_SSR";"type_random";59;"470000571";"MCO/SSR";"Nouvelle-Aquitaine";1;1;1;0;0;TRUE;11
1560;"random_MCO_SSR";"type_random";60;"440000560";"MCO/SSR";"Pays de la Loire";3;145;2;0;0;TRUE;346
1561;"random_MCO_SSR";"type_random";61;"740000328";"MCO/SSR";"Auvergne-Rhône-Alpes";1;1;1;0;0;TRUE;3
1562;"random_MCO_SSR";"type_random";62;"300782117";"MCO/SSR";"Occitanie";1;1;1;0;0;TRUE;99
1563;"random_MCO_SSR";"type_random";63;"230000846";"MCO/SSR";"Nouvelle-Aquitaine";1;1;1;0;0;TRUE;12
1564;"random_MCO_SSR";"type_random";64;"470000563";"MCO/SSR";"Nouvelle-Aquitaine";1;1;1;0;0;TRUE;35
1565;"random_MCO_SSR";"type_random";65;"910020254";"MCO/SSR";"Île-de-France";1;1;1;0;0;TRUE;6
1566;"random_MCO_SSR";"type_random";66;"640780938";"MCO/SSR";"Nouvelle-Aquitaine";1;1;1;0;0;TRUE;79
1567;"random_MCO_SSR";"type_random";67;"2A0002051";"MCO/SSR";"Corse";1;1;1;0;0;TRUE;16
1568;"random_MCO_SSR";"type_random";68;"560000366";"MCO/SSR";"Bretagne";1;1;1;0;0;TRUE;8
1569;"random_MCO_SSR";"type_random";69;"320000144";"MCO/SSR";"Occitanie";1;1;1;0;0;TRUE;21
1570;"random_MCO_SSR";"type_random";70;"750150252";"MCO/SSR";"Île-de-France";1;1;1;0;0;TRUE;4
1571;"random_MCO_SSR";"type_random";71;"490000320";"MCO/SSR";"Pays de la Loire";2;14;2;0;0;TRUE;59
1572;"random_MCO_SSR";"type_random";72;"920803798";"MCO/SSR";"Île-de-France";1;1;1;0;0;TRUE;56
1573;"random_MCO_SSR";"type_random";73;"440000560";"MCO/SSR";"Pays de la Loire";1;1;1;0;0;TRUE;8
1574;"random_MCO_SSR";"type_random";74;"240000513";"MCO/SSR";"Nouvelle-Aquitaine";2;81;1;0;0;TRUE;223
1575;"random_MCO_SSR";"type_random";75;"640005591";"MCO/SSR";"Nouvelle-Aquitaine";2;22;1;0;0;TRUE;41
1576;"random_MCO_SSR";"type_random";76;"780000303";"MCO/SSR";"Île-de-France";1;1;1;0;0;TRUE;7
1577;"random_MCO_SSR";"type_random";77;"920000569";"MCO/SSR";"Île-de-France";1;1;1;0;0;TRUE;14
1578;"random_MCO_SSR";"type_random";78;"330780495";"MCO/SSR";"Nouvelle-Aquitaine";1;1;1;0;0;TRUE;8
1579;"random_MCO_SSR";"type_random";79;"340000181";"MCO/SSR";"Occitanie";2;76;2;0;0;TRUE;109
1580;"random_MCO_SSR";"type_random";80;"230000838";"MCO/SSR";"Nouvelle-Aquitaine";1;1;1;0;0;TRUE;11
1581;"random_MCO_SSR";"type_random";81;"670780170";"MCO/SSR";"Grand-Est";1;1;1;0;0;TRUE;41
1582;"random_MCO_SSR";"type_random";82;"600100101";"MCO/SSR";"Hauts-de-France";1;1;1;0;0;TRUE;62
1583;"random_MCO_SSR";"type_random";83;"940000599";"MCO/SSR";"Île-de-France";2;22;2;0;0;TRUE;41
1584;"random_MCO_SSR";"type_random";84;"700000029";"MCO/SSR";"Bourgogne-Franche-Comté";2;7;2;0;0;TRUE;51
1585;"random_MCO_SSR";"type_random";85;"020001087";"MCO/SSR";"Hauts-de-France";1;1;1;0;0;TRUE;14
1586;"random_MCO_SSR";"type_random";86;"090000183";"MCO/SSR";"Occitanie";1;1;1;0;0;TRUE;64
1587;"random_MCO_SSR";"type_random";87;"750100299";"MCO/SSR";"Île-de-France";1;1;1;0;0;TRUE;13
1588;"random_MCO_SSR";"type_random";88;"350005021";"MCO/SSR";"Bretagne";1;1;1;0;0;TRUE;6
1589;"random_MCO_SSR";"type_random";89;"030002208";"MCO/SSR";"Auvergne-Rhône-Alpes";1;1;1;0;0;TRUE;36
1590;"random_MCO_SSR";"type_random";90;"950300277";"MCO/SSR";"Île-de-France";1;1;1;0;0;TRUE;5
1591;"random_MCO_SSR";"type_random";91;"080000110";"MCO/SSR";"Grand-Est";0;1;0;0;0;TRUE;1
1592;"random_MCO_SSR";"type_random";92;"590791653";"MCO/SSR";"Hauts-de-France";1;1;1;0;0;TRUE;7
1593;"random_MCO_SSR";"type_random";93;"690000625";"MCO/SSR";"Auvergne-Rhône-Alpes";1;1;1;0;0;TRUE;13
1594;"random_MCO_SSR";"type_random";94;"590033429";"MCO/SSR";"Hauts-de-France";1;1;1;0;0;TRUE;60
1595;"random_MCO_SSR";"type_random";95;"540000155";"MCO/SSR";"Grand-Est";1;1;1;0;0;TRUE;2
1596;"random_MCO_SSR";"type_random";96;"320000086";"MCO/SSR";"Occitanie";1;1;1;0;0;TRUE;7
1597;"random_MCO_SSR";"type_random";97;"560003980";"MCO/SSR";"Bretagne";1;1;1;0;0;TRUE;24
1598;"random_MCO_SSR";"type_random";98;"590000543";"MCO/SSR";"Hauts-de-France";1;1;1;0;0;TRUE;34
1599;"random_MCO_SSR";"type_random";99;"350000204";"MCO/SSR";"Bretagne";1;1;1;0;0;TRUE;3
1600;"random_MCO_SSR";"type_random";100;"260000120";"MCO/SSR";"Auvergne-Rhône-Alpes";1;1;1;0;0;TRUE;8
1601;"random_MCO_SSR";"type_random";101;"640781308";"MCO/SSR";"Nouvelle-Aquitaine";1;1;1;0;0;TRUE;47
1602;"random_MCO_SSR";"type_random";102;"570000992";"MCO/SSR";"Grand-Est";1;1;1;0;0;TRUE;16
1603;"random_MCO_SSR";"type_random";103;"350006771";"MCO/SSR";"Bretagne";1;1;1;0;0;TRUE;5
1604;"random_MCO_SSR";"type_random";104;"760783035";"MCO/SSR";"Normandie";2;171;2;0;0;TRUE;226
1605;"random_MCO_SSR";"type_random";105;"860000223";"MCO/SSR";"Nouvelle-Aquitaine";1;1;1;0;0;TRUE;2
1606;"random_MCO_SSR";"type_random";106;"070000021";"MCO/SSR";"Auvergne-Rhône-Alpes";1;1;1;0;0;TRUE;20
1607;"random_MCO_SSR";"type_random";107;"590000691";"MCO/SSR";"Hauts-de-France";1;1;1;0;0;TRUE;26
1608;"random_MCO_SSR";"type_random";108;"170000137";"MCO/SSR";"Nouvelle-Aquitaine";0;1;0;0;0;TRUE;1
1609;"random_MCO_SSR";"type_random";109;"450000070";"MCO/SSR";"Centre-Val de Loire";1;1;1;0;0;TRUE;14
1610;"random_MCO_SSR";"type_random";110;"700000011";"MCO/SSR";"Bourgogne-Franche-Comté";1;1;1;0;0;TRUE;6
1611;"random_MCO_SSR";"type_random";111;"670783273";"MCO/SSR";"Grand-Est";1;1;1;0;0;TRUE;4
1612;"random_MCO_SSR";"type_random";112;"620105940";"MCO/SSR";"Hauts-de-France";1;1;1;0;0;TRUE;38
1613;"random_MCO_SSR";"type_random";113;"440000453";"MCO/SSR";"Pays de la Loire";1;1;1;0;0;TRUE;40
1614;"random_MCO_SSR";"type_random";114;"500000302";"MCO/SSR";"Normandie";1;1;1;0;0;TRUE;23
1615;"random_MCO_SSR";"type_random";115;"330781402";"MCO/SSR";"Nouvelle-Aquitaine";1;1;1;0;0;TRUE;16
1616;"random_MCO_SSR";"type_random";116;"010000107";"MCO/SSR";"Auvergne-Rhône-Alpes";1;1;1;0;0;TRUE;7
1617;"random_MCO_SSR";"type_random";117;"920000569";"MCO/SSR";"Île-de-France";1;1;1;0;0;TRUE;7
1618;"random_MCO_SSR";"type_random";118;"170780662";"MCO/SSR";"Nouvelle-Aquitaine";1;1;1;0;0;TRUE;15
1619;"random_MCO_SSR";"type_random";119;"100000116";"MCO/SSR";"Grand-Est";1;1;1;0;0;TRUE;16
1620;"random_MCO_SSR";"type_random";120;"590001004";"MCO/SSR";"Hauts-de-France";1;1;1;0;0;TRUE;2
1621;"random_MCO_SSR";"type_random";121;"110000056";"MCO/SSR";"Occitanie";1;1;1;0;0;TRUE;15
1622;"random_MCO_SSR";"type_random";122;"2A0000139";"MCO/SSR";"Corse";2;14;2;0;0;TRUE;91
1623;"random_MCO_SSR";"type_random";123;"650006638";"MCO/SSR";"Occitanie";3;55;3;0;0;TRUE;162
1624;"random_MCO_SSR";"type_random";124;"220000566";"MCO/SSR";"Bretagne";3;18;2;0;0;TRUE;37
1625;"random_MCO_SSR";"type_random";125;"490000262";"MCO/SSR";"Pays de la Loire";1;1;1;0;0;TRUE;14
1626;"random_MCO_SSR";"type_random";126;"930300553";"MCO/SSR";"Île-de-France";1;1;1;0;0;TRUE;25
1627;"random_MCO_SSR";"type_random";127;"330781360";"MCO/SSR";"Nouvelle-Aquitaine";1;1;1;0;0;TRUE;13
1628;"random_MCO_SSR";"type_random";128;"360000145";"MCO/SSR";"Centre-Val de Loire";1;1;1;0;0;TRUE;3
1629;"random_MCO_SSR";"type_random";129;"640780623";"MCO/SSR";"Nouvelle-Aquitaine";1;1;1;0;0;TRUE;27
1630;"random_MCO_SSR";"type_random";130;"610000119";"MCO/SSR";"Normandie";1;1;1;0;0;TRUE;19
1631;"random_MCO_SSR";"type_random";131;"520000043";"MCO/SSR";"Grand-Est";1;1;1;0;0;TRUE;15
1632;"random_MCO_SSR";"type_random";132;"840000517";"MCO/SSR";"Provence-Alpes-Côte d'Azur";1;1;1;0;0;TRUE;84
1633;"random_MCO_SSR";"type_random";133;"560000275";"MCO/SSR";"Bretagne";1;1;1;0;0;TRUE;54
1634;"random_MCO_SSR";"type_random";134;"600000046";"MCO/SSR";"Hauts-de-France";2;19;2;0;0;TRUE;166
1635;"random_MCO_SSR";"type_random";135;"800000184";"MCO/SSR";"Hauts-de-France";1;1;1;0;0;TRUE;22
1636;"random_MCO_SSR";"type_random";136;"840000343";"MCO/SSR";"Provence-Alpes-Côte d'Azur";1;1;1;0;0;TRUE;32
1637;"random_MCO_SSR";"type_random";137;"930300546";"MCO/SSR";"Île-de-France";1;1;1;0;0;TRUE;43
1638;"random_MCO_SSR";"type_random";138;"690000088";"MCO/SSR";"Auvergne-Rhône-Alpes";1;1;1;0;0;TRUE;156
1639;"random_MCO_SSR";"type_random";139;"580780187";"MCO/SSR";"Bourgogne-Franche-Comté";1;1;1;0;0;TRUE;14
1640;"random_MCO_SSR";"type_random";140;"260000195";"MCO/SSR";"Auvergne-Rhône-Alpes";1;1;1;0;0;TRUE;18
1641;"random_MCO_SSR";"type_random";141;"130000565";"MCO/SSR";"Provence-Alpes-Côte d'Azur";1;1;1;0;0;TRUE;5
1642;"random_MCO_SSR";"type_random";142;"120004668";"MCO/SSR";"Occitanie";1;1;1;0;0;TRUE;3
1643;"random_MCO_SSR";"type_random";143;"430000356";"MCO/SSR";"Auvergne-Rhône-Alpes";1;1;1;0;0;TRUE;20
1644;"random_MCO_SSR";"type_random";144;"770000172";"MCO/SSR";"Île-de-France";2;14;2;0;0;TRUE;66
1645;"random_MCO_SSR";"type_random";145;"640000600";"MCO/SSR";"Nouvelle-Aquitaine";1;1;1;0;0;TRUE;14
1646;"random_MCO_SSR";"type_random";146;"340780568";"MCO/SSR";"Occitanie";1;1;1;0;0;TRUE;54
1647;"random_MCO_SSR";"type_random";147;"330780479";"MCO/SSR";"Nouvelle-Aquitaine";1;1;1;0;0;TRUE;19
1648;"random_MCO_SSR";"type_random";148;"470000563";"MCO/SSR";"Nouvelle-Aquitaine";1;1;1;0;0;TRUE;3
1649;"random_MCO_SSR";"type_random";149;"690007539";"MCO/SSR";"Auvergne-Rhône-Alpes";1;1;1;0;0;TRUE;46
1650;"random_MCO_SSR";"type_random";150;"650780398";"MCO/SSR";"Occitanie";1;1;1;0;0;TRUE;38
1651;"random_MCO_SSR";"type_random";151;"070000062";"MCO/SSR";"Auvergne-Rhône-Alpes";1;1;1;0;0;TRUE;15
1652;"random_MCO_SSR";"type_random";152;"920000627";"MCO/SSR";"Île-de-France";1;1;1;0;0;TRUE;17
1653;"random_MCO_SSR";"type_random";153;"370000580";"MCO/SSR";"Centre-Val de Loire";1;1;1;0;0;TRUE;13
1654;"random_MCO_SSR";"type_random";154;"510002447";"MCO/SSR";"Grand-Est";1;1;1;0;0;TRUE;2
1655;"random_MCO_SSR";"type_random";155;"590000014";"MCO/SSR";"Hauts-de-France";1;1;1;0;0;TRUE;29
1656;"random_MCO_SSR";"type_random";156;"670000157";"MCO/SSR";"Grand-Est";1;1;1;0;0;TRUE;18
1657;"random_MCO_SSR";"type_random";157;"040000135";"MCO/SSR";"Provence-Alpes-Côte d'Azur";3;39;3;0;0;TRUE;116
1658;"random_MCO_SSR";"type_random";158;"050000066";"MCO/SSR";"Provence-Alpes-Côte d'Azur";2;53;1;0;0;TRUE;148
1659;"random_MCO_SSR";"type_random";159;"350000212";"MCO/SSR";"Bretagne";1;1;1;0;0;TRUE;2
1660;"random_MCO_SSR";"type_random";160;"060000544";"MCO/SSR";"Provence-Alpes-Côte d'Azur";1;1;1;0;0;TRUE;2
1661;"random_MCO_SSR";"type_random";161;"640781308";"MCO/SSR";"Nouvelle-Aquitaine";1;1;1;0;0;TRUE;15
1662;"random_MCO_SSR";"type_random";162;"300000023";"MCO/SSR";"Occitanie";1;1;1;0;0;TRUE;7
1663;"random_MCO_SSR";"type_random";163;"130780521";"MCO/SSR";"Provence-Alpes-Côte d'Azur";1;1;1;0;0;TRUE;14
1664;"random_MCO_SSR";"type_random";164;"330000217";"MCO/SSR";"Nouvelle-Aquitaine";4;193;2;0;0;TRUE;296
1665;"random_MCO_SSR";"type_random";165;"920100062";"MCO/SSR";"Île-de-France";4;85;1;0;0;TRUE;156
1666;"random_MCO_SSR";"type_random";166;"650780398";"MCO/SSR";"Occitanie";1;1;1;0;0;TRUE;11
1667;"random_MCO_SSR";"type_random";167;"430000299";"MCO/SSR";"Auvergne-Rhône-Alpes";1;1;1;0;0;TRUE;21
1668;"random_MCO_SSR";"type_random";168;"270000441";"MCO/SSR";"Normandie";1;1;1;0;0;TRUE;29
1669;"random_MCO_SSR";"type_random";169;"390000065";"MCO/SSR";"Bourgogne-Franche-Comté";1;1;1;0;0;TRUE;26
1670;"random_MCO_SSR";"type_random";170;"790009948";"MCO/SSR";"Nouvelle-Aquitaine";1;1;1;0;0;TRUE;40
1671;"random_MCO_SSR";"type_random";171;"130000516";"MCO/SSR";"Provence-Alpes-Côte d'Azur";1;1;1;0;0;TRUE;71
1672;"random_MCO_SSR";"type_random";172;"510000466";"MCO/SSR";"Grand-Est";1;1;1;0;0;TRUE;44
1673;"random_MCO_SSR";"type_random";173;"590806360";"MCO/SSR";"Hauts-de-France";2;74;1;0;0;TRUE;262
1674;"random_MCO_SSR";"type_random";174;"130781479";"MCO/SSR";"Provence-Alpes-Côte d'Azur";1;1;1;0;0;TRUE;26
1675;"random_MCO_SSR";"type_random";175;"260000286";"MCO/SSR";"Auvergne-Rhône-Alpes";1;1;1;0;0;TRUE;46
1676;"random_MCO_SSR";"type_random";176;"570000596";"MCO/SSR";"Grand-Est";1;1;1;0;0;TRUE;13
1677;"random_MCO_SSR";"type_random";177;"710978255";"MCO/SSR";"Bourgogne-Franche-Comté";1;1;1;0;0;TRUE;53
1678;"random_MCO_SSR";"type_random";178;"930300546";"MCO/SSR";"Île-de-France";1;1;1;0;0;TRUE;26
1679;"random_MCO_SSR";"type_random";179;"810000505";"MCO/SSR";"Occitanie";1;1;1;0;0;TRUE;4
1680;"random_MCO_SSR";"type_random";180;"390000040";"MCO/SSR";"Bourgogne-Franche-Comté";1;1;1;0;0;TRUE;16
1681;"random_MCO_SSR";"type_random";181;"500000187";"MCO/SSR";"Normandie";1;1;1;0;0;TRUE;20
1682;"random_MCO_SSR";"type_random";182;"180000010";"MCO/SSR";"Centre-Val de Loire";1;1;1;0;0;TRUE;14
1683;"random_MCO_SSR";"type_random";183;"030781116";"MCO/SSR";"Auvergne-Rhône-Alpes";0;1;0;0;0;TRUE;1
1684;"random_MCO_SSR";"type_random";184;"920000569";"MCO/SSR";"Île-de-France";1;1;1;0;0;TRUE;23
1685;"random_MCO_SSR";"type_random";185;"030000079";"MCO/SSR";"Auvergne-Rhône-Alpes";0;1;0;0;0;TRUE;1
1686;"random_MCO_SSR";"type_random";186;"420782591";"MCO/SSR";"Auvergne-Rhône-Alpes";1;1;1;0;0;TRUE;17
1687;"random_MCO_SSR";"type_random";187;"500000435";"MCO/SSR";"Normandie";1;1;1;0;0;TRUE;17
1688;"random_MCO_SSR";"type_random";188;"710978263";"MCO/SSR";"Bourgogne-Franche-Comté";1;1;1;0;0;TRUE;7
1689;"random_MCO_SSR";"type_random";189;"620006049";"MCO/SSR";"Hauts-de-France";1;1;1;0;0;TRUE;18
1690;"random_MCO_SSR";"type_random";190;"740011481";"MCO/SSR";"Auvergne-Rhône-Alpes";1;1;1;0;0;TRUE;58
1691;"random_MCO_SSR";"type_random";191;"870003514";"MCO/SSR";"Nouvelle-Aquitaine";1;1;1;0;0;TRUE;33
1692;"random_MCO_SSR";"type_random";192;"340000215";"MCO/SSR";"Occitanie";3;16;3;0;0;TRUE;210
1693;"random_MCO_SSR";"type_random";193;"430007450";"MCO/SSR";"Auvergne-Rhône-Alpes";1;1;1;0;0;TRUE;11
1694;"random_MCO_SSR";"type_random";194;"940100019";"MCO/SSR";"Île-de-France";1;1;1;0;0;TRUE;12
1695;"random_MCO_SSR";"type_random";195;"940000656";"MCO/SSR";"Île-de-France";1;1;1;0;0;TRUE;2
1696;"random_MCO_SSR";"type_random";196;"600000285";"MCO/SSR";"Hauts-de-France";2;3;2;0;0;TRUE;23
1697;"random_MCO_SSR";"type_random";197;"940100035";"MCO/SSR";"Île-de-France";1;1;1;0;0;TRUE;34
1698;"random_MCO_SSR";"type_random";198;"510012040";"MCO/SSR";"Grand-Est";1;1;1;0;0;TRUE;34
1699;"random_MCO_SSR";"type_random";199;"930300264";"MCO/SSR";"Île-de-France";1;1;1;0;0;TRUE;7
1700;"random_MCO_SSR";"type_random";200;"290000066";"MCO/SSR";"Bretagne";1;1;1;0;0;TRUE;45
1701;"random_MCO_SSR";"type_random";201;"600100861";"MCO/SSR";"Hauts-de-France";0;1;0;0;0;TRUE;1
1702;"random_MCO_SSR";"type_random";202;"030000079";"MCO/SSR";"Auvergne-Rhône-Alpes";1;1;1;0;0;TRUE;19
1703;"random_MCO_SSR";"type_random";203;"160000311";"MCO/SSR";"Nouvelle-Aquitaine";1;1;1;0;0;TRUE;6
1704;"random_MCO_SSR";"type_random";204;"250000288";"MCO/SSR";"Bourgogne-Franche-Comté";1;1;1;0;0;TRUE;10
1705;"random_MCO_SSR";"type_random";205;"350053013";"MCO/SSR";"Bretagne";1;1;1;0;0;TRUE;15
1706;"random_MCO_SSR";"type_random";206;"350000162";"MCO/SSR";"Bretagne";1;1;1;0;0;TRUE;12
1707;"random_MCO_SSR";"type_random";207;"590000691";"MCO/SSR";"Hauts-de-France";1;1;1;0;0;TRUE;2
1708;"random_MCO_SSR";"type_random";208;"190000091";"MCO/SSR";"Nouvelle-Aquitaine";1;1;1;0;0;TRUE;6
1709;"random_MCO_SSR";"type_random";209;"100000140";"MCO/SSR";"Grand-Est";1;1;1;0;0;TRUE;7
1710;"random_MCO_SSR";"type_random";210;"590000618";"MCO/SSR";"Hauts-de-France";1;1;1;0;0;TRUE;13
1711;"random_MCO_SSR";"type_random";211;"540001096";"MCO/SSR";"Grand-Est";0;1;0;0;0;TRUE;1
1712;"random_MCO_SSR";"type_random";212;"830000287";"MCO/SSR";"Provence-Alpes-Côte d'Azur";1;1;1;0;0;TRUE;24
1713;"random_MCO_SSR";"type_random";213;"260000278";"MCO/SSR";"Auvergne-Rhône-Alpes";1;1;1;0;0;TRUE;46
1714;"random_MCO_SSR";"type_random";214;"680000577";"MCO/SSR";"Grand-Est";1;1;1;0;0;TRUE;2
1715;"random_MCO_SSR";"type_random";215;"930000336";"MCO/SSR";"Île-de-France";1;1;1;0;0;TRUE;13
1716;"random_MCO_SSR";"type_random";216;"760000463";"MCO/SSR";"Normandie";1;1;1;0;0;TRUE;17
1717;"random_MCO_SSR";"type_random";217;"520000068";"MCO/SSR";"Grand-Est";1;1;1;0;0;TRUE;11
1718;"random_MCO_SSR";"type_random";218;"250000635";"MCO/SSR";"Bourgogne-Franche-Comté";1;1;1;0;0;TRUE;23
1719;"random_MCO_SSR";"type_random";219;"510004302";"MCO/SSR";"Grand-Est";1;1;1;0;0;TRUE;6
1720;"random_MCO_SSR";"type_random";220;"690783154";"MCO/SSR";"Auvergne-Rhône-Alpes";1;1;1;0;0;TRUE;2
1721;"random_MCO_SSR";"type_random";221;"750100083";"MCO/SSR";"Île-de-France";1;1;1;0;0;TRUE;74
1722;"random_MCO_SSR";"type_random";222;"280502998";"MCO/SSR";"Centre-Val de Loire";1;1;1;0;0;TRUE;53
1723;"random_MCO_SSR";"type_random";223;"930706239";"MCO/SSR";"Île-de-France";1;1;1;0;0;TRUE;2
1724;"random_MCO_SSR";"type_random";224;"920150018";"MCO/SSR";"Île-de-France";1;1;1;0;0;TRUE;34
1725;"random_MCO_SSR";"type_random";225;"750300360";"MCO/SSR";"Île-de-France";2;53;2;0;0;TRUE;177
1726;"random_MCO_SSR";"type_random";226;"360000137";"MCO/SSR";"Centre-Val de Loire";1;1;1;0;0;TRUE;10
1727;"random_MCO_SSR";"type_random";227;"750100166";"MCO/SSR";"Île-de-France";1;1;1;0;0;TRUE;13
1728;"random_MCO_SSR";"type_random";228;"550000038";"MCO/SSR";"Grand-Est";1;1;1;0;0;TRUE;59
1729;"random_MCO_SSR";"type_random";229;"510002470";"MCO/SSR";"Grand-Est";1;1;1;0;0;TRUE;27
1730;"random_MCO_SSR";"type_random";230;"440003291";"MCO/SSR";"Pays de la Loire";1;1;1;0;0;TRUE;36
1731;"random_MCO_SSR";"type_random";231;"710978347";"MCO/SSR";"Bourgogne-Franche-Comté";1;1;1;0;0;TRUE;2
1732;"random_MCO_SSR";"type_random";232;"840000343";"MCO/SSR";"Provence-Alpes-Côte d'Azur";1;1;1;0;0;TRUE;18
1733;"random_MCO_SSR";"type_random";233;"020000394";"MCO/SSR";"Hauts-de-France";1;1;1;0;0;TRUE;28
1734;"random_MCO_SSR";"type_random";234;"560000499";"MCO/SSR";"Bretagne";1;1;1;0;0;TRUE;130
1735;"random_MCO_SSR";"type_random";235;"110000049";"MCO/SSR";"Occitanie";2;15;1;0;0;TRUE;21
1736;"random_MCO_SSR";"type_random";236;"660780347";"MCO/SSR";"Occitanie";1;1;1;0;0;TRUE;35
1737;"random_MCO_SSR";"type_random";237;"840000483";"MCO/SSR";"Provence-Alpes-Côte d'Azur";1;1;1;0;0;TRUE;9
1738;"random_MCO_SSR";"type_random";238;"670000165";"MCO/SSR";"Grand-Est";1;1;1;0;0;TRUE;3
1739;"random_MCO_SSR";"type_random";239;"620100487";"MCO/SSR";"Hauts-de-France";1;1;1;0;0;TRUE;9
1740;"random_MCO_SSR";"type_random";240;"330781303";"MCO/SSR";"Nouvelle-Aquitaine";1;1;1;0;0;TRUE;21
1741;"random_MCO_SSR";"type_random";241;"950000307";"MCO/SSR";"Île-de-France";1;1;1;0;0;TRUE;2
1742;"random_MCO_SSR";"type_random";242;"430000299";"MCO/SSR";"Auvergne-Rhône-Alpes";1;1;1;0;0;TRUE;12
1743;"random_MCO_SSR";"type_random";243;"130811102";"MCO/SSR";"Provence-Alpes-Côte d'Azur";1;1;1;0;0;TRUE;130
1744;"random_MCO_SSR";"type_random";244;"130001225";"MCO/SSR";"Provence-Alpes-Côte d'Azur";2;12;1;0;0;TRUE;194
1745;"random_MCO_SSR";"type_random";245;"640000162";"MCO/SSR";"Nouvelle-Aquitaine";1;1;1;0;0;TRUE;86
1746;"random_MCO_SSR";"type_random";246;"680000700";"MCO/SSR";"Grand-Est";1;1;1;0;0;TRUE;6
1747;"random_MCO_SSR";"type_random";247;"650006638";"MCO/SSR";"Occitanie";1;1;1;0;0;TRUE;29
1748;"random_MCO_SSR";"type_random";248;"830000287";"MCO/SSR";"Provence-Alpes-Côte d'Azur";1;1;1;0;0;TRUE;5
1749;"random_MCO_SSR";"type_random";249;"770000172";"MCO/SSR";"Île-de-France";1;1;1;0;0;TRUE;23
1750;"random_MCO_SSR";"type_random";250;"310780259";"MCO/SSR";"Occitanie";1;1;1;0;0;TRUE;2
1751;"random_MCO_SSR";"type_random";251;"690000021";"MCO/SSR";"Auvergne-Rhône-Alpes";1;1;1;0;0;TRUE;45
1752;"random_MCO_SSR";"type_random";252;"940000599";"MCO/SSR";"Île-de-France";1;1;1;0;0;TRUE;14
1753;"random_MCO_SSR";"type_random";253;"620000240";"MCO/SSR";"Hauts-de-France";1;1;1;0;0;TRUE;15
1754;"random_MCO_SSR";"type_random";254;"290000033";"MCO/SSR";"Bretagne";1;1;1;0;0;TRUE;3
1755;"random_MCO_SSR";"type_random";255;"250000023";"MCO/SSR";"Bourgogne-Franche-Comté";0;1;0;0;0;TRUE;1
1756;"random_MCO_SSR";"type_random";256;"010000180";"MCO/SSR";"Auvergne-Rhône-Alpes";1;1;1;0;0;TRUE;13
1757;"random_MCO_SSR";"type_random";257;"800009920";"MCO/SSR";"Hauts-de-France";1;1;1;0;0;TRUE;14
1758;"random_MCO_SSR";"type_random";258;"380000174";"MCO/SSR";"Auvergne-Rhône-Alpes";1;1;1;0;0;TRUE;8
1759;"random_MCO_SSR";"type_random";259;"330780206";"MCO/SSR";"Nouvelle-Aquitaine";3;32;2;0;0;TRUE;225
1760;"random_MCO_SSR";"type_random";260;"710978347";"MCO/SSR";"Bourgogne-Franche-Comté";1;1;1;0;0;TRUE;44
1761;"random_MCO_SSR";"type_random";261;"680001195";"MCO/SSR";"Grand-Est";1;1;1;0;0;TRUE;3
1762;"random_MCO_SSR";"type_random";262;"910805357";"MCO/SSR";"Île-de-France";1;1;1;0;0;TRUE;18
1763;"random_MCO_SSR";"type_random";263;"750041543";"MCO/SSR";"Île-de-France";1;1;1;0;0;TRUE;25
1764;"random_MCO_SSR";"type_random";264;"640780490";"MCO/SSR";"Nouvelle-Aquitaine";1;1;1;0;0;TRUE;2
1765;"random_MCO_SSR";"type_random";265;"440000503";"MCO/SSR";"Pays de la Loire";1;1;1;0;0;TRUE;4
1766;"random_MCO_SSR";"type_random";266;"240000687";"MCO/SSR";"Nouvelle-Aquitaine";1;1;1;0;0;TRUE;7
1767;"random_MCO_SSR";"type_random";267;"690784194";"MCO/SSR";"Auvergne-Rhône-Alpes";1;1;1;0;0;TRUE;62
1768;"random_MCO_SSR";"type_random";268;"590000774";"MCO/SSR";"Hauts-de-France";1;1;1;0;0;TRUE;7
1769;"random_MCO_SSR";"type_random";269;"840000434";"MCO/SSR";"Provence-Alpes-Côte d'Azur";1;1;1;0;0;TRUE;5
1770;"random_MCO_SSR";"type_random";270;"130783152";"MCO/SSR";"Provence-Alpes-Côte d'Azur";1;1;1;0;0;TRUE;23
1771;"random_MCO_SSR";"type_random";271;"340782085";"MCO/SSR";"Occitanie";1;1;1;0;0;TRUE;20
1772;"random_MCO_SSR";"type_random";272;"600000194";"MCO/SSR";"Hauts-de-France";1;1;1;0;0;TRUE;20
1773;"random_MCO_SSR";"type_random";273;"940100019";"MCO/SSR";"Île-de-France";1;1;1;0;0;TRUE;44
1774;"random_MCO_SSR";"type_random";274;"560000366";"MCO/SSR";"Bretagne";0;1;0;0;0;TRUE;1
1775;"random_MCO_SSR";"type_random";275;"790000111";"MCO/SSR";"Nouvelle-Aquitaine";2;92;1;0;0;TRUE;108
1776;"random_MCO_SSR";"type_random";276;"680004553";"MCO/SSR";"Grand-Est";1;1;1;0;0;TRUE;21
1777;"random_MCO_SSR";"type_random";277;"700000029";"MCO/SSR";"Bourgogne-Franche-Comté";1;1;1;0;0;TRUE;2
1778;"random_MCO_SSR";"type_random";278;"340008275";"MCO/SSR";"Occitanie";1;1;1;0;0;TRUE;2
1779;"random_MCO_SSR";"type_random";279;"190000034";"MCO/SSR";"Auvergne-Rhône-Alpes";1;1;1;0;0;TRUE;11
1780;"random_MCO_SSR";"type_random";280;"260000195";"MCO/SSR";"Auvergne-Rhône-Alpes";1;1;1;0;0;TRUE;5
1781;"random_MCO_SSR";"type_random";281;"760000133";"MCO/SSR";"Normandie";1;1;1;0;0;TRUE;77
1782;"random_MCO_SSR";"type_random";282;"690000633";"MCO/SSR";"Auvergne-Rhône-Alpes";1;1;1;0;0;TRUE;7
1783;"random_MCO_SSR";"type_random";283;"060000544";"MCO/SSR";"Provence-Alpes-Côte d'Azur";1;1;1;0;0;TRUE;10
1784;"random_MCO_SSR";"type_random";284;"510002470";"MCO/SSR";"Grand-Est";1;1;1;0;0;TRUE;2
1785;"random_MCO_SSR";"type_random";285;"330780529";"MCO/SSR";"Nouvelle-Aquitaine";1;1;1;0;0;TRUE;65
1786;"random_MCO_SSR";"type_random";286;"440000552";"MCO/SSR";"Pays de la Loire";1;1;1;0;0;TRUE;6
1787;"random_MCO_SSR";"type_random";287;"380000356";"MCO/SSR";"Auvergne-Rhône-Alpes";2;30;2;0;0;TRUE;184
1788;"random_MCO_SSR";"type_random";288;"940100050";"MCO/SSR";"Île-de-France";1;1;1;0;0;TRUE;19
1789;"random_MCO_SSR";"type_random";289;"310783048";"MCO/SSR";"Occitanie";1;1;1;0;0;TRUE;45
1790;"random_MCO_SSR";"type_random";290;"630000420";"MCO/SSR";"Auvergne-Rhône-Alpes";1;1;1;0;0;TRUE;9
1791;"random_MCO_SSR";"type_random";291;"570026682";"MCO/SSR";"Grand-Est";1;1;1;0;0;TRUE;25
1792;"random_MCO_SSR";"type_random";292;"260000278";"MCO/SSR";"Auvergne-Rhône-Alpes";2;8;2;0;0;TRUE;87
1793;"random_MCO_SSR";"type_random";293;"680000577";"MCO/SSR";"Grand-Est";1;1;1;0;0;TRUE;37
1794;"random_MCO_SSR";"type_random";294;"290000728";"MCO/SSR";"Bretagne";1;1;1;0;0;TRUE;2
1795;"random_MCO_SSR";"type_random";295;"140000027";"MCO/SSR";"Normandie";1;1;1;0;0;TRUE;3
1796;"random_MCO_SSR";"type_random";296;"910000298";"MCO/SSR";"Île-de-France";2;81;2;0;0;TRUE;318
1797;"random_MCO_SSR";"type_random";297;"380012658";"MCO/SSR";"Auvergne-Rhône-Alpes";1;1;1;0;0;TRUE;78
1798;"random_MCO_SSR";"type_random";298;"710010067";"MCO/SSR";"Bourgogne-Franche-Comté";1;1;1;0;0;TRUE;2
1799;"random_MCO_SSR";"type_random";299;"610000119";"MCO/SSR";"Normandie";0;1;0;0;0;TRUE;1
1800;"random_MCO_SSR";"type_random";300;"580780138";"MCO/SSR";"Bourgogne-Franche-Comté";1;1;1;0;0;TRUE;25
1801;"random_MCO_SSR";"type_random";301;"420785354";"MCO/SSR";"Auvergne-Rhône-Alpes";0;1;0;0;0;TRUE;1
1802;"random_MCO_SSR";"type_random";302;"690000633";"MCO/SSR";"Auvergne-Rhône-Alpes";1;1;1;0;0;TRUE;8
1803;"random_MCO_SSR";"type_random";303;"340780568";"MCO/SSR";"Occitanie";1;1;1;0;0;TRUE;8
1804;"random_MCO_SSR";"type_random";304;"570000596";"MCO/SSR";"Grand-Est";1;1;1;0;0;TRUE;8
1805;"random_MCO_SSR";"type_random";305;"330000613";"MCO/SSR";"Nouvelle-Aquitaine";1;1;1;0;0;TRUE;10
1806;"random_MCO_SSR";"type_random";306;"840001861";"MCO/SSR";"Provence-Alpes-Côte d'Azur";1;1;1;0;0;TRUE;3
1807;"random_MCO_SSR";"type_random";307;"940300569";"MCO/SSR";"Île-de-France";1;1;1;0;0;TRUE;26
1808;"random_MCO_SSR";"type_random";308;"590000691";"MCO/SSR";"Hauts-de-France";1;1;1;0;0;TRUE;96
1809;"random_MCO_SSR";"type_random";309;"010000107";"MCO/SSR";"Auvergne-Rhône-Alpes";1;1;1;0;0;TRUE;8
1810;"random_MCO_SSR";"type_random";310;"2B0000038";"MCO/SSR";"Corse";1;1;1;0;0;TRUE;11
1811;"random_MCO_SSR";"type_random";311;"910150010";"MCO/SSR";"Île-de-France";2;14;2;0;0;TRUE;100
1812;"random_MCO_SSR";"type_random";312;"440000677";"MCO/SSR";"Pays de la Loire";1;1;1;0;0;TRUE;15
1813;"random_MCO_SSR";"type_random";313;"100000199";"MCO/SSR";"Grand-Est";1;1;1;0;0;TRUE;6
1814;"random_MCO_SSR";"type_random";314;"070000484";"MCO/SSR";"Auvergne-Rhône-Alpes";1;1;1;0;0;TRUE;19
1815;"random_MCO_SSR";"type_random";315;"720000520";"MCO/SSR";"Pays de la Loire";1;1;1;0;0;TRUE;2
1816;"random_MCO_SSR";"type_random";316;"130783665";"MCO/SSR";"Provence-Alpes-Côte d'Azur";1;1;1;0;0;TRUE;32
1817;"random_MCO_SSR";"type_random";317;"590791653";"MCO/SSR";"Hauts-de-France";1;1;1;0;0;TRUE;46
1818;"random_MCO_SSR";"type_random";318;"260006267";"MCO/SSR";"Auvergne-Rhône-Alpes";1;1;1;0;0;TRUE;11
1819;"random_MCO_SSR";"type_random";319;"570000968";"MCO/SSR";"Grand-Est";1;1;1;0;0;TRUE;10
1820;"random_MCO_SSR";"type_random";320;"740000062";"MCO/SSR";"Auvergne-Rhône-Alpes";1;1;1;0;0;TRUE;27
1821;"random_MCO_SSR";"type_random";321;"420000317";"MCO/SSR";"Auvergne-Rhône-Alpes";2;20;2;0;0;TRUE;66
1822;"random_MCO_SSR";"type_random";322;"010000180";"MCO/SSR";"Auvergne-Rhône-Alpes";0;1;0;0;0;TRUE;1
1823;"random_MCO_SSR";"type_random";323;"280000043";"MCO/SSR";"Centre-Val de Loire";1;1;1;0;0;TRUE;106
1824;"random_MCO_SSR";"type_random";324;"630000016";"MCO/SSR";"Auvergne-Rhône-Alpes";1;1;1;0;0;TRUE;3
1825;"random_MCO_SSR";"type_random";325;"120000039";"MCO/SSR";"Occitanie";1;1;1;0;0;TRUE;66
1826;"random_MCO_SSR";"type_random";326;"940100043";"MCO/SSR";"Île-de-France";1;1;1;0;0;TRUE;6
1827;"random_MCO_SSR";"type_random";327;"590780284";"MCO/SSR";"Hauts-de-France";1;1;1;0;0;TRUE;7
1828;"random_MCO_SSR";"type_random";328;"490000296";"MCO/SSR";"Pays de la Loire";1;1;1;0;0;TRUE;45
1829;"random_MCO_SSR";"type_random";329;"540000155";"MCO/SSR";"Grand-Est";1;1;1;0;0;TRUE;175
1830;"random_MCO_SSR";"type_random";330;"690787478";"MCO/SSR";"Auvergne-Rhône-Alpes";1;1;1;0;0;TRUE;35
1831;"random_MCO_SSR";"type_random";331;"290000033";"MCO/SSR";"Bretagne";1;1;1;0;0;TRUE;7
1832;"random_MCO_SSR";"type_random";332;"580004836";"MCO/SSR";"Bourgogne-Franche-Comté";1;1;1;0;0;TRUE;28
1833;"random_MCO_SSR";"type_random";333;"850000191";"MCO/SSR";"Pays de la Loire";1;1;1;0;0;TRUE;16
1834;"random_MCO_SSR";"type_random";334;"040780389";"MCO/SSR";"Provence-Alpes-Côte d'Azur";1;1;1;0;0;TRUE;24
1835;"random_MCO_SSR";"type_random";335;"670000405";"MCO/SSR";"Grand-Est";1;1;1;0;0;TRUE;4
1836;"random_MCO_SSR";"type_random";336;"150780120";"MCO/SSR";"Auvergne-Rhône-Alpes";1;1;1;0;0;TRUE;15
1837;"random_MCO_SSR";"type_random";337;"550000012";"MCO/SSR";"Grand-Est";1;1;1;0;0;TRUE;14
1838;"random_MCO_SSR";"type_random";338;"710978347";"MCO/SSR";"Bourgogne-Franche-Comté";0;1;0;0;0;TRUE;1
1839;"random_MCO_SSR";"type_random";339;"760783159";"MCO/SSR";"Normandie";1;1;1;0;0;TRUE;25
1840;"random_MCO_SSR";"type_random";340;"950300277";"MCO/SSR";"Île-de-France";1;1;1;0;0;TRUE;45
1841;"random_MCO_SSR";"type_random";341;"140000340";"MCO/SSR";"Normandie";1;1;1;0;0;TRUE;55
1842;"random_MCO_SSR";"type_random";342;"850000175";"MCO/SSR";"Pays de la Loire";1;1;1;0;0;TRUE;41
1843;"random_MCO_SSR";"type_random";343;"030007942";"MCO/SSR";"Auvergne-Rhône-Alpes";2;36;2;0;0;TRUE;140
1844;"random_MCO_SSR";"type_random";344;"620003202";"MCO/SSR";"Hauts-de-France";1;1;1;0;0;TRUE;49
1845;"random_MCO_SSR";"type_random";345;"330780370";"MCO/SSR";"Nouvelle-Aquitaine";1;1;1;0;0;TRUE;27
1846;"random_MCO_SSR";"type_random";346;"420785354";"MCO/SSR";"Auvergne-Rhône-Alpes";1;1;1;0;0;TRUE;33
1847;"random_MCO_SSR";"type_random";347;"760000356";"MCO/SSR";"Normandie";1;1;1;0;0;TRUE;128
1848;"random_MCO_SSR";"type_random";348;"590791091";"MCO/SSR";"Hauts-de-France";1;1;1;0;0;TRUE;29
1849;"random_MCO_SSR";"type_random";349;"110000049";"MCO/SSR";"Occitanie";1;1;1;0;0;TRUE;20
1850;"random_MCO_SSR";"type_random";350;"620101311";"MCO/SSR";"Hauts-de-France";1;1;1;0;0;TRUE;6
1851;"random_MCO_SSR";"type_random";351;"060000478";"MCO/SSR";"Provence-Alpes-Côte d'Azur";1;1;1;0;0;TRUE;5
1852;"random_MCO_SSR";"type_random";352;"340780444";"MCO/SSR";"Occitanie";2;4;1;0;0;TRUE;34
1853;"random_MCO_SSR";"type_random";353;"160000188";"MCO/SSR";"Nouvelle-Aquitaine";1;1;1;0;0;TRUE;19
1854;"random_MCO_SSR";"type_random";354;"340000223";"MCO/SSR";"Occitanie";1;1;1;0;0;TRUE;6
1855;"random_MCO_SSR";"type_random";355;"190000257";"MCO/SSR";"Nouvelle-Aquitaine";1;1;1;0;0;TRUE;91
1856;"random_MCO_SSR";"type_random";356;"920000569";"MCO/SSR";"Île-de-France";1;1;1;0;0;TRUE;31
1857;"random_MCO_SSR";"type_random";357;"740000328";"MCO/SSR";"Auvergne-Rhône-Alpes";1;1;1;0;0;TRUE;5
1858;"random_MCO_SSR";"type_random";358;"040780389";"MCO/SSR";"Provence-Alpes-Côte d'Azur";1;1;1;0;0;TRUE;63
1859;"random_MCO_SSR";"type_random";359;"660780156";"MCO/SSR";"Occitanie";1;1;1;0;0;TRUE;24
1860;"random_MCO_SSR";"type_random";360;"590006607";"MCO/SSR";"Hauts-de-France";1;1;1;0;0;TRUE;75
1861;"random_MCO_SSR";"type_random";361;"680000684";"MCO/SSR";"Grand-Est";1;1;1;0;0;TRUE;5
1862;"random_MCO_SSR";"type_random";362;"670797539";"MCO/SSR";"Grand-Est";1;1;1;0;0;TRUE;5
1863;"random_MCO_SSR";"type_random";363;"690041132";"MCO/SSR";"Auvergne-Rhône-Alpes";1;1;1;0;0;TRUE;25
1864;"random_MCO_SSR";"type_random";364;"490000262";"MCO/SSR";"Pays de la Loire";1;1;1;0;0;TRUE;28
1865;"random_MCO_SSR";"type_random";365;"750300360";"MCO/SSR";"Île-de-France";1;1;1;0;0;TRUE;9
1866;"random_MCO_SSR";"type_random";366;"660780347";"MCO/SSR";"Occitanie";2;4;1;0;0;TRUE;23
1867;"random_MCO_SSR";"type_random";367;"440000396";"MCO/SSR";"Pays de la Loire";1;1;1;0;0;TRUE;4
1868;"random_MCO_SSR";"type_random";368;"020001087";"MCO/SSR";"Hauts-de-France";1;1;1;0;0;TRUE;11
1869;"random_MCO_SSR";"type_random";369;"590000600";"MCO/SSR";"Hauts-de-France";1;1;1;0;0;TRUE;23
1870;"random_MCO_SSR";"type_random";370;"420009599";"MCO/SSR";"Auvergne-Rhône-Alpes";1;1;1;0;0;TRUE;84
1871;"random_MCO_SSR";"type_random";371;"860000025";"MCO/SSR";"Nouvelle-Aquitaine";1;1;1;0;0;TRUE;3
1872;"random_MCO_SSR";"type_random";372;"520000035";"MCO/SSR";"Grand-Est";1;1;1;0;0;TRUE;45
1873;"random_MCO_SSR";"type_random";373;"300782141";"MCO/SSR";"Occitanie";1;1;1;0;0;TRUE;5
1874;"random_MCO_SSR";"type_random";374;"240000455";"MCO/SSR";"Nouvelle-Aquitaine";1;1;1;0;0;TRUE;140
1875;"random_MCO_SSR";"type_random";375;"390000081";"MCO/SSR";"Bourgogne-Franche-Comté";1;1;1;0;0;TRUE;2
1876;"random_MCO_SSR";"type_random";376;"220001259";"MCO/SSR";"Bretagne";1;1;1;0;0;TRUE;44
1877;"random_MCO_SSR";"type_random";377;"880000021";"MCO/SSR";"Grand-Est";1;1;1;0;0;TRUE;10
1878;"random_MCO_SSR";"type_random";378;"160000253";"MCO/SSR";"Nouvelle-Aquitaine";1;1;1;0;0;TRUE;15
1879;"random_MCO_SSR";"type_random";379;"290004324";"MCO/SSR";"Bretagne";1;1;1;0;0;TRUE;14
1880;"random_MCO_SSR";"type_random";380;"640000428";"MCO/SSR";"Nouvelle-Aquitaine";1;1;1;0;0;TRUE;6
1881;"random_MCO_SSR";"type_random";381;"490000239";"MCO/SSR";"Pays de la Loire";1;1;1;0;0;TRUE;54
1882;"random_MCO_SSR";"type_random";382;"160000253";"MCO/SSR";"Nouvelle-Aquitaine";1;1;1;0;0;TRUE;19
1883;"random_MCO_SSR";"type_random";383;"020001087";"MCO/SSR";"Hauts-de-France";1;1;1;0;0;TRUE;28
1884;"random_MCO_SSR";"type_random";384;"840000491";"MCO/SSR";"Provence-Alpes-Côte d'Azur";1;1;1;0;0;TRUE;32
1885;"random_MCO_SSR";"type_random";385;"510000243";"MCO/SSR";"Grand-Est";1;1;1;0;0;TRUE;30
1886;"random_MCO_SSR";"type_random";386;"490000650";"MCO/SSR";"Pays de la Loire";1;1;1;0;0;TRUE;67
1887;"random_MCO_SSR";"type_random";387;"650006638";"MCO/SSR";"Occitanie";1;1;1;0;0;TRUE;8
1888;"random_MCO_SSR";"type_random";388;"300000023";"MCO/SSR";"Occitanie";1;1;1;0;0;TRUE;77
1889;"random_MCO_SSR";"type_random";389;"540000478";"MCO/SSR";"Grand-Est";1;1;1;0;0;TRUE;15
1890;"random_MCO_SSR";"type_random";390;"690007539";"MCO/SSR";"Auvergne-Rhône-Alpes";1;1;1;0;0;TRUE;3
1891;"random_MCO_SSR";"type_random";391;"360000137";"MCO/SSR";"Centre-Val de Loire";1;1;1;0;0;TRUE;28
1892;"random_MCO_SSR";"type_random";392;"340000249";"MCO/SSR";"Occitanie";1;1;1;0;0;TRUE;18
1893;"random_MCO_SSR";"type_random";393;"590000691";"MCO/SSR";"Hauts-de-France";1;1;1;0;0;TRUE;16
1894;"random_MCO_SSR";"type_random";394;"690787478";"MCO/SSR";"Auvergne-Rhône-Alpes";1;1;1;0;0;TRUE;66
1895;"random_MCO_SSR";"type_random";395;"520000068";"MCO/SSR";"Grand-Est";1;1;1;0;0;TRUE;77
1896;"random_MCO_SSR";"type_random";396;"890002389";"MCO/SSR";"Bourgogne-Franche-Comté";1;1;1;0;0;TRUE;20
1897;"random_MCO_SSR";"type_random";397;"110000247";"MCO/SSR";"Occitanie";2;42;1;0;0;TRUE;68
1898;"random_MCO_SSR";"type_random";398;"670000157";"MCO/SSR";"Grand-Est";1;1;1;0;0;TRUE;47
1899;"random_MCO_SSR";"type_random";399;"290000975";"MCO/SSR";"Bretagne";2;4;2;0;0;TRUE;31
1900;"random_MCO_SSR";"type_random";400;"510000243";"MCO/SSR";"Grand-Est";1;1;1;0;0;TRUE;73
1901;"random_MCO_SSR";"type_random";401;"790000087";"MCO/SSR";"Nouvelle-Aquitaine";1;1;1;0;0;TRUE;14
1902;"random_MCO_SSR";"type_random";402;"570000455";"MCO/SSR";"Grand-Est";1;1;1;0;0;TRUE;3
1903;"random_MCO_SSR";"type_random";403;"340781608";"MCO/SSR";"Occitanie";2;11;2;0;0;TRUE;39
1904;"random_MCO_SSR";"type_random";404;"070000187";"MCO/SSR";"Auvergne-Rhône-Alpes";1;1;1;0;0;TRUE;3
1905;"random_MCO_SSR";"type_random";405;"530000140";"MCO/SSR";"Pays de la Loire";1;1;1;0;0;TRUE;20
1906;"random_MCO_SSR";"type_random";406;"070780168";"MCO/SSR";"Auvergne-Rhône-Alpes";1;1;1;0;0;TRUE;3
1907;"random_MCO_SSR";"type_random";407;"300782117";"MCO/SSR";"Occitanie";1;1;1;0;0;TRUE;5
1908;"random_MCO_SSR";"type_random";408;"910805357";"MCO/SSR";"Île-de-France";1;1;1;0;0;TRUE;2
1909;"random_MCO_SSR";"type_random";409;"410000038";"MCO/SSR";"Centre-Val de Loire";1;1;1;0;0;TRUE;109
1910;"random_MCO_SSR";"type_random";410;"430000356";"MCO/SSR";"Auvergne-Rhône-Alpes";1;1;1;0;0;TRUE;4
1911;"random_MCO_SSR";"type_random";411;"220000483";"MCO/SSR";"Bretagne";1;1;1;0;0;TRUE;21
1912;"random_MCO_SSR";"type_random";412;"760000018";"MCO/SSR";"Normandie";1;1;1;0;0;TRUE;45
1913;"random_MCO_SSR";"type_random";413;"490000338";"MCO/SSR";"Pays de la Loire";1;1;1;0;0;TRUE;15
1914;"random_MCO_SSR";"type_random";414;"120004569";"MCO/SSR";"Occitanie";1;1;1;0;0;TRUE;16
1915;"random_MCO_SSR";"type_random";415;"820000032";"MCO/SSR";"Occitanie";1;1;1;0;0;TRUE;2
1916;"random_MCO_SSR";"type_random";416;"400000147";"MCO/SSR";"Nouvelle-Aquitaine";1;1;1;0;0;TRUE;85
1917;"random_MCO_SSR";"type_random";417;"420009599";"MCO/SSR";"Auvergne-Rhône-Alpes";1;1;1;0;0;TRUE;4
1918;"random_MCO_SSR";"type_random";418;"560003980";"MCO/SSR";"Bretagne";1;1;1;0;0;TRUE;11
1919;"random_MCO_SSR";"type_random";419;"630000016";"MCO/SSR";"Auvergne-Rhône-Alpes";1;1;1;0;0;TRUE;58
1920;"random_MCO_SSR";"type_random";420;"380000091";"MCO/SSR";"Auvergne-Rhône-Alpes";1;1;1;0;0;TRUE;47
1921;"random_MCO_SSR";"type_random";421;"310019351";"MCO/SSR";"Occitanie";1;1;1;0;0;TRUE;4
1922;"random_MCO_SSR";"type_random";422;"720000389";"MCO/SSR";"Pays de la Loire";1;1;1;0;0;TRUE;73
1923;"random_MCO_SSR";"type_random";423;"540000312";"MCO/SSR";"Grand-Est";1;1;1;0;0;TRUE;32
1924;"random_MCO_SSR";"type_random";424;"570001057";"MCO/SSR";"Grand-Est";1;1;1;0;0;TRUE;20
1925;"random_MCO_SSR";"type_random";425;"770000180";"MCO/SSR";"Île-de-France";1;1;1;0;0;TRUE;111
1926;"random_MCO_SSR";"type_random";426;"670017458";"MCO/SSR";"Grand-Est";1;1;1;0;0;TRUE;6
1927;"random_MCO_SSR";"type_random";427;"330780263";"MCO/SSR";"Nouvelle-Aquitaine";1;1;1;0;0;TRUE;21
1928;"random_MCO_SSR";"type_random";428;"670797539";"MCO/SSR";"Grand-Est";1;1;1;0;0;TRUE;9
1929;"random_MCO_SSR";"type_random";429;"460000045";"MCO/SSR";"Occitanie";1;1;1;0;0;TRUE;31
1930;"random_MCO_SSR";"type_random";430;"240000489";"MCO/SSR";"Nouvelle-Aquitaine";1;1;1;0;0;TRUE;3
1931;"random_MCO_SSR";"type_random";431;"170000129";"MCO/SSR";"Nouvelle-Aquitaine";1;1;1;0;0;TRUE;50
1932;"random_MCO_SSR";"type_random";432;"470000555";"MCO/SSR";"Nouvelle-Aquitaine";1;1;1;0;0;TRUE;14
1933;"random_MCO_SSR";"type_random";433;"040780389";"MCO/SSR";"Provence-Alpes-Côte d'Azur";2;19;1;0;0;TRUE;24
1934;"random_MCO_SSR";"type_random";434;"340000223";"MCO/SSR";"Occitanie";2;4;2;0;0;TRUE;134
1935;"random_MCO_SSR";"type_random";435;"140026709";"MCO/SSR";"Normandie";1;1;1;0;0;TRUE;3
1936;"random_MCO_SSR";"type_random";436;"910805357";"MCO/SSR";"Île-de-France";0;1;0;0;0;TRUE;1
1937;"random_MCO_SSR";"type_random";437;"820000883";"MCO/SSR";"Occitanie";1;1;1;0;0;TRUE;32
1938;"random_MCO_SSR";"type_random";438;"340000215";"MCO/SSR";"Occitanie";1;1;1;0;0;TRUE;9
1939;"random_MCO_SSR";"type_random";439;"730000049";"MCO/SSR";"Auvergne-Rhône-Alpes";1;1;1;0;0;TRUE;25
1940;"random_MCO_SSR";"type_random";440;"840000558";"MCO/SSR";"Provence-Alpes-Côte d'Azur";1;1;1;0;0;TRUE;22
1941;"random_MCO_SSR";"type_random";441;"850000233";"MCO/SSR";"Pays de la Loire";1;1;1;0;0;TRUE;18
1942;"random_MCO_SSR";"type_random";442;"100000090";"MCO/SSR";"Grand-Est";1;1;1;0;0;TRUE;6
1943;"random_MCO_SSR";"type_random";443;"770300135";"MCO/SSR";"Île-de-France";1;1;1;0;0;TRUE;5
1944;"random_MCO_SSR";"type_random";444;"810000224";"MCO/SSR";"Occitanie";1;1;1;0;0;TRUE;7
1945;"random_MCO_SSR";"type_random";445;"950000323";"MCO/SSR";"Île-de-France";1;1;1;0;0;TRUE;25
1946;"random_MCO_SSR";"type_random";446;"520000027";"MCO/SSR";"Grand-Est";1;1;1;0;0;TRUE;18
1947;"random_MCO_SSR";"type_random";447;"920120011";"MCO/SSR";"Île-de-France";1;1;1;0;0;TRUE;39
1948;"random_MCO_SSR";"type_random";448;"030000061";"MCO/SSR";"Auvergne-Rhône-Alpes";1;1;1;0;0;TRUE;2
1949;"random_MCO_SSR";"type_random";449;"130001258";"MCO/SSR";"Provence-Alpes-Côte d'Azur";1;1;1;0;0;TRUE;24
1950;"random_MCO_SSR";"type_random";450;"620000257";"MCO/SSR";"Hauts-de-France";1;1;1;0;0;TRUE;19
1951;"random_MCO_SSR";"type_random";451;"610006421";"MCO/SSR";"Normandie";1;1;1;0;0;TRUE;11
1952;"random_MCO_SSR";"type_random";452;"510000250";"MCO/SSR";"Grand-Est";1;1;1;0;0;TRUE;15
1953;"random_MCO_SSR";"type_random";453;"490000700";"MCO/SSR";"Pays de la Loire";2;23;2;0;0;TRUE;53
1954;"random_MCO_SSR";"type_random";454;"940100027";"MCO/SSR";"Île-de-France";1;1;1;0;0;TRUE;13
1955;"random_MCO_SSR";"type_random";455;"300000056";"MCO/SSR";"Occitanie";1;1;1;0;0;TRUE;6
1956;"random_MCO_SSR";"type_random";456;"600000053";"MCO/SSR";"Hauts-de-France";1;1;1;0;0;TRUE;3
1957;"random_MCO_SSR";"type_random";457;"600100184";"MCO/SSR";"Hauts-de-France";1;1;1;0;0;TRUE;10
1958;"random_MCO_SSR";"type_random";458;"020000089";"MCO/SSR";"Hauts-de-France";1;1;1;0;0;TRUE;51
1959;"random_MCO_SSR";"type_random";459;"620000026";"MCO/SSR";"Hauts-de-France";1;1;1;0;0;TRUE;16
1960;"random_MCO_SSR";"type_random";460;"210987582";"MCO/SSR";"Bourgogne-Franche-Comté";1;1;1;0;0;TRUE;22
1961;"random_MCO_SSR";"type_random";461;"350053013";"MCO/SSR";"Bretagne";1;1;1;0;0;TRUE;11
1962;"random_MCO_SSR";"type_random";462;"470000027";"MCO/SSR";"Nouvelle-Aquitaine";1;1;1;0;0;TRUE;124
1963;"random_MCO_SSR";"type_random";463;"490000239";"MCO/SSR";"Pays de la Loire";3;68;2;0;0;TRUE;317
1964;"random_MCO_SSR";"type_random";464;"440000552";"MCO/SSR";"Pays de la Loire";1;1;1;0;0;TRUE;5
1965;"random_MCO_SSR";"type_random";465;"710006859";"MCO/SSR";"Bourgogne-Franche-Comté";2;28;1;0;0;TRUE;130
1966;"random_MCO_SSR";"type_random";466;"570005215";"MCO/SSR";"Grand-Est";1;1;1;0;0;TRUE;43
1967;"random_MCO_SSR";"type_random";467;"2B0000012";"MCO/SSR";"Corse";1;1;1;0;0;TRUE;12
1968;"random_MCO_SSR";"type_random";468;"020000162";"MCO/SSR";"Hauts-de-France";1;1;1;0;0;TRUE;6
1969;"random_MCO_SSR";"type_random";469;"330000571";"MCO/SSR";"Nouvelle-Aquitaine";1;1;1;0;0;TRUE;6
1970;"random_MCO_SSR";"type_random";470;"250000734";"MCO/SSR";"Bourgogne-Franche-Comté";1;1;1;0;0;TRUE;7
1971;"random_MCO_SSR";"type_random";471;"080000219";"MCO/SSR";"Grand-Est";3;60;2;0;0;TRUE;127
1972;"random_MCO_SSR";"type_random";472;"280504267";"MCO/SSR";"Centre-Val de Loire";1;1;1;0;0;TRUE;17
1973;"random_MCO_SSR";"type_random";473;"500002357";"MCO/SSR";"Normandie";1;1;1;0;0;TRUE;72
1974;"random_MCO_SSR";"type_random";474;"490000239";"MCO/SSR";"Pays de la Loire";2;18;1;0;0;TRUE;28
1975;"random_MCO_SSR";"type_random";475;"350000121";"MCO/SSR";"Bretagne";1;1;1;0;0;TRUE;3
1976;"random_MCO_SSR";"type_random";476;"160000337";"MCO/SSR";"Nouvelle-Aquitaine";1;1;1;0;0;TRUE;18
1977;"random_MCO_SSR";"type_random";477;"640000428";"MCO/SSR";"Nouvelle-Aquitaine";1;1;1;0;0;TRUE;17
1978;"random_MCO_SSR";"type_random";478;"690787478";"MCO/SSR";"Auvergne-Rhône-Alpes";1;1;1;0;0;TRUE;21
1979;"random_MCO_SSR";"type_random";479;"740000294";"MCO/SSR";"Auvergne-Rhône-Alpes";1;1;1;0;0;TRUE;30
1980;"random_MCO_SSR";"type_random";480;"890975527";"MCO/SSR";"Bourgogne-Franche-Comté";1;1;1;0;0;TRUE;7
1981;"random_MCO_SSR";"type_random";481;"250006954";"MCO/SSR";"Bourgogne-Franche-Comté";1;1;1;0;0;TRUE;12
1982;"random_MCO_SSR";"type_random";482;"220000343";"MCO/SSR";"Bretagne";1;1;1;0;0;TRUE;9
1983;"random_MCO_SSR";"type_random";483;"020000394";"MCO/SSR";"Hauts-de-France";1;1;1;0;0;TRUE;17
1984;"random_MCO_SSR";"type_random";484;"610000077";"MCO/SSR";"Normandie";1;1;1;0;0;TRUE;11
1985;"random_MCO_SSR";"type_random";485;"470000423";"MCO/SSR";"Nouvelle-Aquitaine";1;1;1;0;0;TRUE;41
1986;"random_MCO_SSR";"type_random";486;"840000343";"MCO/SSR";"Provence-Alpes-Côte d'Azur";1;1;1;0;0;TRUE;25
1987;"random_MCO_SSR";"type_random";487;"590000600";"MCO/SSR";"Hauts-de-France";1;1;1;0;0;TRUE;12
1988;"random_MCO_SSR";"type_random";488;"520000027";"MCO/SSR";"Grand-Est";2;16;2;0;0;TRUE;109
1989;"random_MCO_SSR";"type_random";489;"650780182";"MCO/SSR";"Occitanie";1;1;1;0;0;TRUE;18
1990;"random_MCO_SSR";"type_random";490;"520000068";"MCO/SSR";"Grand-Est";1;1;1;0;0;TRUE;16
1991;"random_MCO_SSR";"type_random";491;"590001004";"MCO/SSR";"Hauts-de-France";1;1;1;0;0;TRUE;2
1992;"random_MCO_SSR";"type_random";492;"590781951";"MCO/SSR";"Hauts-de-France";1;1;1;0;0;TRUE;23
1993;"random_MCO_SSR";"type_random";493;"900000035";"MCO/SSR";"Bourgogne-Franche-Comté";1;1;1;0;0;TRUE;23
1994;"random_MCO_SSR";"type_random";494;"220000095";"MCO/SSR";"Bretagne";1;1;1;0;0;TRUE;4
1995;"random_MCO_SSR";"type_random";495;"910000306";"MCO/SSR";"Île-de-France";1;1;1;0;0;TRUE;121
1996;"random_MCO_SSR";"type_random";496;"080000276";"MCO/SSR";"Grand-Est";1;1;1;0;0;TRUE;17
1997;"random_MCO_SSR";"type_random";497;"570009670";"MCO/SSR";"Grand-Est";1;1;1;0;0;TRUE;23
1998;"random_MCO_SSR";"type_random";498;"910300219";"MCO/SSR";"Île-de-France";1;1;1;0;0;TRUE;173
1999;"random_MCO_SSR";"type_random";499;"920000593";"MCO/SSR";"Île-de-France";1;1;1;0;0;TRUE;78
2000;"random_MCO_SSR";"type_random";500;"680000544";"MCO/SSR";"Grand-Est";2;76;2;0;0;TRUE;205
2001;"random_SSR";"type_random";1;"130782097";"SSR";"Provence-Alpes-Côte d'Azur";3;63;3;0;0;TRUE;79
2002;"random_SSR";"type_random";2;"310782339";"SSR";"Occitanie";1;1;1;0;0;TRUE;47
2003;"random_SSR";"type_random";3;"830100806";"SSR";"Provence-Alpes-Côte d'Azur";1;1;1;0;0;TRUE;44
2004;"random_SSR";"type_random";4;"190005694";"SSR";"Nouvelle-Aquitaine";2;48;2;0;0;TRUE;76
2005;"random_SSR";"type_random";5;"760920603";"SSR";"Normandie";1;1;1;0;0;TRUE;49
2006;"random_SSR";"type_random";6;"590783189";"SSR";"Hauts-de-France";1;1;1;0;0;TRUE;9
2007;"random_SSR";"type_random";7;"390006161";"SSR";"Bourgogne-Franche-Comté";1;1;1;0;0;TRUE;40
2008;"random_SSR";"type_random";8;"920700010";"SSR";"Île-de-France";1;1;1;0;0;TRUE;62
2009;"random_SSR";"type_random";9;"770016467";"SSR";"Île-de-France";1;1;1;0;0;TRUE;35
2010;"random_SSR";"type_random";10;"650000078";"SSR";"Occitanie";1;1;1;0;0;TRUE;55
2011;"random_SSR";"type_random";11;"290037548";"SSR";"Bretagne";3;46;2;0;0;TRUE;115
2012;"random_SSR";"type_random";12;"280506015";"SSR";"Centre-Val de Loire";4;154;4;0;0;TRUE;173
2013;"random_SSR";"type_random";13;"190011197";"SSR";"Nouvelle-Aquitaine";1;1;1;0;0;TRUE;19
2014;"random_SSR";"type_random";14;"780420022";"SSR";"Île-de-France";1;1;1;0;0;TRUE;25
2015;"random_SSR";"type_random";15;"630783348";"SSR";"Auvergne-Rhône-Alpes";1;1;1;0;0;TRUE;11
2016;"random_SSR";"type_random";16;"300781440";"SSR";"Occitanie";2;43;2;0;0;TRUE;133
2017;"random_SSR";"type_random";17;"290000827";"SSR";"Bretagne";1;1;1;0;0;TRUE;5
2018;"random_SSR";"type_random";18;"310784558";"SSR";"Occitanie";1;1;1;0;0;TRUE;152
2019;"random_SSR";"type_random";19;"470000175";"SSR";"Nouvelle-Aquitaine";1;1;1;0;0;TRUE;108
2020;"random_SSR";"type_random";20;"480780212";"SSR";"Occitanie";1;1;1;0;0;TRUE;6
2021;"random_SSR";"type_random";21;"840014849";"SSR";"Provence-Alpes-Côte d'Azur";1;1;1;0;0;TRUE;55
2022;"random_SSR";"type_random";22;"410011217";"SSR";"Centre-Val de Loire";1;1;1;0;0;TRUE;12
2023;"random_SSR";"type_random";23;"680000833";"SSR";"Grand-Est";1;1;1;0;0;TRUE;3
2024;"random_SSR";"type_random";24;"690780481";"SSR";"Auvergne-Rhône-Alpes";1;1;1;0;0;TRUE;94
2025;"random_SSR";"type_random";25;"640780904";"SSR";"Nouvelle-Aquitaine";1;1;1;0;0;TRUE;16
2026;"random_SSR";"type_random";26;"340789981";"SSR";"Occitanie";2;25;1;0;0;TRUE;62
2027;"random_SSR";"type_random";27;"920300985";"SSR";"Île-de-France";1;1;1;0;0;TRUE;82
2028;"random_SSR";"type_random";28;"950150052";"SSR";"Île-de-France";1;1;1;0;0;TRUE;199
2029;"random_SSR";"type_random";29;"590782611";"SSR";"Hauts-de-France";1;1;1;0;0;TRUE;58
2030;"random_SSR";"type_random";30;"870016631";"SSR";"Nouvelle-Aquitaine";1;1;1;0;0;TRUE;88
2031;"random_SSR";"type_random";31;"040780405";"SSR";"Provence-Alpes-Côte d'Azur";1;1;1;0;0;TRUE;5
2032;"random_SSR";"type_random";32;"180003287";"SSR";"Centre-Val de Loire";1;1;1;0;0;TRUE;33
2033;"random_SSR";"type_random";33;"140019175";"SSR";"Normandie";1;1;1;0;0;TRUE;6
2034;"random_SSR";"type_random";34;"590780128";"SSR";"Hauts-de-France";1;1;1;0;0;TRUE;3
2035;"random_SSR";"type_random";35;"470000308";"SSR";"Nouvelle-Aquitaine";2;15;2;0;0;TRUE;297
2036;"random_SSR";"type_random";36;"750825184";"SSR";"Île-de-France";1;1;1;0;0;TRUE;30
2037;"random_SSR";"type_random";37;"950787135";"SSR";"Île-de-France";1;1;1;0;0;TRUE;62
2038;"random_SSR";"type_random";38;"420793697";"SSR";"Auvergne-Rhône-Alpes";1;1;1;0;0;TRUE;126
2039;"random_SSR";"type_random";39;"940300577";"SSR";"Île-de-France";1;1;1;0;0;TRUE;90
2040;"random_SSR";"type_random";40;"280506015";"SSR";"Centre-Val de Loire";1;1;1;0;0;TRUE;15
2041;"random_SSR";"type_random";41;"400782777";"SSR";"Nouvelle-Aquitaine";1;1;1;0;0;TRUE;2
2042;"random_SSR";"type_random";42;"490000643";"SSR";"Pays de la Loire";1;1;1;0;0;TRUE;25
2043;"random_SSR";"type_random";43;"350008579";"SSR";"Bretagne";1;1;1;0;0;TRUE;15
2044;"random_SSR";"type_random";44;"060780277";"SSR";"Provence-Alpes-Côte d'Azur";1;1;1;0;0;TRUE;54
2045;"random_SSR";"type_random";45;"800016735";"SSR";"Hauts-de-France";1;1;1;0;0;TRUE;81
2046;"random_SSR";"type_random";46;"640780904";"SSR";"Nouvelle-Aquitaine";2;7;2;0;0;TRUE;23
2047;"random_SSR";"type_random";47;"930300124";"SSR";"Île-de-France";1;1;1;0;0;TRUE;53
2048;"random_SSR";"type_random";48;"340008176";"SSR";"Occitanie";1;1;1;0;0;TRUE;14
2049;"random_SSR";"type_random";49;"830100624";"SSR";"Provence-Alpes-Côte d'Azur";1;1;1;0;0;TRUE;48
2050;"random_SSR";"type_random";50;"240000463";"SSR";"Nouvelle-Aquitaine";1;1;1;0;0;TRUE;51
2051;"random_SSR";"type_random";51;"920300985";"SSR";"Île-de-France";1;1;1;0;0;TRUE;20
2052;"random_SSR";"type_random";52;"490000817";"SSR";"Pays de la Loire";1;1;1;0;0;TRUE;45
2053;"random_SSR";"type_random";53;"660781287";"SSR";"Occitanie";2;34;1;0;0;TRUE;65
2054;"random_SSR";"type_random";54;"920014099";"SSR";"Île-de-France";1;1;1;0;0;TRUE;16
2055;"random_SSR";"type_random";55;"110007630";"SSR";"Occitanie";1;1;1;0;0;TRUE;12
2056;"random_SSR";"type_random";56;"450014956";"SSR";"Centre-Val de Loire";1;1;1;0;0;TRUE;12
2057;"random_SSR";"type_random";57;"760017079";"SSR";"Normandie";2;123;2;0;0;TRUE;309
2058;"random_SSR";"type_random";58;"340009018";"SSR";"Occitanie";1;1;1;0;0;TRUE;31
2059;"random_SSR";"type_random";59;"2A0000261";"SSR";"Corse";3;52;2;0;0;TRUE;178
2060;"random_SSR";"type_random";60;"830000303";"SSR";"Provence-Alpes-Côte d'Azur";1;1;1;0;0;TRUE;62
2061;"random_SSR";"type_random";61;"930023692";"SSR";"Île-de-France";1;1;1;0;0;TRUE;102
2062;"random_SSR";"type_random";62;"590001582";"SSR";"Hauts-de-France";1;1;1;0;0;TRUE;41
2063;"random_SSR";"type_random";63;"130781438";"SSR";"Provence-Alpes-Côte d'Azur";1;1;1;0;0;TRUE;67
2064;"random_SSR";"type_random";64;"920300258";"SSR";"Île-de-France";1;1;1;0;0;TRUE;40
2065;"random_SSR";"type_random";65;"330781154";"SSR";"Nouvelle-Aquitaine";1;1;1;0;0;TRUE;13
2066;"random_SSR";"type_random";66;"830206983";"SSR";"Provence-Alpes-Côte d'Azur";1;1;1;0;0;TRUE;98
2067;"random_SSR";"type_random";67;"760781054";"SSR";"Normandie";2;54;1;0;0;TRUE;83
2068;"random_SSR";"type_random";68;"480780279";"SSR";"Occitanie";1;1;1;0;0;TRUE;4
2069;"random_SSR";"type_random";69;"540005196";"SSR";"Grand-Est";1;1;1;0;0;TRUE;2
2070;"random_SSR";"type_random";70;"290000686";"SSR";"Bretagne";2;25;2;0;0;TRUE;45
2071;"random_SSR";"type_random";71;"920300985";"SSR";"Île-de-France";1;1;1;0;0;TRUE;54
2072;"random_SSR";"type_random";72;"220014708";"SSR";"Bretagne";1;1;1;0;0;TRUE;29
2073;"random_SSR";"type_random";73;"500024336";"SSR";"Normandie";1;1;1;0;0;TRUE;58
2074;"random_SSR";"type_random";74;"380000364";"SSR";"Auvergne-Rhône-Alpes";1;1;1;0;0;TRUE;16
2075;"random_SSR";"type_random";75;"280000266";"SSR";"Centre-Val de Loire";1;1;1;0;0;TRUE;3
2076;"random_SSR";"type_random";76;"170803431";"SSR";"Nouvelle-Aquitaine";1;1;1;0;0;TRUE;23
2077;"random_SSR";"type_random";77;"240002402";"SSR";"Nouvelle-Aquitaine";1;1;1;0;0;TRUE;18
2078;"random_SSR";"type_random";78;"690780481";"SSR";"Auvergne-Rhône-Alpes";1;1;1;0;0;TRUE;121
2079;"random_SSR";"type_random";79;"730783974";"SSR";"Auvergne-Rhône-Alpes";1;1;1;0;0;TRUE;23
2080;"random_SSR";"type_random";80;"750038739";"SSR";"Île-de-France";1;1;1;0;0;TRUE;34
2081;"random_SSR";"type_random";81;"440024669";"SSR";"Pays de la Loire";1;1;1;0;0;TRUE;101
2082;"random_SSR";"type_random";82;"350000428";"SSR";"Pays de la Loire";3;23;2;0;0;TRUE;118
2083;"random_SSR";"type_random";83;"630783348";"SSR";"Auvergne-Rhône-Alpes";1;1;1;0;0;TRUE;27
2084;"random_SSR";"type_random";84;"870007358";"SSR";"Nouvelle-Aquitaine";1;1;1;0;0;TRUE;163
2085;"random_SSR";"type_random";85;"130789357";"SSR";"Provence-Alpes-Côte d'Azur";1;1;1;1;2,66990615279873e-06;FALSE;NA
2086;"random_SSR";"type_random";86;"170792220";"SSR";"Nouvelle-Aquitaine";2;198;2;0;0;TRUE;234
2087;"random_SSR";"type_random";87;"940008139";"SSR";"Île-de-France";1;1;1;0;0;TRUE;125
2088;"random_SSR";"type_random";88;"450000526";"SSR";"Centre-Val de Loire";1;1;1;0;0;TRUE;7
2089;"random_SSR";"type_random";89;"750069049";"SSR";"Île-de-France";1;1;1;0;0;TRUE;77
2090;"random_SSR";"type_random";90;"060780459";"SSR";"Provence-Alpes-Côte d'Azur";1;1;1;0;0;TRUE;21
2091;"random_SSR";"type_random";91;"190009985";"SSR";"Nouvelle-Aquitaine";1;1;1;0;0;TRUE;16
2092;"random_SSR";"type_random";92;"430000182";"SSR";"Auvergne-Rhône-Alpes";1;1;1;0;0;TRUE;42
2093;"random_SSR";"type_random";93;"950500017";"SSR";"Île-de-France";0;1;0;0;0;TRUE;1
2094;"random_SSR";"type_random";94;"410000210";"SSR";"Centre-Val de Loire";2;20;1;0;0;TRUE;53
2095;"random_SSR";"type_random";95;"630000487";"SSR";"Auvergne-Rhône-Alpes";1;1;1;0;0;TRUE;141
2096;"random_SSR";"type_random";96;"910023654";"SSR";"Île-de-France";1;1;1;0;0;TRUE;8
2097;"random_SSR";"type_random";97;"240002402";"SSR";"Nouvelle-Aquitaine";1;1;1;0;0;TRUE;51
2098;"random_SSR";"type_random";98;"070780234";"SSR";"Auvergne-Rhône-Alpes";1;1;1;0;0;TRUE;30
2099;"random_SSR";"type_random";99;"080010523";"SSR";"Grand-Est";1;1;1;0;0;TRUE;33
2100;"random_SSR";"type_random";100;"130785462";"SSR";"Provence-Alpes-Côte d'Azur";2;24;1;0;0;TRUE;73
2101;"random_SSR";"type_random";101;"560000390";"SSR";"Bretagne";1;1;1;0;0;TRUE;19
2102;"random_SSR";"type_random";102;"910300235";"SSR";"Île-de-France";1;1;1;0;0;TRUE;6
2103;"random_SSR";"type_random";103;"780000352";"SSR";"Île-de-France";1;1;1;0;0;TRUE;73
2104;"random_SSR";"type_random";104;"290003953";"SSR";"Bretagne";1;1;1;0;0;TRUE;8
2105;"random_SSR";"type_random";105;"300780442";"SSR";"Occitanie";1;1;1;0;0;TRUE;54
2106;"random_SSR";"type_random";106;"350002234";"SSR";"Bretagne";2;24;2;0;0;TRUE;119
2107;"random_SSR";"type_random";107;"490531910";"SSR";"Pays de la Loire";1;1;1;0;0;TRUE;65
2108;"random_SSR";"type_random";108;"620027664";"SSR";"Hauts-de-France";1;1;1;0;0;TRUE;28
2109;"random_SSR";"type_random";109;"280000266";"SSR";"Centre-Val de Loire";3;96;2;0;0;TRUE;234
2110;"random_SSR";"type_random";110;"670780600";"SSR";"Grand-Est";2;76;2;0;0;TRUE;115
2111;"random_SSR";"type_random";111;"010011641";"SSR";"Auvergne-Rhône-Alpes";1;1;1;0;0;TRUE;21
2112;"random_SSR";"type_random";112;"750700015";"SSR";"Île-de-France";2;7;2;0;0;TRUE;118
2113;"random_SSR";"type_random";113;"300014040";"SSR";"Unknown";1;1;1;0;0;TRUE;27
2114;"random_SSR";"type_random";114;"760000034";"SSR";"Normandie";1;1;1;0;0;TRUE;64
2115;"random_SSR";"type_random";115;"350000428";"SSR";"Pays de la Loire";1;1;1;0;0;TRUE;16
2116;"random_SSR";"type_random";116;"930017512";"SSR";"Île-de-France";3;185;2;0;0;TRUE;241
2117;"random_SSR";"type_random";117;"660780842";"SSR";"Occitanie";1;1;1;0;0;TRUE;127
2118;"random_SSR";"type_random";118;"120783188";"SSR";"Occitanie";1;1;1;0;0;TRUE;6
2119;"random_SSR";"type_random";119;"440000024";"SSR";"Pays de la Loire";1;1;1;0;0;TRUE;8
2120;"random_SSR";"type_random";120;"140019175";"SSR";"Normandie";1;1;1;0;0;TRUE;48
2121;"random_SSR";"type_random";121;"880000336";"SSR";"Grand-Est";1;1;1;0;0;TRUE;25
2122;"random_SSR";"type_random";122;"370000374";"SSR";"Centre-Val de Loire";2;31;1;0;0;TRUE;90
2123;"random_SSR";"type_random";123;"600100671";"SSR";"Hauts-de-France";1;1;1;0;0;TRUE;57
2124;"random_SSR";"type_random";124;"140017278";"SSR";"Normandie";1;1;1;0;0;TRUE;25
2125;"random_SSR";"type_random";125;"130784580";"SSR";"Provence-Alpes-Côte d'Azur";0;1;0;0;0;TRUE;1
2126;"random_SSR";"type_random";126;"230782617";"SSR";"Nouvelle-Aquitaine";1;1;1;0;0;TRUE;4
2127;"random_SSR";"type_random";127;"190012476";"SSR";"Nouvelle-Aquitaine";1;1;1;0;0;TRUE;32
2128;"random_SSR";"type_random";128;"310782396";"SSR";"Occitanie";1;1;1;0;0;TRUE;44
2129;"random_SSR";"type_random";129;"830100806";"SSR";"Provence-Alpes-Côte d'Azur";1;1;1;0;0;TRUE;10
2130;"random_SSR";"type_random";130;"380780379";"SSR";"Auvergne-Rhône-Alpes";1;1;1;0;0;TRUE;7
2131;"random_SSR";"type_random";131;"760781054";"SSR";"Normandie";1;1;1;0;0;TRUE;11
2132;"random_SSR";"type_random";132;"400780425";"SSR";"Nouvelle-Aquitaine";1;1;1;0;0;TRUE;80
2133;"random_SSR";"type_random";133;"910023654";"SSR";"Île-de-France";1;1;1;0;0;TRUE;53
2134;"random_SSR";"type_random";134;"950000703";"SSR";"Île-de-France";1;1;1;0;0;TRUE;65
2135;"random_SSR";"type_random";135;"270000342";"SSR";"Normandie";1;1;1;0;0;TRUE;228
2136;"random_SSR";"type_random";136;"860790419";"SSR";"Nouvelle-Aquitaine";1;1;1;0;0;TRUE;55
2137;"random_SSR";"type_random";137;"640790150";"SSR";"Nouvelle-Aquitaine";1;1;1;0;0;TRUE;7
2138;"random_SSR";"type_random";138;"860780436";"SSR";"Nouvelle-Aquitaine";1;1;1;0;0;TRUE;287
2139;"random_SSR";"type_random";139;"330780560";"SSR";"Nouvelle-Aquitaine";1;1;1;0;0;TRUE;12
2140;"random_SSR";"type_random";140;"480000835";"SSR";"Occitanie";1;1;1;0;0;TRUE;13
2141;"random_SSR";"type_random";141;"540022837";"SSR";"Grand-Est";2;38;2;1;2,66990615279873e-06;FALSE;NA
2142;"random_SSR";"type_random";142;"480783034";"SSR";"Occitanie";2;33;2;0;0;TRUE;150
2143;"random_SSR";"type_random";143;"920150075";"SSR";"Île-de-France";1;1;1;0;0;TRUE;26
2144;"random_SSR";"type_random";144;"300786274";"SSR";"Occitanie";1;1;1;0;0;TRUE;22
2145;"random_SSR";"type_random";145;"680001310";"SSR";"Grand-Est";1;1;1;0;0;TRUE;10
2146;"random_SSR";"type_random";146;"400780102";"SSR";"Nouvelle-Aquitaine";3;35;3;0;0;TRUE;314
2147;"random_SSR";"type_random";147;"770027688";"SSR";"Île-de-France";1;1;1;0;0;TRUE;61
2148;"random_SSR";"type_random";148;"760783530";"SSR";"Normandie";2;6;2;0;0;TRUE;58
2149;"random_SSR";"type_random";149;"670780121";"SSR";"Grand-Est";1;1;1;0;0;TRUE;33
2150;"random_SSR";"type_random";150;"490531910";"SSR";"Pays de la Loire";2;4;2;0;0;TRUE;36
2151;"random_SSR";"type_random";151;"920016698";"SSR";"Île-de-France";1;1;1;0;0;TRUE;27
2152;"random_SSR";"type_random";152;"210780292";"SSR";"Bourgogne-Franche-Comté";1;1;1;0;0;TRUE;83
2153;"random_SSR";"type_random";153;"940300080";"SSR";"Île-de-France";1;1;1;0;0;TRUE;163
2154;"random_SSR";"type_random";154;"590791323";"SSR";"Hauts-de-France";1;1;1;0;0;TRUE;3
2155;"random_SSR";"type_random";155;"340001064";"SSR";"Occitanie";2;9;1;0;0;TRUE;14
2156;"random_SSR";"type_random";156;"370000515";"SSR";"Centre-Val de Loire";1;1;1;0;0;TRUE;8
2157;"random_SSR";"type_random";157;"600101679";"SSR";"Hauts-de-France";1;1;1;0;0;TRUE;49
2158;"random_SSR";"type_random";158;"930006648";"SSR";"Île-de-France";1;1;1;0;0;TRUE;60
2159;"random_SSR";"type_random";159;"810000158";"SSR";"Occitanie";1;1;1;0;0;TRUE;67
2160;"random_SSR";"type_random";160;"660780800";"SSR";"Occitanie";1;1;1;0;0;TRUE;101
2161;"random_SSR";"type_random";161;"920004058";"SSR";"Île-de-France";2;62;2;0;0;TRUE;279
2162;"random_SSR";"type_random";162;"130012768";"SSR";"Provence-Alpes-Côte d'Azur";1;1;1;0;0;TRUE;2
2163;"random_SSR";"type_random";163;"590790473";"SSR";"Hauts-de-France";2;66;1;0;0;TRUE;79
2164;"random_SSR";"type_random";164;"670780915";"SSR";"Grand-Est";1;1;1;0;0;TRUE;25
2165;"random_SSR";"type_random";165;"060780350";"SSR";"Provence-Alpes-Côte d'Azur";1;1;1;0;0;TRUE;49
2166;"random_SSR";"type_random";166;"560027377";"SSR";"Bretagne";1;1;1;0;0;TRUE;121
2167;"random_SSR";"type_random";167;"950150011";"SSR";"Île-de-France";1;1;1;0;0;TRUE;22
2168;"random_SSR";"type_random";168;"750047128";"SSR";"Île-de-France";1;1;1;0;0;TRUE;8
2169;"random_SSR";"type_random";169;"280000431";"SSR";"Centre-Val de Loire";1;1;1;0;0;TRUE;11
2170;"random_SSR";"type_random";170;"850000357";"SSR";"Pays de la Loire";1;1;1;0;0;TRUE;22
2171;"random_SSR";"type_random";171;"670014992";"SSR";"Grand-Est";1;1;1;0;0;TRUE;19
2172;"random_SSR";"type_random";172;"630785756";"SSR";"Auvergne-Rhône-Alpes";1;1;1;0;0;TRUE;32
2173;"random_SSR";"type_random";173;"570026575";"SSR";"Grand-Est";1;1;1;0;0;TRUE;10
2174;"random_SSR";"type_random";174;"290037548";"SSR";"Bretagne";1;1;1;0;0;TRUE;10
2175;"random_SSR";"type_random";175;"060780558";"SSR";"Provence-Alpes-Côte d'Azur";2;2;1;0;0;TRUE;34
2176;"random_SSR";"type_random";176;"740780986";"SSR";"Auvergne-Rhône-Alpes";1;1;1;0;0;TRUE;79
2177;"random_SSR";"type_random";177;"440059335";"SSR";"Pays de la Loire";1;1;1;0;0;TRUE;27
2178;"random_SSR";"type_random";178;"630000131";"SSR";"Auvergne-Rhône-Alpes";2;5;2;0;0;TRUE;150
2179;"random_SSR";"type_random";179;"110000262";"SSR";"Occitanie";2;49;2;0;0;TRUE;138
2180;"random_SSR";"type_random";180;"760781054";"SSR";"Normandie";1;1;1;0;0;TRUE;3
2181;"random_SSR";"type_random";181;"440000644";"SSR";"Pays de la Loire";3;76;2;0;0;TRUE;104
2182;"random_SSR";"type_random";182;"680000296";"SSR";"Grand-Est";1;1;1;0;0;TRUE;70
2183;"random_SSR";"type_random";183;"370000218";"SSR";"Centre-Val de Loire";0;1;0;0;0;TRUE;1
2184;"random_SSR";"type_random";184;"110786746";"SSR";"Occitanie";1;1;1;0;0;TRUE;22
2185;"random_SSR";"type_random";185;"470019076";"SSR";"Nouvelle-Aquitaine";1;1;1;0;0;TRUE;36
2186;"random_SSR";"type_random";186;"920600061";"SSR";"Île-de-France";3;310;1;2;5,33981230559746e-06;FALSE;NA
2187;"random_SSR";"type_random";187;"440001964";"SSR";"Pays de la Loire";1;1;1;0;0;TRUE;108
2188;"random_SSR";"type_random";188;"190012476";"SSR";"Nouvelle-Aquitaine";1;1;1;0;0;TRUE;36
2189;"random_SSR";"type_random";189;"690000401";"SSR";"Auvergne-Rhône-Alpes";1;1;1;0;0;TRUE;94
2190;"random_SSR";"type_random";190;"590785424";"SSR";"Hauts-de-France";1;1;1;0;0;TRUE;155
2191;"random_SSR";"type_random";191;"760017079";"SSR";"Normandie";1;1;1;0;0;TRUE;15
2192;"random_SSR";"type_random";192;"600100671";"SSR";"Hauts-de-France";1;1;1;0;0;TRUE;5
2193;"random_SSR";"type_random";193;"110004942";"SSR";"Occitanie";1;1;1;0;0;TRUE;21
2194;"random_SSR";"type_random";194;"690803044";"SSR";"Auvergne-Rhône-Alpes";1;1;1;0;0;TRUE;80
2195;"random_SSR";"type_random";195;"130780083";"SSR";"Provence-Alpes-Côte d'Azur";1;1;1;0;0;TRUE;37
2196;"random_SSR";"type_random";196;"430000158";"SSR";"Auvergne-Rhône-Alpes";2;23;2;0;0;TRUE;63
2197;"random_SSR";"type_random";197;"120007554";"SSR";"Occitanie";1;1;1;0;0;TRUE;107
2198;"random_SSR";"type_random";198;"620106203";"SSR";"Hauts-de-France";2;37;2;0;0;TRUE;234
2199;"random_SSR";"type_random";199;"740780986";"SSR";"Auvergne-Rhône-Alpes";1;1;1;0;0;TRUE;109
2200;"random_SSR";"type_random";200;"790000145";"SSR";"Nouvelle-Aquitaine";1;1;1;0;0;TRUE;14
2201;"random_SSR";"type_random";201;"400791018";"SSR";"Nouvelle-Aquitaine";2;32;1;0;0;TRUE;92
2202;"random_SSR";"type_random";202;"130784952";"SSR";"Provence-Alpes-Côte d'Azur";1;1;1;0;0;TRUE;27
2203;"random_SSR";"type_random";203;"260017454";"SSR";"Auvergne-Rhône-Alpes";1;1;1;0;0;TRUE;32
2204;"random_SSR";"type_random";204;"070780242";"SSR";"Auvergne-Rhône-Alpes";1;1;1;0;0;TRUE;49
2205;"random_SSR";"type_random";205;"380009928";"SSR";"Auvergne-Rhône-Alpes";1;1;1;0;0;TRUE;48
2206;"random_SSR";"type_random";206;"060780350";"SSR";"Provence-Alpes-Côte d'Azur";1;1;1;0;0;TRUE;122
2207;"random_SSR";"type_random";207;"590034732";"SSR";"Hauts-de-France";2;46;2;0;0;TRUE;93
2208;"random_SSR";"type_random";208;"740000278";"SSR";"Auvergne-Rhône-Alpes";1;1;1;0;0;TRUE;33
2209;"random_SSR";"type_random";209;"480783034";"SSR";"Occitanie";2;41;1;0;0;TRUE;69
2210;"random_SSR";"type_random";210;"470019076";"SSR";"Nouvelle-Aquitaine";1;1;1;0;0;TRUE;9
2211;"random_SSR";"type_random";211;"580006286";"SSR";"Bourgogne-Franche-Comté";1;1;1;0;0;TRUE;50
2212;"random_SSR";"type_random";212;"460785900";"SSR";"Occitanie";1;1;1;0;0;TRUE;48
2213;"random_SSR";"type_random";213;"350000428";"SSR";"Pays de la Loire";1;1;1;0;0;TRUE;47
2214;"random_SSR";"type_random";214;"700780042";"SSR";"Bourgogne-Franche-Comté";2;37;2;0;0;TRUE;51
2215;"random_SSR";"type_random";215;"780000352";"SSR";"Île-de-France";1;1;1;0;0;TRUE;109
2216;"random_SSR";"type_random";216;"680000833";"SSR";"Grand-Est";2;7;2;0;0;TRUE;109
2217;"random_SSR";"type_random";217;"590791729";"SSR";"Hauts-de-France";1;1;1;0;0;TRUE;36
2218;"random_SSR";"type_random";218;"240000273";"SSR";"Nouvelle-Aquitaine";2;8;2;0;0;TRUE;35
2219;"random_SSR";"type_random";219;"620100495";"SSR";"Hauts-de-France";1;1;1;0;0;TRUE;22
2220;"random_SSR";"type_random";220;"220000475";"SSR";"Bretagne";1;1;1;0;0;TRUE;69
2221;"random_SSR";"type_random";221;"850022013";"SSR";"Pays de la Loire";2;12;2;0;0;TRUE;83
2222;"random_SSR";"type_random";222;"030000012";"SSR";"Auvergne-Rhône-Alpes";2;23;2;0;0;TRUE;93
2223;"random_SSR";"type_random";223;"210010443";"SSR";"Bourgogne-Franche-Comté";1;1;1;0;0;TRUE;15
2224;"random_SSR";"type_random";224;"930300280";"SSR";"Île-de-France";1;1;1;0;0;TRUE;9
2225;"random_SSR";"type_random";225;"750047128";"SSR";"Île-de-France";1;1;1;0;0;TRUE;228
2226;"random_SSR";"type_random";226;"310014329";"SSR";"Occitanie";1;1;1;0;0;TRUE;23
2227;"random_SSR";"type_random";227;"060005469";"SSR";"Provence-Alpes-Côte d'Azur";1;1;1;0;0;TRUE;38
2228;"random_SSR";"type_random";228;"680000130";"SSR";"Grand-Est";1;1;1;0;0;TRUE;14
2229;"random_SSR";"type_random";229;"620034926";"SSR";"Hauts-de-France";1;1;1;0;0;TRUE;80
2230;"random_SSR";"type_random";230;"620034926";"SSR";"Hauts-de-France";1;1;1;0;0;TRUE;20
2231;"random_SSR";"type_random";231;"500000419";"SSR";"Normandie";1;1;1;0;0;TRUE;23
2232;"random_SSR";"type_random";232;"440059335";"SSR";"Pays de la Loire";1;1;1;0;0;TRUE;16
2233;"random_SSR";"type_random";233;"620003822";"SSR";"Hauts-de-France";4;36;4;0;0;TRUE;120
2234;"random_SSR";"type_random";234;"660790163";"SSR";"Occitanie";1;1;1;0;0;TRUE;35
2235;"random_SSR";"type_random";235;"490000643";"SSR";"Pays de la Loire";2;122;2;0;0;TRUE;168
2236;"random_SSR";"type_random";236;"780022760";"SSR";"Île-de-France";1;1;1;0;0;TRUE;129
2237;"random_SSR";"type_random";237;"010002129";"SSR";"Auvergne-Rhône-Alpes";1;1;1;0;0;TRUE;13
2238;"random_SSR";"type_random";238;"130046097";"SSR";"Provence-Alpes-Côte d'Azur";1;1;1;0;0;TRUE;70
2239;"random_SSR";"type_random";239;"070783824";"SSR";"Auvergne-Rhône-Alpes";1;1;1;0;0;TRUE;42
2240;"random_SSR";"type_random";240;"130789357";"SSR";"Provence-Alpes-Côte d'Azur";1;1;1;0;0;TRUE;47
2241;"random_SSR";"type_random";241;"840014088";"SSR";"Provence-Alpes-Côte d'Azur";2;49;1;0;0;TRUE;179
2242;"random_SSR";"type_random";242;"320780323";"SSR";"Occitanie";1;1;1;0;0;TRUE;38
2243;"random_SSR";"type_random";243;"630000149";"SSR";"Auvergne-Rhône-Alpes";1;1;1;0;0;TRUE;38
2244;"random_SSR";"type_random";244;"670780121";"SSR";"Grand-Est";1;1;1;0;0;TRUE;6
2245;"random_SSR";"type_random";245;"210780144";"SSR";"Bourgogne-Franche-Comté";1;1;1;0;0;TRUE;10
2246;"random_SSR";"type_random";246;"440000644";"SSR";"Pays de la Loire";1;1;1;0;0;TRUE;13
2247;"random_SSR";"type_random";247;"510024466";"SSR";"Hauts-de-France";1;1;1;0;0;TRUE;38
2248;"random_SSR";"type_random";248;"830206983";"SSR";"Provence-Alpes-Côte d'Azur";1;1;1;0;0;TRUE;9
2249;"random_SSR";"type_random";249;"740780143";"SSR";"Auvergne-Rhône-Alpes";5;91;3;0;0;TRUE;142
2250;"random_SSR";"type_random";250;"740016696";"SSR";"Auvergne-Rhône-Alpes";1;1;1;0;0;TRUE;53
2251;"random_SSR";"type_random";251;"370000184";"SSR";"Centre-Val de Loire";2;5;1;0;0;TRUE;42
2252;"random_SSR";"type_random";252;"300786274";"SSR";"Occitanie";1;1;1;0;0;TRUE;143
2253;"random_SSR";"type_random";253;"850002403";"SSR";"Pays de la Loire";1;1;1;0;0;TRUE;16
2254;"random_SSR";"type_random";254;"170803431";"SSR";"Nouvelle-Aquitaine";1;1;1;0;0;TRUE;42
2255;"random_SSR";"type_random";255;"380780379";"SSR";"Auvergne-Rhône-Alpes";1;1;1;0;0;TRUE;9
2256;"random_SSR";"type_random";256;"290002344";"SSR";"Bretagne";1;1;1;0;0;TRUE;27
2257;"random_SSR";"type_random";257;"440000693";"SSR";"Pays de la Loire";1;1;1;0;0;TRUE;158
2258;"random_SSR";"type_random";258;"650000078";"SSR";"Occitanie";1;1;1;0;0;TRUE;13
2259;"random_SSR";"type_random";259;"110005246";"SSR";"Occitanie";1;1;1;0;0;TRUE;5
2260;"random_SSR";"type_random";260;"950500017";"SSR";"Île-de-France";1;1;1;0;0;TRUE;42
2261;"random_SSR";"type_random";261;"050000298";"SSR";"Provence-Alpes-Côte d'Azur";1;1;1;0;0;TRUE;43
2262;"random_SSR";"type_random";262;"120007554";"SSR";"Occitanie";1;1;1;0;0;TRUE;26
2263;"random_SSR";"type_random";263;"740780135";"SSR";"Auvergne-Rhône-Alpes";1;1;1;0;0;TRUE;4
2264;"random_SSR";"type_random";264;"310781174";"SSR";"Occitanie";1;1;1;0;0;TRUE;19
2265;"random_SSR";"type_random";265;"310780481";"SSR";"Occitanie";1;1;1;0;0;TRUE;144
2266;"random_SSR";"type_random";266;"340024546";"SSR";"Occitanie";2;56;2;0;0;TRUE;106
2267;"random_SSR";"type_random";267;"600010094";"SSR";"Hauts-de-France";1;1;1;0;0;TRUE;106
2268;"random_SSR";"type_random";268;"920711512";"SSR";"Île-de-France";1;1;1;0;0;TRUE;77
2269;"random_SSR";"type_random";269;"130782097";"SSR";"Provence-Alpes-Côte d'Azur";1;1;1;0;0;TRUE;73
2270;"random_SSR";"type_random";270;"340780857";"SSR";"Occitanie";1;1;1;0;0;TRUE;61
2271;"random_SSR";"type_random";271;"750064495";"SSR";"Île-de-France";1;1;1;0;0;TRUE;72
2272;"random_SSR";"type_random";272;"330780560";"SSR";"Nouvelle-Aquitaine";3;46;1;0;0;TRUE;99
2273;"random_SSR";"type_random";273;"460000060";"SSR";"Occitanie";1;1;1;0;0;TRUE;44
2274;"random_SSR";"type_random";274;"600100283";"SSR";"Hauts-de-France";1;1;1;0;0;TRUE;22
2275;"random_SSR";"type_random";275;"140025255";"SSR";"Normandie";1;1;1;0;0;TRUE;128
2276;"random_SSR";"type_random";276;"610784423";"SSR";"Normandie";1;1;1;0;0;TRUE;91
2277;"random_SSR";"type_random";277;"310790472";"SSR";"Occitanie";1;1;1;0;0;TRUE;29
2278;"random_SSR";"type_random";278;"410000442";"SSR";"Centre-Val de Loire";1;1;1;0;0;TRUE;68
2279;"random_SSR";"type_random";279;"540005196";"SSR";"Grand-Est";1;1;1;0;0;TRUE;161
2280;"random_SSR";"type_random";280;"510000292";"SSR";"Grand-Est";1;1;1;0;0;TRUE;60
2281;"random_SSR";"type_random";281;"120000153";"SSR";"Occitanie";2;17;1;0;0;TRUE;35
2282;"random_SSR";"type_random";282;"560003055";"SSR";"Bretagne";1;1;1;0;0;TRUE;23
2283;"random_SSR";"type_random";283;"130043854";"SSR";"Provence-Alpes-Côte d'Azur";1;1;1;0;0;TRUE;35
2284;"random_SSR";"type_random";284;"480780212";"SSR";"Occitanie";1;1;1;0;0;TRUE;12
2285;"random_SSR";"type_random";285;"140025255";"SSR";"Normandie";1;1;1;0;0;TRUE;18
2286;"random_SSR";"type_random";286;"910150077";"SSR";"Île-de-France";1;1;1;0;0;TRUE;14
2287;"random_SSR";"type_random";287;"340019090";"SSR";"Occitanie";1;1;1;0;0;TRUE;34
2288;"random_SSR";"type_random";288;"130782097";"SSR";"Provence-Alpes-Côte d'Azur";1;1;1;0;0;TRUE;43
2289;"random_SSR";"type_random";289;"770300218";"SSR";"Île-de-France";1;1;1;0;0;TRUE;45
2290;"random_SSR";"type_random";290;"260017454";"SSR";"Auvergne-Rhône-Alpes";0;1;0;0;0;TRUE;1
2291;"random_SSR";"type_random";291;"310781125";"SSR";"Occitanie";1;1;1;0;0;TRUE;13
2292;"random_SSR";"type_random";292;"840000541";"SSR";"Provence-Alpes-Côte d'Azur";1;1;1;0;0;TRUE;6
2293;"random_SSR";"type_random";293;"670780501";"SSR";"Grand-Est";1;1;1;0;0;TRUE;20
2294;"random_SSR";"type_random";294;"140025255";"SSR";"Normandie";1;1;1;0;0;TRUE;122
2295;"random_SSR";"type_random";295;"460006083";"SSR";"Occitanie";1;1;1;0;0;TRUE;6
2296;"random_SSR";"type_random";296;"830206298";"SSR";"Provence-Alpes-Côte d'Azur";1;1;1;0;0;TRUE;20
2297;"random_SSR";"type_random";297;"240000273";"SSR";"Nouvelle-Aquitaine";1;1;1;0;0;TRUE;115
2298;"random_SSR";"type_random";298;"060780145";"SSR";"Provence-Alpes-Côte d'Azur";1;1;1;0;0;TRUE;250
2299;"random_SSR";"type_random";299;"070780226";"SSR";"Auvergne-Rhône-Alpes";1;1;1;0;0;TRUE;27
2300;"random_SSR";"type_random";300;"110780202";"SSR";"Occitanie";1;1;1;0;0;TRUE;29
2301;"random_SSR";"type_random";301;"340780220";"SSR";"Occitanie";1;1;1;0;0;TRUE;9
2302;"random_SSR";"type_random";302;"950420042";"SSR";"Île-de-France";1;1;1;0;0;TRUE;13
2303;"random_SSR";"type_random";303;"710018292";"SSR";"Bourgogne-Franche-Comté";1;1;1;0;0;TRUE;12
2304;"random_SSR";"type_random";304;"040780405";"SSR";"Provence-Alpes-Côte d'Azur";1;1;1;0;0;TRUE;74
2305;"random_SSR";"type_random";305;"110786746";"SSR";"Occitanie";1;1;1;0;0;TRUE;85
2306;"random_SSR";"type_random";306;"540022811";"SSR";"Grand-Est";1;1;1;0;0;TRUE;18
2307;"random_SSR";"type_random";307;"190005694";"SSR";"Nouvelle-Aquitaine";1;1;1;0;0;TRUE;86
2308;"random_SSR";"type_random";308;"670000371";"SSR";"Grand-Est";1;1;1;0;0;TRUE;53
2309;"random_SSR";"type_random";309;"860790419";"SSR";"Nouvelle-Aquitaine";1;1;1;0;0;TRUE;21
2310;"random_SSR";"type_random";310;"640780649";"SSR";"Nouvelle-Aquitaine";2;25;1;0;0;TRUE;42
2311;"random_SSR";"type_random";311;"830017372";"SSR";"Provence-Alpes-Côte d'Azur";1;1;1;0;0;TRUE;34
2312;"random_SSR";"type_random";312;"760920918";"SSR";"Normandie";1;1;1;0;0;TRUE;27
2313;"random_SSR";"type_random";313;"170780043";"SSR";"Nouvelle-Aquitaine";1;1;1;0;0;TRUE;23
2314;"random_SSR";"type_random";314;"060790177";"SSR";"Provence-Alpes-Côte d'Azur";1;1;1;0;0;TRUE;47
2315;"random_SSR";"type_random";315;"150000149";"SSR";"Auvergne-Rhône-Alpes";1;1;1;0;0;TRUE;32
2316;"random_SSR";"type_random";316;"680000296";"SSR";"Grand-Est";1;1;1;0;0;TRUE;15
2317;"random_SSR";"type_random";317;"440043123";"SSR";"Pays de la Loire";1;1;1;0;0;TRUE;21
2318;"random_SSR";"type_random";318;"240008318";"SSR";"Nouvelle-Aquitaine";1;1;1;0;0;TRUE;101
2319;"random_SSR";"type_random";319;"700004377";"SSR";"Bourgogne-Franche-Comté";0;1;0;0;0;TRUE;1
2320;"random_SSR";"type_random";320;"890000300";"SSR";"Bourgogne-Franche-Comté";1;1;1;0;0;TRUE;32
2321;"random_SSR";"type_random";321;"540005196";"SSR";"Grand-Est";1;1;1;0;0;TRUE;11
2322;"random_SSR";"type_random";322;"830100632";"SSR";"Provence-Alpes-Côte d'Azur";1;1;1;0;0;TRUE;42
2323;"random_SSR";"type_random";323;"120780135";"SSR";"Occitanie";1;1;1;0;0;TRUE;23
2324;"random_SSR";"type_random";324;"370000374";"SSR";"Centre-Val de Loire";1;1;1;0;0;TRUE;18
2325;"random_SSR";"type_random";325;"410005284";"SSR";"Centre-Val de Loire";1;1;1;0;0;TRUE;52
2326;"random_SSR";"type_random";326;"370000986";"SSR";"Centre-Val de Loire";2;40;1;0;0;TRUE;209
2327;"random_SSR";"type_random";327;"500012687";"SSR";"Normandie";1;1;1;0;0;TRUE;36
2328;"random_SSR";"type_random";328;"670000413";"SSR";"Grand-Est";1;1;1;0;0;TRUE;26
2329;"random_SSR";"type_random";329;"300780111";"SSR";"Occitanie";1;1;1;0;0;TRUE;4
2330;"random_SSR";"type_random";330;"680000130";"SSR";"Grand-Est";1;1;1;0;0;TRUE;37
2331;"random_SSR";"type_random";331;"920024205";"SSR";"Île-de-France";1;1;1;0;0;TRUE;14
2332;"random_SSR";"type_random";332;"930019203";"SSR";"Île-de-France";1;1;1;0;0;TRUE;76
2333;"random_SSR";"type_random";333;"870000171";"SSR";"Nouvelle-Aquitaine";2;3;1;0;0;TRUE;167
2334;"random_SSR";"type_random";334;"590817441";"SSR";"Hauts-de-France";1;1;1;0;0;TRUE;63
2335;"random_SSR";"type_random";335;"920005238";"SSR";"Île-de-France";1;1;1;0;0;TRUE;10
2336;"random_SSR";"type_random";336;"670000249";"SSR";"Grand-Est";1;1;1;0;0;TRUE;134
2337;"random_SSR";"type_random";337;"060780277";"SSR";"Provence-Alpes-Côte d'Azur";1;1;1;0;0;TRUE;4
2338;"random_SSR";"type_random";338;"220000194";"SSR";"Bretagne";1;1;1;0;0;TRUE;6
2339;"random_SSR";"type_random";339;"930017512";"SSR";"Île-de-France";1;1;1;0;0;TRUE;14
2340;"random_SSR";"type_random";340;"450013081";"SSR";"Centre-Val de Loire";1;1;1;0;0;TRUE;4
2341;"random_SSR";"type_random";341;"850000357";"SSR";"Pays de la Loire";1;1;1;0;0;TRUE;39
2342;"random_SSR";"type_random";342;"330057654";"SSR";"Nouvelle-Aquitaine";2;75;2;0;0;TRUE;197
2343;"random_SSR";"type_random";343;"830100814";"SSR";"Provence-Alpes-Côte d'Azur";1;1;1;0;0;TRUE;39
2344;"random_SSR";"type_random";344;"870002516";"SSR";"Nouvelle-Aquitaine";1;1;1;0;0;TRUE;45
2345;"random_SSR";"type_random";345;"930023692";"SSR";"Île-de-France";1;1;1;0;0;TRUE;37
2346;"random_SSR";"type_random";346;"910300045";"SSR";"Île-de-France";1;1;1;0;0;TRUE;95
2347;"random_SSR";"type_random";347;"560027377";"SSR";"Bretagne";1;1;1;0;0;TRUE;12
2348;"random_SSR";"type_random";348;"920004058";"SSR";"Île-de-France";1;1;1;0;0;TRUE;30
2349;"random_SSR";"type_random";349;"010780492";"SSR";"Auvergne-Rhône-Alpes";1;1;1;0;0;TRUE;29
2350;"random_SSR";"type_random";350;"210010443";"SSR";"Bourgogne-Franche-Comté";1;1;1;0;0;TRUE;30
2351;"random_SSR";"type_random";351;"380009928";"SSR";"Auvergne-Rhône-Alpes";1;1;1;0;0;TRUE;41
2352;"random_SSR";"type_random";352;"680000247";"SSR";"Grand-Est";1;1;1;0;0;TRUE;14
2353;"random_SSR";"type_random";353;"110007630";"SSR";"Occitanie";1;1;1;0;0;TRUE;16
2354;"random_SSR";"type_random";354;"620027664";"SSR";"Hauts-de-France";1;1;1;0;0;TRUE;34
2355;"random_SSR";"type_random";355;"410000210";"SSR";"Centre-Val de Loire";2;9;2;0;0;TRUE;92
2356;"random_SSR";"type_random";356;"950500017";"SSR";"Île-de-France";1;1;1;0;0;TRUE;84
2357;"random_SSR";"type_random";357;"130782444";"SSR";"Provence-Alpes-Côte d'Azur";1;1;1;0;0;TRUE;5
2358;"random_SSR";"type_random";358;"360000251";"SSR";"Centre-Val de Loire";1;1;1;0;0;TRUE;62
2359;"random_SSR";"type_random";359;"680000833";"SSR";"Grand-Est";2;43;2;0;0;TRUE;196
2360;"random_SSR";"type_random";360;"680000247";"SSR";"Grand-Est";1;1;1;0;0;TRUE;11
2361;"random_SSR";"type_random";361;"760017079";"SSR";"Normandie";1;1;1;0;0;TRUE;20
2362;"random_SSR";"type_random";362;"280506015";"SSR";"Centre-Val de Loire";1;1;1;0;0;TRUE;22
2363;"random_SSR";"type_random";363;"920005238";"SSR";"Île-de-France";2;16;1;0;0;TRUE;77
2364;"random_SSR";"type_random";364;"350008579";"SSR";"Bretagne";1;1;1;0;0;TRUE;57
2365;"random_SSR";"type_random";365;"720000413";"SSR";"Pays de la Loire";1;1;1;0;0;TRUE;12
2366;"random_SSR";"type_random";366;"620003822";"SSR";"Hauts-de-France";1;1;1;0;0;TRUE;89
2367;"random_SSR";"type_random";367;"660780636";"SSR";"Occitanie";1;1;1;0;0;TRUE;29
2368;"random_SSR";"type_random";368;"540026994";"SSR";"Grand-Est";1;1;1;0;0;TRUE;17
2369;"random_SSR";"type_random";369;"780700027";"SSR";"Île-de-France";1;1;1;0;0;TRUE;35
2370;"random_SSR";"type_random";370;"580971349";"SSR";"Bourgogne-Franche-Comté";1;1;1;0;0;TRUE;150
2371;"random_SSR";"type_random";371;"050002351";"SSR";"Provence-Alpes-Côte d'Azur";1;1;1;0;0;TRUE;68
2372;"random_SSR";"type_random";372;"690781026";"SSR";"Auvergne-Rhône-Alpes";1;1;1;0;0;TRUE;83
2373;"random_SSR";"type_random";373;"620100842";"SSR";"Hauts-de-France";1;1;1;0;0;TRUE;14
2374;"random_SSR";"type_random";374;"950000703";"SSR";"Île-de-France";2;2;2;0;0;TRUE;46
2375;"random_SSR";"type_random";375;"150000149";"SSR";"Auvergne-Rhône-Alpes";1;1;1;0;0;TRUE;5
2376;"random_SSR";"type_random";376;"460006083";"SSR";"Occitanie";1;1;1;0;0;TRUE;13
2377;"random_SSR";"type_random";377;"190009985";"SSR";"Nouvelle-Aquitaine";1;1;1;0;0;TRUE;4
2378;"random_SSR";"type_random";378;"680000247";"SSR";"Grand-Est";1;1;1;0;0;TRUE;11
2379;"random_SSR";"type_random";379;"850002403";"SSR";"Pays de la Loire";1;1;1;0;0;TRUE;41
2380;"random_SSR";"type_random";380;"210986741";"SSR";"Bourgogne-Franche-Comté";2;46;1;0;0;TRUE;65
2381;"random_SSR";"type_random";381;"720000819";"SSR";"Pays de la Loire";1;1;1;0;0;TRUE;77
2382;"random_SSR";"type_random";382;"060021201";"SSR";"Provence-Alpes-Côte d'Azur";1;1;1;0;0;TRUE;28
2383;"random_SSR";"type_random";383;"720000413";"SSR";"Pays de la Loire";1;1;1;0;0;TRUE;127
2384;"random_SSR";"type_random";384;"210007399";"SSR";"Bourgogne-Franche-Comté";1;1;1;0;0;TRUE;4
2385;"random_SSR";"type_random";385;"890000318";"SSR";"Bourgogne-Franche-Comté";1;1;1;0;0;TRUE;27
2386;"random_SSR";"type_random";386;"480780212";"SSR";"Occitanie";1;1;1;0;0;TRUE;74
2387;"random_SSR";"type_random";387;"660780800";"SSR";"Occitanie";1;1;1;0;0;TRUE;65
2388;"random_SSR";"type_random";388;"950150052";"SSR";"Île-de-France";1;1;1;0;0;TRUE;30
2389;"random_SSR";"type_random";389;"930019203";"SSR";"Île-de-France";1;1;1;0;0;TRUE;4
2390;"random_SSR";"type_random";390;"120008248";"SSR";"Occitanie";2;17;1;0;0;TRUE;19
2391;"random_SSR";"type_random";391;"740780986";"SSR";"Auvergne-Rhône-Alpes";1;1;1;0;0;TRUE;40
2392;"random_SSR";"type_random";392;"500012968";"SSR";"Normandie";2;14;1;0;0;TRUE;138
2393;"random_SSR";"type_random";393;"130782444";"SSR";"Provence-Alpes-Côte d'Azur";2;26;2;0;0;TRUE;138
2394;"random_SSR";"type_random";394;"590782611";"SSR";"Hauts-de-France";1;1;1;0;0;TRUE;22
2395;"random_SSR";"type_random";395;"540026994";"SSR";"Grand-Est";2;60;1;0;0;TRUE;143
2396;"random_SSR";"type_random";396;"790000145";"SSR";"Nouvelle-Aquitaine";1;1;1;0;0;TRUE;24
2397;"random_SSR";"type_random";397;"440059319";"SSR";"Pays de la Loire";1;1;1;0;0;TRUE;164
2398;"random_SSR";"type_random";398;"670000249";"SSR";"Grand-Est";2;95;1;0;0;TRUE;104
2399;"random_SSR";"type_random";399;"040780520";"SSR";"Provence-Alpes-Côte d'Azur";1;1;1;0;0;TRUE;28
2400;"random_SSR";"type_random";400;"250000882";"SSR";"Bourgogne-Franche-Comté";1;1;1;0;0;TRUE;14
2401;"random_SSR";"type_random";401;"760000802";"SSR";"Normandie";1;1;1;0;0;TRUE;75
2402;"random_SSR";"type_random";402;"830206298";"SSR";"Provence-Alpes-Côte d'Azur";1;1;1;0;0;TRUE;34
2403;"random_SSR";"type_random";403;"140017278";"SSR";"Normandie";2;67;2;0;0;TRUE;119
2404;"random_SSR";"type_random";404;"130784580";"SSR";"Provence-Alpes-Côte d'Azur";1;1;1;0;0;TRUE;92
2405;"random_SSR";"type_random";405;"300786274";"SSR";"Occitanie";3;44;1;0;0;TRUE;115
2406;"random_SSR";"type_random";406;"130008238";"SSR";"Provence-Alpes-Côte d'Azur";1;1;1;0;0;TRUE;34
2407;"random_SSR";"type_random";407;"300014040";"SSR";"Unknown";1;1;1;0;0;TRUE;62
2408;"random_SSR";"type_random";408;"190011197";"SSR";"Nouvelle-Aquitaine";1;1;1;0;0;TRUE;7
2409;"random_SSR";"type_random";409;"060023694";"SSR";"Provence-Alpes-Côte d'Azur";1;1;1;0;0;TRUE;86
2410;"random_SSR";"type_random";410;"810000232";"SSR";"Occitanie";1;1;1;0;0;TRUE;4
2411;"random_SSR";"type_random";411;"540009412";"SSR";"Grand-Est";1;1;1;0;0;TRUE;56
2412;"random_SSR";"type_random";412;"600111124";"SSR";"Hauts-de-France";1;1;1;0;0;TRUE;90
2413;"random_SSR";"type_random";413;"910023654";"SSR";"Île-de-France";2;15;1;0;0;TRUE;111
2414;"random_SSR";"type_random";414;"600100671";"SSR";"Hauts-de-France";1;1;1;0;0;TRUE;47
2415;"random_SSR";"type_random";415;"220012884";"SSR";"Bretagne";1;1;1;0;0;TRUE;29
2416;"random_SSR";"type_random";416;"140008152";"SSR";"Normandie";1;1;1;0;0;TRUE;43
2417;"random_SSR";"type_random";417;"630783348";"SSR";"Auvergne-Rhône-Alpes";1;1;1;0;0;TRUE;7
2418;"random_SSR";"type_random";418;"660780636";"SSR";"Occitanie";2;9;1;0;0;TRUE;124
2419;"random_SSR";"type_random";419;"950300194";"SSR";"Île-de-France";1;1;1;0;0;TRUE;21
2420;"random_SSR";"type_random";420;"850022013";"SSR";"Pays de la Loire";0;1;0;0;0;TRUE;1
2421;"random_SSR";"type_random";421;"130780083";"SSR";"Provence-Alpes-Côte d'Azur";1;1;1;0;0;TRUE;7
2422;"random_SSR";"type_random";422;"010000198";"SSR";"Auvergne-Rhône-Alpes";1;1;1;0;0;TRUE;5
2423;"random_SSR";"type_random";423;"690803044";"SSR";"Auvergne-Rhône-Alpes";1;1;1;0;0;TRUE;19
2424;"random_SSR";"type_random";424;"930011788";"SSR";"Île-de-France";1;1;1;0;0;TRUE;14
2425;"random_SSR";"type_random";425;"760780676";"SSR";"Normandie";1;1;1;0;0;TRUE;12
2426;"random_SSR";"type_random";426;"330780768";"SSR";"Nouvelle-Aquitaine";1;1;1;0;0;TRUE;47
2427;"random_SSR";"type_random";427;"500000419";"SSR";"Normandie";3;170;2;0;0;TRUE;221
2428;"random_SSR";"type_random";428;"700784887";"SSR";"Bourgogne-Franche-Comté";2;12;2;0;0;TRUE;49
2429;"random_SSR";"type_random";429;"690782420";"SSR";"Auvergne-Rhône-Alpes";1;1;1;0;0;TRUE;37
2430;"random_SSR";"type_random";430;"030000012";"SSR";"Auvergne-Rhône-Alpes";1;1;1;0;0;TRUE;7
2431;"random_SSR";"type_random";431;"630010510";"SSR";"Auvergne-Rhône-Alpes";1;1;1;0;0;TRUE;54
2432;"random_SSR";"type_random";432;"910800986";"SSR";"Île-de-France";1;1;1;0;0;TRUE;20
2433;"random_SSR";"type_random";433;"950500017";"SSR";"Île-de-France";2;60;1;0;0;TRUE;92
2434;"random_SSR";"type_random";434;"220014708";"SSR";"Bretagne";1;1;1;0;0;TRUE;27
2435;"random_SSR";"type_random";435;"300017423";"SSR";"Occitanie";2;19;2;0;0;TRUE;105
2436;"random_SSR";"type_random";436;"340001064";"SSR";"Occitanie";3;98;2;0;0;TRUE;226
2437;"random_SSR";"type_random";437;"680000296";"SSR";"Grand-Est";1;1;1;0;0;TRUE;43
2438;"random_SSR";"type_random";438;"590001442";"SSR";"Hauts-de-France";1;1;1;0;0;TRUE;18
2439;"random_SSR";"type_random";439;"180003345";"SSR";"Centre-Val de Loire";1;1;1;0;0;TRUE;119
2440;"random_SSR";"type_random";440;"130781917";"SSR";"Provence-Alpes-Côte d'Azur";1;1;1;0;0;TRUE;13
2441;"random_SSR";"type_random";441;"790000269";"SSR";"Nouvelle-Aquitaine";1;1;1;0;0;TRUE;13
2442;"random_SSR";"type_random";442;"890000300";"SSR";"Bourgogne-Franche-Comté";1;1;1;0;0;TRUE;12
2443;"random_SSR";"type_random";443;"760780692";"SSR";"Normandie";1;1;1;0;0;TRUE;13
2444;"random_SSR";"type_random";444;"590782611";"SSR";"Hauts-de-France";1;1;1;0;0;TRUE;35
2445;"random_SSR";"type_random";445;"870006137";"SSR";"Nouvelle-Aquitaine";1;1;1;0;0;TRUE;118
2446;"random_SSR";"type_random";446;"930150057";"SSR";"Île-de-France";1;1;1;0;0;TRUE;28
2447;"random_SSR";"type_random";447;"750014169";"SSR";"Île-de-France";1;1;1;0;0;TRUE;96
2448;"random_SSR";"type_random";448;"380000125";"SSR";"Auvergne-Rhône-Alpes";1;1;1;0;0;TRUE;30
2449;"random_SSR";"type_random";449;"330781154";"SSR";"Nouvelle-Aquitaine";2;34;1;0;0;TRUE;81
2450;"random_SSR";"type_random";450;"350008579";"SSR";"Bretagne";1;1;1;0;0;TRUE;21
2451;"random_SSR";"type_random";451;"910300151";"SSR";"Île-de-France";1;1;1;0;0;TRUE;18
2452;"random_SSR";"type_random";452;"950420042";"SSR";"Île-de-France";1;1;1;0;0;TRUE;73
2453;"random_SSR";"type_random";453;"490531910";"SSR";"Pays de la Loire";1;1;1;0;0;TRUE;155
2454;"random_SSR";"type_random";454;"170780043";"SSR";"Nouvelle-Aquitaine";1;1;1;0;0;TRUE;67
2455;"random_SSR";"type_random";455;"140025123";"SSR";"Normandie";1;1;1;0;0;TRUE;10
2456;"random_SSR";"type_random";456;"210780276";"SSR";"Bourgogne-Franche-Comté";1;1;1;0;0;TRUE;25
2457;"random_SSR";"type_random";457;"870000171";"SSR";"Nouvelle-Aquitaine";2;3;2;0;0;TRUE;134
2458;"random_SSR";"type_random";458;"570000794";"SSR";"Grand-Est";1;1;1;0;0;TRUE;57
2459;"random_SSR";"type_random";459;"660781097";"SSR";"Occitanie";1;1;1;0;0;TRUE;8
2460;"random_SSR";"type_random";460;"600100283";"SSR";"Hauts-de-France";1;1;1;0;0;TRUE;12
2461;"random_SSR";"type_random";461;"060023694";"SSR";"Provence-Alpes-Côte d'Azur";7;263;2;6;1,60194369167924e-05;FALSE;NA
2462;"random_SSR";"type_random";462;"130780083";"SSR";"Provence-Alpes-Côte d'Azur";3;37;2;0;0;TRUE;117
2463;"random_SSR";"type_random";463;"720000314";"SSR";"Pays de la Loire";1;1;1;0;0;TRUE;44
2464;"random_SSR";"type_random";464;"600101679";"SSR";"Hauts-de-France";2;15;2;0;0;TRUE;68
2465;"random_SSR";"type_random";465;"860791268";"SSR";"Nouvelle-Aquitaine";1;1;1;0;0;TRUE;90
2466;"random_SSR";"type_random";466;"170781199";"SSR";"Nouvelle-Aquitaine";1;1;1;0;0;TRUE;93
2467;"random_SSR";"type_random";467;"480780279";"SSR";"Occitanie";2;183;2;0;0;TRUE;247
2468;"random_SSR";"type_random";468;"060780459";"SSR";"Provence-Alpes-Côte d'Azur";1;1;1;0;0;TRUE;6
2469;"random_SSR";"type_random";469;"890000300";"SSR";"Bourgogne-Franche-Comté";1;1;1;0;0;TRUE;36
2470;"random_SSR";"type_random";470;"820000198";"SSR";"Occitanie";2;57;1;0;0;TRUE;83
2471;"random_SSR";"type_random";471;"340780253";"SSR";"Occitanie";1;1;1;0;0;TRUE;26
2472;"random_SSR";"type_random";472;"770027688";"SSR";"Île-de-France";1;1;1;0;0;TRUE;9
2473;"random_SSR";"type_random";473;"780000352";"SSR";"Île-de-France";1;1;1;0;0;TRUE;27
2474;"random_SSR";"type_random";474;"740780135";"SSR";"Auvergne-Rhône-Alpes";1;1;1;0;0;TRUE;35
2475;"random_SSR";"type_random";475;"060798881";"SSR";"Provence-Alpes-Côte d'Azur";1;1;1;0;0;TRUE;33
2476;"random_SSR";"type_random";476;"060789674";"SSR";"Provence-Alpes-Côte d'Azur";1;1;1;0;0;TRUE;2
2477;"random_SSR";"type_random";477;"330024928";"SSR";"Nouvelle-Aquitaine";1;1;1;0;0;TRUE;63
2478;"random_SSR";"type_random";478;"690030333";"SSR";"Auvergne-Rhône-Alpes";1;1;1;0;0;TRUE;97
2479;"random_SSR";"type_random";479;"510000201";"SSR";"Grand-Est";1;1;1;0;0;TRUE;37
2480;"random_SSR";"type_random";480;"060780558";"SSR";"Provence-Alpes-Côte d'Azur";1;1;1;0;0;TRUE;60
2481;"random_SSR";"type_random";481;"680000221";"SSR";"Grand-Est";1;1;1;0;0;TRUE;27
2482;"random_SSR";"type_random";482;"480780279";"SSR";"Occitanie";1;1;1;0;0;TRUE;70
2483;"random_SSR";"type_random";483;"500021423";"SSR";"Normandie";1;1;1;0;0;TRUE;150
2484;"random_SSR";"type_random";484;"680000130";"SSR";"Grand-Est";1;1;1;0;0;TRUE;6
2485;"random_SSR";"type_random";485;"340780816";"SSR";"Occitanie";4;109;2;0;0;TRUE;226
2486;"random_SSR";"type_random";486;"350040499";"SSR";"Bretagne";1;1;1;0;0;TRUE;28
2487;"random_SSR";"type_random";487;"260021795";"SSR";"Auvergne-Rhône-Alpes";1;1;1;0;0;TRUE;2
2488;"random_SSR";"type_random";488;"670000041";"SSR";"Grand-Est";1;1;1;0;0;TRUE;78
2489;"random_SSR";"type_random";489;"590783189";"SSR";"Hauts-de-France";1;1;1;0;0;TRUE;30
2490;"random_SSR";"type_random";490;"310786702";"SSR";"Occitanie";1;1;1;0;0;TRUE;32
2491;"random_SSR";"type_random";491;"590040267";"SSR";"Hauts-de-France";1;1;1;0;0;TRUE;156
2492;"random_SSR";"type_random";492;"640789426";"SSR";"Nouvelle-Aquitaine";1;1;1;0;0;TRUE;23
2493;"random_SSR";"type_random";493;"140025123";"SSR";"Normandie";1;1;1;0;0;TRUE;18
2494;"random_SSR";"type_random";494;"930021431";"SSR";"Île-de-France";1;1;1;0;0;TRUE;2
2495;"random_SSR";"type_random";495;"330781154";"SSR";"Nouvelle-Aquitaine";2;46;1;0;0;TRUE;240
2496;"random_SSR";"type_random";496;"420014110";"SSR";"Auvergne-Rhône-Alpes";1;1;1;0;0;TRUE;57
2497;"random_SSR";"type_random";497;"600111124";"SSR";"Hauts-de-France";2;45;2;0;0;TRUE;68
2498;"random_SSR";"type_random";498;"620000232";"SSR";"Hauts-de-France";3;28;2;0;0;TRUE;89
2499;"random_SSR";"type_random";499;"2A0022554";"SSR";"Corse";1;1;1;0;0;TRUE;2
2500;"random_SSR";"type_random";500;"760017079";"SSR";"Normandie";3;39;2;0;0;TRUE;146
