SECTION,finess_geo,in_coords,has_lat_lon,has_region,latitude,longitude,city,department,region,in_facility_meta,has_facility_type,facility_type,in_daily,admissions_nonzero,admit_yr,n_active_days,n_days_total,pct_active_days,fully_covered,source,n_matched,pct_matched,n_total,n_missing,attribute,n_present,pct_present
PER_NODE_DETAIL,NA,NA,NA,NA,NA,NA,NA,NA,NA,NA,NA,NA,NA,NA,NA,NA,NA,NA,NA,NA,NA,NA,NA,NA,NA,NA,NA
NA,760000463,1,1,1,49.2921,1.0071,Elbeuf,Seine-Maritime,Normandie,1,1,General public hospital (CH),1,1,49849,366,366,1,1,NA,NA,NA,NA,NA,NA,NA,NA
NA,750100166,1,1,1,48.8372,2.3387,Paris 14e Arrondissement,Paris,Île-de-France,1,1,Regional/University hospital (CHR/U),1,1,112982,366,366,1,1,NA,NA,NA,NA,NA,NA,NA,NA
NA,810000224,1,1,1,43.9308,2.1642,Albi,Tarn,Occitanie,1,1,Private,1,1,30962,366,366,1,1,NA,NA,NA,NA,NA,NA,NA,NA
NA,940000664,1,1,1,48.796,2.3497,Villejuif,Val-de-Marne,Île-de-France,1,1,Cancer centre (CLCC),1,1,125110,366,366,1,1,NA,NA,NA,NA,NA,NA,NA,NA
NA,920000684,1,1,1,48.7833,2.2745,Le Plessis-Robinson,Hauts-de-Seine,Île-de-France,1,1,Non-profit facility (PSPH/EBNL),1,1,17300,366,366,1,1,NA,NA,NA,NA,NA,NA,NA,NA
NA,450000070,1,1,1,48.1707,2.2479,Pithiviers,Loiret,Centre-Val de Loire,1,1,General public hospital (CH),1,1,2857,366,366,1,1,NA,NA,NA,NA,NA,NA,NA,NA
NA,760805770,1,1,1,49.5286,0.1822,Montivilliers,Seine-Maritime,Normandie,1,1,General public hospital (CH),1,1,79454,366,366,1,1,NA,NA,NA,NA,NA,NA,NA,NA
NA,830101408,1,1,1,43.2024,5.8117,Le Beausset,Var,Provence-Alpes-Côte d’Azur,1,1,Private,1,1,818,280,280,1,1,NA,NA,NA,NA,NA,NA,NA,NA
NA,330781360,1,1,1,44.8304,-0.6031,Bordeaux,Gironde,Nouvelle-Aquitaine,1,1,Regional/University hospital (CHR/U),1,1,146435,366,366,1,1,NA,NA,NA,NA,NA,NA,NA,NA
NA,560000143,1,1,1,48.0943,-2.9131,Noyal-Pontivy,Morbihan,Bretagne,1,1,General public hospital (CH),1,1,21482,366,366,1,1,NA,NA,NA,NA,NA,NA,NA,NA
NA,560008799,1,1,1,47.6797,-2.7742,Vannes,Morbihan,Bretagne,1,1,Private,1,1,53691,366,366,1,1,NA,NA,NA,NA,NA,NA,NA,NA
NA,460006349,1,1,1,44.4961,1.387,Mercuès,Lot,Occitanie,1,1,Private,1,1,363,185,185,1,1,NA,NA,NA,NA,NA,NA,NA,NA
NA,650000417,1,1,1,43.2289,0.056,Tarbes,Hautes-Pyrénées,Occitanie,1,1,General public hospital (CH),1,1,47644,366,366,1,1,NA,NA,NA,NA,NA,NA,NA,NA
NA,750100042,1,1,1,48.8822,2.3528,Paris 10e Arrondissement,Paris,Île-de-France,1,1,Regional/University hospital (CHR/U),1,1,47724,366,366,1,1,NA,NA,NA,NA,NA,NA,NA,NA
NA,530000173,1,1,1,48.3045,-0.6098,Mayenne,Mayenne,Pays de la Loire,1,1,General public hospital (CH),1,1,9982,366,366,1,1,NA,NA,NA,NA,NA,NA,NA,NA
NA,500000260,1,1,1,48.8284,-1.568,Granville,Manche,Normandie,1,1,General public hospital (CH),1,1,9406,366,366,1,1,NA,NA,NA,NA,NA,NA,NA,NA
NA,910020254,1,1,1,48.619,2.4543,Évry,Essonne,Île-de-France,1,1,General public hospital (CH),1,1,83948,366,366,1,1,NA,NA,NA,NA,NA,NA,NA,NA
NA,540001096,1,1,1,49.538,5.7795,Mont-Saint-Martin,Meurthe-et-Moselle,Grand-Est,1,1,Non-profit facility (PSPH/EBNL),1,1,25770,366,366,1,1,NA,NA,NA,NA,NA,NA,NA,NA
NA,590796975,1,1,1,50.609,3.0308,Lille,Nord,Hauts-de-France,1,1,Regional/University hospital (CHR/U),1,1,71136,366,366,1,1,NA,NA,NA,NA,NA,NA,NA,NA
NA,750301145,1,1,1,48.8572,2.3859,Paris 11e Arrondissement,Paris,Île-de-France,1,1,Private,1,1,22282,361,361,1,1,NA,NA,NA,NA,NA,NA,NA,NA
NA,310783055,1,1,1,43.5586,1.4538,Toulouse,Haute-Garonne,Occitanie,1,1,Regional/University hospital (CHR/U),1,1,89651,366,366,1,1,NA,NA,NA,NA,NA,NA,NA,NA
NA,740000328,1,1,1,46.3607,6.478,Thonon-les-Bains,Haute-Savoie,Auvergne-Rhône-Alpes,1,1,General public hospital (CH),1,1,36819,366,366,1,1,NA,NA,NA,NA,NA,NA,NA,NA
NA,780300422,1,1,1,48.7783,1.99,Trappes,Yvelines,Île-de-France,1,1,Private,1,1,49324,366,366,1,1,NA,NA,NA,NA,NA,NA,NA,NA
NA,920100039,1,1,1,48.9085,2.3078,Clichy,Seine-Saint-Denis,Île-de-France,1,1,Regional/University hospital (CHR/U),1,1,36590,366,366,1,1,NA,NA,NA,NA,NA,NA,NA,NA
NA,850009630,1,1,1,46.4665,-0.8293,Fontenay-le-Comte,Vendée,Pays de la Loire,1,1,General public hospital (CH),1,1,10413,366,366,1,1,NA,NA,NA,NA,NA,NA,NA,NA
NA,760000364,1,1,1,49.7458,0.3867,Fécamp,Seine-Maritime,Normandie,1,1,General public hospital (CH),1,1,8252,366,366,1,1,NA,NA,NA,NA,NA,NA,NA,NA
NA,2A0000154,1,1,1,41.5982,9.2765,Porto-Vecchio,Corse-du-Sud,Corse,1,1,Private,1,1,16205,366,366,1,1,NA,NA,NA,NA,NA,NA,NA,NA
NA,760000372,1,1,1,49.5191,0.5443,Lillebonne,Seine-Maritime,Normandie,1,1,General public hospital (CH),1,1,8283,366,366,1,1,NA,NA,NA,NA,NA,NA,NA,NA
NA,420785354,1,1,1,45.4751,4.3692,Saint-Priest-en-Jarez,Loire,Auvergne-Rhône-Alpes,1,1,Regional/University hospital (CHR/U),1,1,119118,366,366,1,1,NA,NA,NA,NA,NA,NA,NA,NA
NA,950000323,1,1,1,48.9999,2.2695,Eaubonne,Val-d’Oise,Île-de-France,1,1,General public hospital (CH),1,1,52016,366,366,1,1,NA,NA,NA,NA,NA,NA,NA,NA
NA,400000105,1,1,1,43.7132,-1.0467,Dax,Landes,Nouvelle-Aquitaine,1,1,General public hospital (CH),1,1,47198,366,366,1,1,NA,NA,NA,NA,NA,NA,NA,NA
NA,730000031,1,1,1,45.564,5.9147,Chambéry,Savoie,Auvergne-Rhône-Alpes,1,1,General public hospital (CH),1,1,108980,366,366,1,1,NA,NA,NA,NA,NA,NA,NA,NA
NA,330780503,1,1,1,44.7901,-0.6314,Pessac,Gironde,Nouvelle-Aquitaine,1,1,Private,1,1,29111,366,366,1,1,NA,NA,NA,NA,NA,NA,NA,NA
NA,770019032,1,1,1,48.8493,2.7717,Jossigny,Seine-et-Marne,Île-de-France,1,1,General public hospital (CH),1,1,52143,366,366,1,1,NA,NA,NA,NA,NA,NA,NA,NA
NA,770020477,1,1,1,48.7212,2.6139,Férolles-Attilly,Seine-et-Marne,Île-de-France,1,1,Non-profit facility (PSPH/EBNL),1,1,28025,282,282,1,1,NA,NA,NA,NA,NA,NA,NA,NA
NA,050000090,1,1,1,44.5687,6.0705,Gap,Hautes-Alpes,Provence-Alpes-Côte d’Azur,1,1,Private,1,1,15793,287,287,1,1,NA,NA,NA,NA,NA,NA,NA,NA
NA,140000373,1,1,1,48.8373,-0.8855,Vire Normandie,Calvados,Normandie,1,1,General public hospital (CH),1,1,7293,366,366,1,1,NA,NA,NA,NA,NA,NA,NA,NA
NA,810101444,1,1,1,43.5971,2.2698,Castres,Tarn,Occitanie,1,1,Private,1,1,14904,364,364,1,1,NA,NA,NA,NA,NA,NA,NA,NA
NA,700000029,1,1,1,47.6354,6.1393,Vesoul,Haute-Saône,Bourgogne-Franche-Comté,1,1,General public hospital (CH),1,1,38176,366,366,1,1,NA,NA,NA,NA,NA,NA,NA,NA
NA,750100125,1,1,1,48.8402,2.3632,Paris 13e Arrondissement,Paris,Île-de-France,1,1,Regional/University hospital (CHR/U),1,1,167182,366,366,1,1,NA,NA,NA,NA,NA,NA,NA,NA
NA,940300502,1,1,1,48.7268,2.4474,Villeneuve-Saint-Georges,Val-de-Marne,Île-de-France,1,1,Private,1,1,384,174,174,1,1,NA,NA,NA,NA,NA,NA,NA,NA
NA,510024979,1,1,1,49.2167,4.0011,Bezannes,Marne,Grand-Est,1,1,Private,1,1,62690,366,366,1,1,NA,NA,NA,NA,NA,NA,NA,NA
NA,710978156,1,1,1,46.6242,5.2301,Louhans,Saône-et-Loire,Bourgogne-Franche-Comté,1,1,General public hospital (CH),1,1,514,213,213,1,1,NA,NA,NA,NA,NA,NA,NA,NA
NA,910000298,1,1,1,48.6923,2.2906,Longjumeau,Essonne,Île-de-France,1,1,General public hospital (CH),1,1,14652,366,366,1,1,NA,NA,NA,NA,NA,NA,NA,NA
NA,230000820,1,1,1,46.165,1.8711,Guéret,Creuse,Nouvelle-Aquitaine,1,1,General public hospital (CH),1,1,17677,366,366,1,1,NA,NA,NA,NA,NA,NA,NA,NA
NA,060000544,1,1,1,43.5628,7.0053,Cannes,Alpes-Maritimes,Provence-Alpes-Côte d’Azur,1,1,General public hospital (CH),1,1,34490,366,366,1,1,NA,NA,NA,NA,NA,NA,NA,NA
NA,520000068,1,1,1,48.6569,4.967,Bettancourt-la-Ferrée,Haute-Marne,Grand-Est,1,1,General public hospital (CH),1,1,17776,366,366,1,1,NA,NA,NA,NA,NA,NA,NA,NA
NA,350007084,1,1,1,48.0845,-1.654,Rennes,Ille-et-Vilaine,Bretagne,1,1,Regional/University hospital (CHR/U),1,1,43337,366,366,1,1,NA,NA,NA,NA,NA,NA,NA,NA
NA,920000643,1,1,1,48.8922,2.2787,Levallois-Perret,Hauts-de-Seine,Île-de-France,1,1,Non-profit facility (PSPH/EBNL),1,1,27702,366,366,1,1,NA,NA,NA,NA,NA,NA,NA,NA
NA,690784186,1,1,1,45.7483,4.9033,Bron,Rhône,Auvergne-Rhône-Alpes,1,1,Regional/University hospital (CHR/U),1,1,35081,366,366,1,1,NA,NA,NA,NA,NA,NA,NA,NA
NA,640000600,1,1,1,43.3269,-0.3492,Pau,Pyrénées-Atlantiques,Nouvelle-Aquitaine,1,1,General public hospital (CH),1,1,63947,366,366,1,1,NA,NA,NA,NA,NA,NA,NA,NA
NA,270000391,1,1,1,49.2106,1.174,Louviers,Eure,Normandie,1,1,General public hospital (CH),1,1,2359,357,357,1,1,NA,NA,NA,NA,NA,NA,NA,NA
NA,900003039,1,1,1,47.5765,6.8726,Trévenans,Territoire de Belfort,Bourgogne-Franche-Comté,1,1,General public hospital (CH),1,1,79689,366,366,1,1,NA,NA,NA,NA,NA,NA,NA,NA
NA,730000080,1,1,1,45.2787,6.3419,Saint-Jean-de-Maurienne,Savoie,Auvergne-Rhône-Alpes,1,1,General public hospital (CH),1,1,8086,366,366,1,1,NA,NA,NA,NA,NA,NA,NA,NA
NA,760780510,1,1,1,49.4643,1.112,Bois-Guillaume,Seine-Maritime,Normandie,1,1,Private,1,1,23380,365,365,1,1,NA,NA,NA,NA,NA,NA,NA,NA
NA,750100232,1,1,1,48.8991,2.3308,Paris 18e Arrondissement,Seine-Saint-Denis,Île-de-France,1,1,Regional/University hospital (CHR/U),1,1,78215,366,366,1,1,NA,NA,NA,NA,NA,NA,NA,NA
NA,340000033,1,1,1,43.3397,3.2543,Béziers,Hérault,Occitanie,1,1,General public hospital (CH),1,1,44240,366,366,1,1,NA,NA,NA,NA,NA,NA,NA,NA
NA,850000399,1,1,1,47.0617,-1.2322,Cugand,Loire-Atlantique,Pays de la Loire,1,1,Non-profit facility (PSPH/EBNL),1,1,732,244,244,1,1,NA,NA,NA,NA,NA,NA,NA,NA
NA,280504267,1,1,1,48.4245,1.5096,Le Coudray,Eure-et-Loir,Centre-Val de Loire,1,1,General public hospital (CH),1,1,52303,366,366,1,1,NA,NA,NA,NA,NA,NA,NA,NA
NA,370000499,1,1,1,47.3893,0.6807,Tours,Indre-et-Loire,Centre-Val de Loire,1,1,Regional/University hospital (CHR/U),1,1,15375,366,366,1,1,NA,NA,NA,NA,NA,NA,NA,NA
NA,490009248,1,1,1,47.4573,-0.5126,Trélazé,Maine-et-Loire,Pays de la Loire,1,1,Non-profit facility (PSPH/EBNL),1,1,660,241,241,1,1,NA,NA,NA,NA,NA,NA,NA,NA
NA,800006124,1,1,1,49.8802,2.2695,Amiens,Somme,Hauts-de-France,1,1,Regional/University hospital (CHR/U),1,1,154288,366,366,1,1,NA,NA,NA,NA,NA,NA,NA,NA
NA,580972693,1,1,1,46.9778,3.1234,Nevers,Nièvre,Bourgogne-Franche-Comté,1,1,General public hospital (CH),1,1,41842,366,366,1,1,NA,NA,NA,NA,NA,NA,NA,NA
NA,550000434,1,1,1,48.7849,5.165,Bar-le-Duc,Meuse,Grand-Est,1,1,General public hospital (CH),1,1,15435,366,366,1,1,NA,NA,NA,NA,NA,NA,NA,NA
NA,890975550,1,1,1,48.1922,3.2992,Sens,Yonne,Bourgogne-Franche-Comté,1,1,General public hospital (CH),1,1,32803,366,366,1,1,NA,NA,NA,NA,NA,NA,NA,NA
NA,930000302,1,1,1,48.8784,2.4533,Montreuil,Seine-Saint-Denis,Île-de-France,1,1,General public hospital (CH),1,1,42999,366,366,1,1,NA,NA,NA,NA,NA,NA,NA,NA
NA,750300360,1,1,1,48.8236,2.3529,Paris 13e Arrondissement,Val-de-Marne,Île-de-France,1,1,Private,1,1,37394,366,366,1,1,NA,NA,NA,NA,NA,NA,NA,NA
NA,060021417,1,1,1,43.5647,7.0278,Cannes,Alpes-Maritimes,Provence-Alpes-Côte d’Azur,1,1,Private,1,1,20843,366,366,1,1,NA,NA,NA,NA,NA,NA,NA,NA
NA,640780649,1,1,1,43.3575,-1.4,Cambo-les-Bains,Pyrénées-Atlantiques,Nouvelle-Aquitaine,1,1,Private,1,1,861,245,245,1,1,NA,NA,NA,NA,NA,NA,NA,NA
NA,640000162,1,1,1,43.4823,-1.4822,Bayonne,Pyrénées-Atlantiques,Nouvelle-Aquitaine,1,1,General public hospital (CH),1,1,88079,366,366,1,1,NA,NA,NA,NA,NA,NA,NA,NA
NA,560000135,1,1,1,47.7541,-3.3544,Lorient,Morbihan,Bretagne,1,1,General public hospital (CH),1,1,104991,366,366,1,1,NA,NA,NA,NA,NA,NA,NA,NA
NA,320000086,1,1,1,43.6305,0.5795,Auch,Gers,Occitanie,1,1,General public hospital (CH),1,1,34314,366,366,1,1,NA,NA,NA,NA,NA,NA,NA,NA
NA,690784152,1,1,1,45.7818,4.8327,Lyon,Rhône,Auvergne-Rhône-Alpes,1,1,Regional/University hospital (CHR/U),1,1,77289,366,366,1,1,NA,NA,NA,NA,NA,NA,NA,NA
NA,690783154,1,1,1,45.7434,4.88,Lyon,Rhône,Auvergne-Rhône-Alpes,1,1,Regional/University hospital (CHR/U),1,1,86942,366,366,1,1,NA,NA,NA,NA,NA,NA,NA,NA
NA,760000158,1,1,1,49.441,1.1073,Rouen,Seine-Maritime,Normandie,1,1,Regional/University hospital (CHR/U),1,1,146343,366,366,1,1,NA,NA,NA,NA,NA,NA,NA,NA
NA,310026927,1,1,1,43.583,1.5125,Quint-Fonsegrives,Haute-Garonne,Occitanie,1,1,Private,1,1,61410,366,366,1,1,NA,NA,NA,NA,NA,NA,NA,NA
NA,630000446,1,1,1,45.8543,3.5163,Thiers,Puy-de-Dôme,Auvergne-Rhône-Alpes,1,1,General public hospital (CH),1,1,8612,366,366,1,1,NA,NA,NA,NA,NA,NA,NA,NA
NA,710978289,1,1,1,46.316,4.8148,Mâcon,Saône-et-Loire,Bourgogne-Franche-Comté,1,1,General public hospital (CH),1,1,52374,366,366,1,1,NA,NA,NA,NA,NA,NA,NA,NA
NA,670783273,1,1,1,48.5927,7.7072,Strasbourg,Bas-Rhin,Grand-Est,1,1,Regional/University hospital (CHR/U),1,1,86235,366,366,1,1,NA,NA,NA,NA,NA,NA,NA,NA
NA,380012658,1,1,1,45.181,5.7101,Grenoble,Isère,Auvergne-Rhône-Alpes,1,1,Non-profit facility (PSPH/EBNL),1,1,69125,366,366,1,1,NA,NA,NA,NA,NA,NA,NA,NA
NA,540001138,1,1,1,48.6836,6.1899,Nancy,Meurthe-et-Moselle,Grand-Est,1,1,Regional/University hospital (CHR/U),1,1,39177,366,366,1,1,NA,NA,NA,NA,NA,NA,NA,NA
NA,370000861,1,1,1,47.3878,0.6671,Tours,Indre-et-Loire,Centre-Val de Loire,1,1,Regional/University hospital (CHR/U),1,1,107234,366,366,1,1,NA,NA,NA,NA,NA,NA,NA,NA
NA,440017598,1,1,1,47.2457,-1.6353,Saint-Herblain,Loire-Atlantique,Pays de la Loire,1,1,Regional/University hospital (CHR/U),1,1,38847,366,366,1,1,NA,NA,NA,NA,NA,NA,NA,NA
NA,100000199,1,1,1,48.5193,3.7266,Romilly-sur-Seine,Aube,Grand-Est,1,1,General public hospital (CH),1,1,5123,366,366,1,1,NA,NA,NA,NA,NA,NA,NA,NA
NA,350002812,1,1,1,48.1214,-1.7025,Rennes,Ille-et-Vilaine,Bretagne,1,1,Cancer centre (CLCC),1,1,60822,329,329,1,1,NA,NA,NA,NA,NA,NA,NA,NA
NA,440000016,1,1,1,47.2669,-2.2559,Saint-Nazaire,Loire-Atlantique,Pays de la Loire,1,1,General public hospital (CH),1,1,68925,366,366,1,1,NA,NA,NA,NA,NA,NA,NA,NA
NA,310783048,1,1,1,43.6046,1.4442,Toulouse,Haute-Garonne,Occitanie,1,1,Regional/University hospital (CHR/U),1,1,86813,366,366,1,1,NA,NA,NA,NA,NA,NA,NA,NA
NA,130781255,1,1,1,43.5313,5.4572,Aix-en-Provence,Bouches-du-Rhône,Provence-Alpes-Côte d’Azur,1,1,Non-profit facility (PSPH/EBNL),1,1,1402,260,260,1,1,NA,NA,NA,NA,NA,NA,NA,NA
NA,170000152,1,1,1,45.9668,-0.9628,Rochefort,Charente-Maritime,Nouvelle-Aquitaine,1,1,General public hospital (CH),1,1,26614,366,366,1,1,NA,NA,NA,NA,NA,NA,NA,NA
NA,540000585,1,1,1,48.5639,6.1971,Flavigny-sur-Moselle,Meurthe-et-Moselle,Grand-Est,1,1,Non-profit facility (PSPH/EBNL),1,1,309,175,175,1,1,NA,NA,NA,NA,NA,NA,NA,NA
NA,540000478,1,1,1,48.7015,6.218,Essey-lès-Nancy,Meurthe-et-Moselle,Grand-Est,1,1,Private,1,1,52022,366,366,1,1,NA,NA,NA,NA,NA,NA,NA,NA
NA,950807982,1,1,1,48.9813,2.2644,Ermont,Val-d’Oise,Île-de-France,1,1,Private,1,1,61681,366,366,1,1,NA,NA,NA,NA,NA,NA,NA,NA
NA,420000556,0,0,1,NA,NA,NA,42,Auvergne-Rhône-Alpes,1,1,General public hospital (CH),1,1,68,44,44,1,0,NA,NA,NA,NA,NA,NA,NA,NA
NA,710978263,1,1,1,46.7761,4.8414,Chalon-sur-Saône,Saône-et-Loire,Bourgogne-Franche-Comté,1,1,General public hospital (CH),1,1,51434,366,366,1,1,NA,NA,NA,NA,NA,NA,NA,NA
NA,450010079,1,1,1,47.9406,1.88,Saran,Loiret,Centre-Val de Loire,1,1,Private,1,1,45589,366,366,1,1,NA,NA,NA,NA,NA,NA,NA,NA
NA,170000038,1,1,1,45.4381,-0.4334,Jonzac,Charente-Maritime,Nouvelle-Aquitaine,1,1,General public hospital (CH),1,1,8440,366,366,1,1,NA,NA,NA,NA,NA,NA,NA,NA
NA,290000058,1,1,1,48.3927,-4.4878,Brest,Finistère,Bretagne,1,1,Regional/University hospital (CHR/U),1,1,28992,366,366,1,1,NA,NA,NA,NA,NA,NA,NA,NA
NA,500000591,1,1,1,49.039,-1.4445,Coutances,Manche,Normandie,1,1,General public hospital (CH),1,1,3592,366,366,1,1,NA,NA,NA,NA,NA,NA,NA,NA
NA,770000446,1,1,1,48.9678,2.8846,Meaux,Seine-et-Marne,Île-de-France,1,1,General public hospital (CH),1,1,52130,366,366,1,1,NA,NA,NA,NA,NA,NA,NA,NA
NA,600000194,1,1,1,49.4507,2.0718,Beauvais,Oise,Hauts-de-France,1,1,General public hospital (CH),1,1,62016,366,366,1,1,NA,NA,NA,NA,NA,NA,NA,NA
NA,830100574,1,1,1,43.1324,5.9324,Toulon,Var,Provence-Alpes-Côte d’Azur,1,1,General public hospital (CH),1,1,35889,366,366,1,1,NA,NA,NA,NA,NA,NA,NA,NA
NA,210987558,1,1,1,47.3218,5.0654,Dijon,Côte-d’Or,Bourgogne-Franche-Comté,1,1,Regional/University hospital (CHR/U),1,1,147925,366,366,1,1,NA,NA,NA,NA,NA,NA,NA,NA
NA,130784051,1,1,1,43.248,5.4239,Marseille,Bouches-du-Rhône,Provence-Alpes-Côte d’Azur,1,1,Private,1,1,37545,366,366,1,1,NA,NA,NA,NA,NA,NA,NA,NA
NA,2A0004842,1,1,1,41.9194,8.7391,Ajaccio,Corse-du-Sud,Corse,1,1,General public hospital (CH),1,1,41368,366,366,1,1,NA,NA,NA,NA,NA,NA,NA,NA
NA,010000065,1,1,1,45.9411,4.772,Trévoux,Rhône,Auvergne-Rhône-Alpes,1,1,General public hospital (CH),1,1,2999,352,352,1,1,NA,NA,NA,NA,NA,NA,NA,NA
NA,670000025,1,1,1,48.5773,7.749,Strasbourg,Bas-Rhin,Grand-Est,1,1,Regional/University hospital (CHR/U),1,1,91027,366,366,1,1,NA,NA,NA,NA,NA,NA,NA,NA
NA,450000062,1,1,1,47.9985,2.7714,Amilly,Loiret,Centre-Val de Loire,1,1,General public hospital (CH),1,1,28635,366,366,1,1,NA,NA,NA,NA,NA,NA,NA,NA
NA,330000589,1,1,1,44.5439,-0.2435,Langon,Gironde,Nouvelle-Aquitaine,1,1,General public hospital (CH),1,1,15609,366,366,1,1,NA,NA,NA,NA,NA,NA,NA,NA
NA,330780511,1,1,1,44.5492,-0.2373,Langon,Gironde,Nouvelle-Aquitaine,1,1,Private,1,1,12929,307,307,1,1,NA,NA,NA,NA,NA,NA,NA,NA
NA,760921809,1,1,1,49.426,1.0864,Rouen,Seine-Maritime,Normandie,1,1,Private,1,1,38781,366,366,1,1,NA,NA,NA,NA,NA,NA,NA,NA
NA,270000326,1,1,1,49.029,1.1607,Évreux,Eure,Normandie,1,1,Private,1,1,19847,359,359,1,1,NA,NA,NA,NA,NA,NA,NA,NA
NA,930014428,1,1,1,48.9547,2.3678,Pierrefitte-sur-Seine,Seine-Saint-Denis,Île-de-France,1,1,Private,1,1,7525,291,291,1,1,NA,NA,NA,NA,NA,NA,NA,NA
NA,930300553,1,1,1,48.9547,2.3678,Pierrefitte-sur-Seine,Seine-Saint-Denis,Île-de-France,1,1,Private,1,1,17674,366,366,1,1,NA,NA,NA,NA,NA,NA,NA,NA
NA,920029550,1,1,1,48.889,2.2775,Neuilly-sur-Seine,Hauts-de-Seine,Île-de-France,1,1,Private,1,1,51806,366,366,1,1,NA,NA,NA,NA,NA,NA,NA,NA
NA,130002827,1,1,1,43.658,4.6281,Arles,Bouches-du-Rhône,Provence-Alpes-Côte d’Azur,1,1,General public hospital (CH),1,1,19346,366,366,1,1,NA,NA,NA,NA,NA,NA,NA,NA
NA,620027664,1,1,1,50.4119,1.5626,Berck,62,Hauts-de-France,1,1,Non-profit facility (PSPH/EBNL),1,1,4634,260,260,1,1,NA,NA,NA,NA,NA,NA,NA,NA
NA,770000214,1,1,1,48.262,2.7047,Nemours,Seine-et-Marne,Île-de-France,1,1,General public hospital (CH),1,1,5666,366,366,1,1,NA,NA,NA,NA,NA,NA,NA,NA
NA,920120011,1,1,1,48.8145,2.2576,Clamart,Hauts-de-Seine,Île-de-France,1,1,General public hospital (CH),1,1,18135,366,366,1,1,NA,NA,NA,NA,NA,NA,NA,NA
NA,940100043,1,1,1,48.8099,2.3579,Le Kremlin-Bicêtre,Val-de-Marne,Île-de-France,1,1,Regional/University hospital (CHR/U),1,1,80380,366,366,1,1,NA,NA,NA,NA,NA,NA,NA,NA
NA,080000110,1,1,1,49.7051,4.9405,Sedan,Ardennes,Grand-Est,1,1,General public hospital (CH),1,1,7531,366,366,1,1,NA,NA,NA,NA,NA,NA,NA,NA
NA,020001087,1,1,1,49.9246,4.0736,Hirson,Aisne,Hauts-de-France,1,1,General public hospital (CH),1,1,4430,366,366,1,1,NA,NA,NA,NA,NA,NA,NA,NA
NA,930000336,1,1,1,48.9584,2.4887,Aulnay-sous-Bois,Seine-Saint-Denis,Île-de-France,1,1,General public hospital (CH),1,1,41222,366,366,1,1,NA,NA,NA,NA,NA,NA,NA,NA
NA,510002447,1,1,1,49.2258,4.021,Reims,Marne,Grand-Est,1,1,Regional/University hospital (CHR/U),1,1,62406,366,366,1,1,NA,NA,NA,NA,NA,NA,NA,NA
NA,470000480,1,1,1,44.5014,0.166,Marmande,Lot-et-Garonne,Nouvelle-Aquitaine,1,1,General public hospital (CH),1,1,15231,366,366,1,1,NA,NA,NA,NA,NA,NA,NA,NA
NA,810000521,1,1,1,43.5666,2.2636,Castres,Tarn,Occitanie,1,1,General public hospital (CH),1,1,29728,366,366,1,1,NA,NA,NA,NA,NA,NA,NA,NA
NA,270000359,1,1,1,49.0315,1.1176,Évreux,Eure,Normandie,1,1,General public hospital (CH),1,1,52689,366,366,1,1,NA,NA,NA,NA,NA,NA,NA,NA
NA,280000084,1,1,1,48.736,1.3709,Dreux,Eure-et-Loir,Centre-Val de Loire,1,1,General public hospital (CH),1,1,28019,366,366,1,1,NA,NA,NA,NA,NA,NA,NA,NA
NA,040000911,1,1,1,44.0772,6.1872,Digne-les-Bains,Alpes-de-Haute-Provence,Provence-Alpes-Côte d’Azur,1,1,General public hospital (CH),1,1,13307,366,366,1,1,NA,NA,NA,NA,NA,NA,NA,NA
NA,920300043,1,1,1,48.7565,2.3024,Antony,Hauts-de-Seine,Île-de-France,1,1,Private,1,1,63515,366,366,1,1,NA,NA,NA,NA,NA,NA,NA,NA
NA,740781141,1,1,1,46.1475,6.32,Contamine-sur-Arve,Haute-Savoie,Auvergne-Rhône-Alpes,1,1,General public hospital (CH),1,1,39137,366,366,1,1,NA,NA,NA,NA,NA,NA,NA,NA
NA,750300139,1,1,1,48.8612,2.3057,Paris 7e Arrondissement,Paris,Île-de-France,1,1,Private,1,1,12321,294,294,1,1,NA,NA,NA,NA,NA,NA,NA,NA
NA,870000288,1,1,1,45.8135,1.2835,Limoges,Haute-Vienne,Nouvelle-Aquitaine,1,1,Private,1,1,59844,366,366,1,1,NA,NA,NA,NA,NA,NA,NA,NA
NA,780000311,1,1,1,48.9183,2.0236,Poissy,Yvelines,Île-de-France,1,1,General public hospital (CH),1,1,56074,366,366,1,1,NA,NA,NA,NA,NA,NA,NA,NA
NA,740000237,1,1,1,45.9342,6.1173,Epagny Metz-Tessy,Haute-Savoie,Auvergne-Rhône-Alpes,1,1,General public hospital (CH),1,1,103598,366,366,1,1,NA,NA,NA,NA,NA,NA,NA,NA
NA,660000084,1,1,1,42.7234,2.8896,Perpignan,Pyrénées-Orientales,Occitanie,1,1,General public hospital (CH),1,1,89995,366,366,1,1,NA,NA,NA,NA,NA,NA,NA,NA
NA,850000142,1,1,1,46.662,-1.4112,La Roche-sur-Yon,Vendée,Pays de la Loire,1,1,General public hospital (CH),1,1,142265,366,366,1,1,NA,NA,NA,NA,NA,NA,NA,NA
NA,830000279,1,1,1,43.4041,6.0655,Brignoles,Var,Provence-Alpes-Côte d’Azur,1,1,General public hospital (CH),1,1,14000,366,366,1,1,NA,NA,NA,NA,NA,NA,NA,NA
NA,450000047,1,1,1,47.6911,2.6339,Gien,Loiret,Centre-Val de Loire,1,1,General public hospital (CH),1,1,6970,366,366,1,1,NA,NA,NA,NA,NA,NA,NA,NA
NA,690000575,1,1,1,46.0056,4.6908,Gleizé,Rhône,Auvergne-Rhône-Alpes,1,1,General public hospital (CH),1,1,53574,366,366,1,1,NA,NA,NA,NA,NA,NA,NA,NA
NA,940100019,1,1,1,48.789,2.4614,Créteil,Val-de-Marne,Île-de-France,1,1,Regional/University hospital (CHR/U),1,1,3075,260,260,1,1,NA,NA,NA,NA,NA,NA,NA,NA
NA,440041580,1,1,1,47.1954,-1.548,Rezé,Loire-Atlantique,Pays de la Loire,1,1,Private,1,1,85153,366,366,1,1,NA,NA,NA,NA,NA,NA,NA,NA
NA,490000049,1,1,1,47.4807,-0.5547,Angers,Maine-et-Loire,Pays de la Loire,1,1,Regional/University hospital (CHR/U),1,1,123372,366,366,1,1,NA,NA,NA,NA,NA,NA,NA,NA
NA,870000098,1,1,1,45.8884,0.8972,Saint-Junien,Haute-Vienne,Nouvelle-Aquitaine,1,1,General public hospital (CH),1,1,9501,366,366,1,1,NA,NA,NA,NA,NA,NA,NA,NA
NA,940000599,1,1,1,48.7232,2.4503,Villeneuve-Saint-Georges,Val-de-Marne,Île-de-France,1,1,General public hospital (CH),1,1,32441,366,366,1,1,NA,NA,NA,NA,NA,NA,NA,NA
NA,060785003,1,1,1,43.7249,7.2828,Nice,Alpes-Maritimes,Provence-Alpes-Côte d’Azur,1,1,Regional/University hospital (CHR/U),1,1,81460,366,366,1,1,NA,NA,NA,NA,NA,NA,NA,NA
NA,380000067,1,1,1,45.1972,5.7515,La Tronche,Isère,Auvergne-Rhône-Alpes,1,1,Regional/University hospital (CHR/U),1,1,156978,366,366,1,1,NA,NA,NA,NA,NA,NA,NA,NA
NA,290004324,1,1,1,48.3963,-4.5342,Brest,Finistère,Bretagne,1,1,Regional/University hospital (CHR/U),1,1,111782,366,366,1,1,NA,NA,NA,NA,NA,NA,NA,NA
NA,130783293,1,1,1,43.2922,5.4021,Marseille,Bouches-du-Rhône,Provence-Alpes-Côte d’Azur,1,1,Regional/University hospital (CHR/U),1,1,110044,366,366,1,1,NA,NA,NA,NA,NA,NA,NA,NA
NA,040780488,1,1,1,44.4012,6.1683,Turriers,Alpes-de-Haute-Provence,Provence-Alpes-Côte d’Azur,1,1,Private,1,1,1184,246,246,1,1,NA,NA,NA,NA,NA,NA,NA,NA
NA,420011413,1,1,1,45.4279,4.4178,Saint-Étienne,Loire,Auvergne-Rhône-Alpes,1,1,Private,1,1,55078,366,366,1,1,NA,NA,NA,NA,NA,NA,NA,NA
NA,390000222,1,1,1,47.0869,5.479,Dole,Jura,Bourgogne-Franche-Comté,1,1,General public hospital (CH),1,1,25083,366,366,1,1,NA,NA,NA,NA,NA,NA,NA,NA
NA,630000404,1,1,1,45.7569,3.0944,Beaumont,Puy-de-Dôme,Auvergne-Rhône-Alpes,1,1,Regional/University hospital (CHR/U),1,1,86964,366,366,1,1,NA,NA,NA,NA,NA,NA,NA,NA
NA,630000479,1,1,1,45.7569,3.0944,Beaumont,Puy-de-Dôme,Auvergne-Rhône-Alpes,1,1,Cancer centre (CLCC),1,1,65966,366,366,1,1,NA,NA,NA,NA,NA,NA,NA,NA
NA,530031962,1,1,1,48.0581,-0.7869,Laval,Mayenne,Pays de la Loire,1,1,Private,1,1,20417,346,346,1,1,NA,NA,NA,NA,NA,NA,NA,NA
NA,530000264,1,1,1,48.0656,-0.7824,Laval,Mayenne,Pays de la Loire,1,1,General public hospital (CH),1,1,31732,366,366,1,1,NA,NA,NA,NA,NA,NA,NA,NA
NA,300782117,1,1,1,43.8226,4.3189,Nîmes,Gard,Occitanie,1,1,Regional/University hospital (CHR/U),1,1,187936,366,366,1,1,NA,NA,NA,NA,NA,NA,NA,NA
NA,380000406,1,1,1,45.3737,5.576,Voiron,Isère,Auvergne-Rhône-Alpes,1,1,General public hospital (CH),1,1,21278,366,366,1,1,NA,NA,NA,NA,NA,NA,NA,NA
NA,130000565,1,1,1,43.2916,5.5635,Aubagne,Bouches-du-Rhône,Provence-Alpes-Côte d’Azur,1,1,General public hospital (CH),1,1,16816,366,366,1,1,NA,NA,NA,NA,NA,NA,NA,NA
NA,590000758,1,1,1,50.6836,2.8688,Armentières,Nord,Hauts-de-France,1,1,General public hospital (CH),1,1,25325,366,366,1,1,NA,NA,NA,NA,NA,NA,NA,NA
NA,830000311,1,1,1,43.4396,6.7492,Fréjus,Var,Provence-Alpes-Côte d’Azur,1,1,General public hospital (CH),1,1,32858,366,366,1,1,NA,NA,NA,NA,NA,NA,NA,NA
NA,570000216,1,1,1,49.1115,6.7237,Saint-Avold,Moselle,Grand-Est,1,1,Non-profit facility (PSPH/EBNL),1,1,37943,366,366,1,1,NA,NA,NA,NA,NA,NA,NA,NA
NA,220000095,1,1,1,48.4445,-2.0473,Dinan,Côtes-d’Armor,Bretagne,1,1,General public hospital (CH),1,1,20123,366,366,1,1,NA,NA,NA,NA,NA,NA,NA,NA
NA,050000256,1,1,1,44.5613,6.4927,Embrun,Hautes-Alpes,Provence-Alpes-Côte d’Azur,1,1,General public hospital (CH),1,1,1812,361,361,1,1,NA,NA,NA,NA,NA,NA,NA,NA
NA,510004302,1,1,1,49.2314,4.0189,Reims,Marne,Grand-Est,1,1,Regional/University hospital (CHR/U),1,1,48498,366,366,1,1,NA,NA,NA,NA,NA,NA,NA,NA
NA,810000505,1,1,1,43.926,2.143,Albi,Tarn,Occitanie,1,1,General public hospital (CH),1,1,29794,366,366,1,1,NA,NA,NA,NA,NA,NA,NA,NA
NA,630781268,1,1,1,45.7815,3.1165,Clermont-Ferrand,Puy-de-Dôme,Auvergne-Rhône-Alpes,1,1,Regional/University hospital (CHR/U),1,1,59160,366,366,1,1,NA,NA,NA,NA,NA,NA,NA,NA
NA,730783552,1,1,1,45.5644,5.9104,Chambéry,Savoie,Auvergne-Rhône-Alpes,1,1,General public hospital (CH),1,1,608,228,228,1,1,NA,NA,NA,NA,NA,NA,NA,NA
NA,420000234,1,1,1,45.3878,4.2901,Firminy,Loire,Auvergne-Rhône-Alpes,1,1,General public hospital (CH),1,1,23138,366,366,1,1,NA,NA,NA,NA,NA,NA,NA,NA
NA,680000700,1,1,1,47.9086,7.2153,Guebwiller,Haut-Rhin,Grand-Est,1,1,General public hospital (CH),1,1,5120,363,363,1,1,NA,NA,NA,NA,NA,NA,NA,NA
NA,340785161,1,1,1,43.6334,3.85,Montpellier,Hérault,Occitanie,1,1,Regional/University hospital (CHR/U),1,1,50552,366,366,1,1,NA,NA,NA,NA,NA,NA,NA,NA
NA,880000021,1,1,1,48.18,6.4555,Épinal,Vosges,Grand-Est,1,1,General public hospital (CH),1,1,36308,366,366,1,1,NA,NA,NA,NA,NA,NA,NA,NA
NA,750300766,1,1,1,48.8676,2.2969,Paris 16e Arrondissement,Paris,Île-de-France,1,1,Private,1,1,20224,353,353,1,1,NA,NA,NA,NA,NA,NA,NA,NA
NA,650784218,1,1,1,43.119,0.4121,Lannemezan,Hautes-Pyrénées,Occitanie,1,1,General public hospital (CH),1,1,6742,366,366,1,1,NA,NA,NA,NA,NA,NA,NA,NA
NA,790019848,1,1,1,46.832,-0.3868,Faye-l'Abbesse,Deux-Sèvres,Nouvelle-Aquitaine,1,1,General public hospital (CH),1,1,19651,366,366,1,1,NA,NA,NA,NA,NA,NA,NA,NA
NA,830000295,1,1,1,43.1143,6.1101,Hyères,Var,Provence-Alpes-Côte d’Azur,1,1,General public hospital (CH),1,1,19367,366,366,1,1,NA,NA,NA,NA,NA,NA,NA,NA
NA,690784137,1,1,1,45.7035,4.8068,Pierre-Bénite,Rhône,Auvergne-Rhône-Alpes,1,1,Regional/University hospital (CHR/U),1,1,136153,366,366,1,1,NA,NA,NA,NA,NA,NA,NA,NA
NA,130000409,1,1,1,43.5352,5.4416,Aix-en-Provence,Bouches-du-Rhône,Provence-Alpes-Côte d’Azur,1,1,General public hospital (CH),1,1,67443,366,366,1,1,NA,NA,NA,NA,NA,NA,NA,NA
NA,620000224,1,1,1,50.5307,2.6386,Béthune,Pas-de-Calais,Hauts-de-France,1,1,General public hospital (CH),1,1,55433,366,366,1,1,NA,NA,NA,NA,NA,NA,NA,NA
NA,390000214,1,1,1,46.7458,5.9081,Champagnole,Jura,Bourgogne-Franche-Comté,1,1,General public hospital (CH),1,1,402,210,210,1,1,NA,NA,NA,NA,NA,NA,NA,NA
NA,940300569,1,1,1,48.7854,2.3894,Vitry-sur-Seine,Val-de-Marne,Île-de-France,1,1,Private,1,1,11575,366,366,1,1,NA,NA,NA,NA,NA,NA,NA,NA
NA,010000024,1,1,1,46.2223,5.2092,Viriat,Ain,Auvergne-Rhône-Alpes,1,1,General public hospital (CH),1,1,76543,366,366,1,1,NA,NA,NA,NA,NA,NA,NA,NA
NA,310781067,1,1,1,43.5965,1.4301,Toulouse,Haute-Garonne,Occitanie,1,1,Non-profit facility (PSPH/EBNL),1,1,16144,366,366,1,1,NA,NA,NA,NA,NA,NA,NA,NA
NA,130780521,1,1,1,43.3809,5.3628,Marseille,Bouches-du-Rhône,Provence-Alpes-Côte d’Azur,1,1,Regional/University hospital (CHR/U),1,1,83162,366,366,1,1,NA,NA,NA,NA,NA,NA,NA,NA
NA,120004569,1,1,1,44.0929,3.0519,Millau,Aveyron,Occitanie,1,1,General public hospital (CH),1,1,10646,366,366,1,1,NA,NA,NA,NA,NA,NA,NA,NA
NA,130785652,1,1,1,43.2763,5.3926,Marseille,Bouches-du-Rhône,Provence-Alpes-Côte d’Azur,1,1,Non-profit facility (PSPH/EBNL),1,1,79470,366,366,1,1,NA,NA,NA,NA,NA,NA,NA,NA
NA,130786742,1,1,1,43.3271,5.4137,Marseille,Bouches-du-Rhône,Provence-Alpes-Côte d’Azur,1,1,General public hospital (CH),1,1,13675,366,366,1,1,NA,NA,NA,NA,NA,NA,NA,NA
NA,370004467,1,1,1,47.3437,0.7155,Chambray-lès-Tours,Indre-et-Loire,Centre-Val de Loire,1,1,Regional/University hospital (CHR/U),1,1,45908,366,366,1,1,NA,NA,NA,NA,NA,NA,NA,NA
NA,570000349,1,1,1,49.3715,6.1512,Thionville,Moselle,Grand-Est,1,1,Regional/University hospital (CHR/U),1,1,53571,366,366,1,1,NA,NA,NA,NA,NA,NA,NA,NA
NA,220000343,1,1,1,48.5612,-3.1481,Guingamp,Côtes-d’Armor,Bretagne,1,1,General public hospital (CH),1,1,19084,366,366,1,1,NA,NA,NA,NA,NA,NA,NA,NA
NA,690054721,1,1,1,45.6887,4.8655,Vénissieux,Rhône,Auvergne-Rhône-Alpes,1,1,Non-profit facility (PSPH/EBNL),1,1,16185,366,366,1,1,NA,NA,NA,NA,NA,NA,NA,NA
NA,130001647,1,1,1,43.2635,5.4107,Marseille,Bouches-du-Rhône,Provence-Alpes-Côte d’Azur,1,1,Cancer centre (CLCC),1,1,98765,366,366,1,1,NA,NA,NA,NA,NA,NA,NA,NA
NA,420000010,1,1,1,46.0431,4.0781,Roanne,Loire,Auvergne-Rhône-Alpes,1,1,General public hospital (CH),1,1,64842,366,366,1,1,NA,NA,NA,NA,NA,NA,NA,NA
NA,830000287,1,1,1,43.546,6.4551,Draguignan,Var,Provence-Alpes-Côte d’Azur,1,1,General public hospital (CH),1,1,20685,366,366,1,1,NA,NA,NA,NA,NA,NA,NA,NA
NA,2A0000030,1,1,1,41.939,8.7458,Ajaccio,Corse-du-Sud,Corse,1,1,Private,1,1,2060,260,260,1,1,NA,NA,NA,NA,NA,NA,NA,NA
NA,210987699,1,1,1,47.4943,4.3469,Semur-en-Auxois,Côte-d’Or,Bourgogne-Franche-Comté,1,1,General public hospital (CH),1,1,11382,366,366,1,1,NA,NA,NA,NA,NA,NA,NA,NA
NA,140000209,1,1,1,49.2083,-0.3625,Caen,Calvados,Normandie,1,1,Regional/University hospital (CHR/U),1,1,141513,366,366,1,1,NA,NA,NA,NA,NA,NA,NA,NA
NA,640780268,1,1,1,43.4795,-1.4842,Bayonne,Pyrénées-Atlantiques,Nouvelle-Aquitaine,1,1,Private,1,1,13900,334,334,1,1,NA,NA,NA,NA,NA,NA,NA,NA
NA,640789640,1,1,1,43.4795,-1.4842,Bayonne,Pyrénées-Atlantiques,Nouvelle-Aquitaine,1,1,Private,1,1,18663,315,315,1,1,NA,NA,NA,NA,NA,NA,NA,NA
NA,260000013,1,1,1,44.912,4.9059,Valence,Drôme,Auvergne-Rhône-Alpes,1,1,General public hospital (CH),1,1,63787,366,366,1,1,NA,NA,NA,NA,NA,NA,NA,NA
NA,130783236,1,1,1,43.2895,5.3965,Marseille,Bouches-du-Rhône,Provence-Alpes-Côte d’Azur,1,1,Regional/University hospital (CHR/U),1,1,75378,366,366,1,1,NA,NA,NA,NA,NA,NA,NA,NA
NA,870000064,1,1,1,45.8142,1.2323,Limoges,Haute-Vienne,Nouvelle-Aquitaine,1,1,Regional/University hospital (CHR/U),1,1,124130,366,366,1,1,NA,NA,NA,NA,NA,NA,NA,NA
NA,910100031,1,1,1,48.6747,2.4131,Draveil,Essonne,Île-de-France,1,1,Regional/University hospital (CHR/U),1,1,3999,356,356,1,1,NA,NA,NA,NA,NA,NA,NA,NA
NA,130785975,1,1,1,43.6623,5.4345,Le Puy-Sainte-Réparade,Bouches-du-Rhône,Provence-Alpes-Côte d’Azur,1,1,Private,1,1,887,238,238,1,1,NA,NA,NA,NA,NA,NA,NA,NA
NA,840000491,1,1,1,43.6939,5.5,Pertuis,Vaucluse,Provence-Alpes-Côte d’Azur,1,1,General public hospital (CH),1,1,5319,366,366,1,1,NA,NA,NA,NA,NA,NA,NA,NA
NA,350053013,1,1,1,48.1282,-1.6642,Rennes,Ille-et-Vilaine,Bretagne,1,1,Regional/University hospital (CHR/U),1,1,1250,326,326,1,1,NA,NA,NA,NA,NA,NA,NA,NA
NA,330000332,1,1,1,44.8673,-0.6179,Le Bouscat,Gironde,Nouvelle-Aquitaine,1,1,Non-profit facility (PSPH/EBNL),1,1,7020,359,359,1,1,NA,NA,NA,NA,NA,NA,NA,NA
NA,560002933,1,1,1,47.7516,-3.3854,Lorient,Morbihan,Bretagne,1,1,Non-profit facility (PSPH/EBNL),1,1,17982,362,362,1,1,NA,NA,NA,NA,NA,NA,NA,NA
NA,880000054,1,1,1,48.3679,5.7018,Neufchâteau,Vosges,Grand-Est,1,1,General public hospital (CH),1,1,12649,366,366,1,1,NA,NA,NA,NA,NA,NA,NA,NA
NA,250006954,1,1,1,47.2265,5.9639,Besançon,Doubs,Bourgogne-Franche-Comté,1,1,Regional/University hospital (CHR/U),1,1,154449,366,366,1,1,NA,NA,NA,NA,NA,NA,NA,NA
NA,820000032,1,1,1,44.0222,1.3528,Montauban,Tarn-et-Garonne,Occitanie,1,1,General public hospital (CH),1,1,27608,366,366,1,1,NA,NA,NA,NA,NA,NA,NA,NA
NA,590785374,1,1,1,50.3608,3.4981,Valenciennes,Nord,Hauts-de-France,1,1,Non-profit facility (PSPH/EBNL),1,1,8674,357,357,1,1,NA,NA,NA,NA,NA,NA,NA,NA
NA,600000186,1,1,1,49.3814,2.4119,Clermont,Oise,Hauts-de-France,1,1,General public hospital (CH),1,1,6740,366,366,1,1,NA,NA,NA,NA,NA,NA,NA,NA
NA,340782085,1,1,1,43.6296,3.8613,Montpellier,Hérault,Occitanie,1,1,Regional/University hospital (CHR/U),1,1,28298,366,366,1,1,NA,NA,NA,NA,NA,NA,NA,NA
NA,570026682,1,1,1,49.0843,6.2424,Ars-Laquenexy,Moselle,Grand-Est,1,1,Regional/University hospital (CHR/U),1,1,117505,366,366,1,1,NA,NA,NA,NA,NA,NA,NA,NA
NA,130002835,1,1,1,43.4131,5.0408,Martigues,Bouches-du-Rhône,Provence-Alpes-Côte d’Azur,1,1,General public hospital (CH),1,1,48076,366,366,1,1,NA,NA,NA,NA,NA,NA,NA,NA
NA,940100027,1,1,1,48.8005,2.4506,Créteil,Val-de-Marne,Île-de-France,1,1,Regional/University hospital (CHR/U),1,1,106699,366,366,1,1,NA,NA,NA,NA,NA,NA,NA,NA
NA,730004298,1,1,1,45.5459,5.9714,Challes-les-Eaux,Savoie,Auvergne-Rhône-Alpes,1,1,Private,1,1,42734,366,366,1,1,NA,NA,NA,NA,NA,NA,NA,NA
NA,750150237,1,1,1,48.8533,2.4083,Paris 20e Arrondissement,Paris,Île-de-France,1,1,Non-profit facility (PSPH/EBNL),1,1,36729,366,366,1,1,NA,NA,NA,NA,NA,NA,NA,NA
NA,020000360,1,1,1,49.3773,3.3123,Soissons,Aisne,Hauts-de-France,1,1,Private,1,1,5722,255,255,1,1,NA,NA,NA,NA,NA,NA,NA,NA
NA,710010786,1,1,1,46.9518,4.2921,Autun,Saône-et-Loire,Bourgogne-Franche-Comté,1,1,General public hospital (CH),1,1,4490,366,366,1,1,NA,NA,NA,NA,NA,NA,NA,NA
NA,840000483,1,1,1,44.1453,4.8234,Orange,Vaucluse,Provence-Alpes-Côte d’Azur,1,1,General public hospital (CH),1,1,13798,366,366,1,1,NA,NA,NA,NA,NA,NA,NA,NA
NA,080000425,1,1,1,49.7627,4.6984,Charleville-Mézières,Ardennes,Grand-Est,1,1,General public hospital (CH),1,1,55532,366,366,1,1,NA,NA,NA,NA,NA,NA,NA,NA
NA,770016467,1,1,1,48.9341,2.8741,Mareuil-lès-Meaux,Seine-et-Marne,Île-de-France,1,1,Private,1,1,687,233,233,1,1,NA,NA,NA,NA,NA,NA,NA,NA
NA,340780667,1,1,1,43.6352,3.8915,Castelnau-le-Lez,Hérault,Occitanie,1,1,Private,1,1,44004,366,366,1,1,NA,NA,NA,NA,NA,NA,NA,NA
NA,590811279,1,1,1,50.6117,3.0366,Lille,Nord,Hauts-de-France,1,1,Regional/University hospital (CHR/U),1,1,85713,366,366,1,1,NA,NA,NA,NA,NA,NA,NA,NA
NA,710978123,1,1,1,46.2892,4.3049,La Clayette,Saône-et-Loire,Bourgogne-Franche-Comté,1,1,General public hospital (CH),1,1,418,237,237,1,1,NA,NA,NA,NA,NA,NA,NA,NA
NA,310025333,1,1,1,43.5553,1.4264,Toulouse,Haute-Garonne,Occitanie,1,1,Regional/University hospital (CHR/U),1,1,21978,366,366,1,1,NA,NA,NA,NA,NA,NA,NA,NA
NA,320000102,1,1,1,43.9565,0.3794,Condom,Gers,Occitanie,1,1,General public hospital (CH),1,1,3284,365,365,1,1,NA,NA,NA,NA,NA,NA,NA,NA
NA,340015502,1,1,1,43.6024,3.9146,Montpellier,Hérault,Occitanie,1,1,Private,1,1,31631,366,366,1,1,NA,NA,NA,NA,NA,NA,NA,NA
NA,380020123,1,1,1,45.3711,4.8128,Roussillon,Isère,Auvergne-Rhône-Alpes,1,1,Private,1,1,8367,365,365,1,1,NA,NA,NA,NA,NA,NA,NA,NA
NA,160000311,1,1,1,46.0053,0.6706,Confolens,Charente,Nouvelle-Aquitaine,1,1,General public hospital (CH),1,1,3080,366,366,1,1,NA,NA,NA,NA,NA,NA,NA,NA
NA,570000117,1,1,1,48.7305,7.0509,Sarrebourg,Moselle,Grand-Est,1,1,General public hospital (CH),1,1,12322,366,366,1,1,NA,NA,NA,NA,NA,NA,NA,NA
NA,500000021,1,1,1,48.6928,-1.3512,Avranches,Manche,Normandie,1,1,General public hospital (CH),1,1,20403,366,366,1,1,NA,NA,NA,NA,NA,NA,NA,NA
NA,440029338,1,1,1,47.2485,-1.5207,Nantes,Loire-Atlantique,Pays de la Loire,1,1,Non-profit facility (PSPH/EBNL),1,1,17071,366,366,1,1,NA,NA,NA,NA,NA,NA,NA,NA
NA,170000087,1,1,1,46.1582,-1.144,La Rochelle,Charente-Maritime,Nouvelle-Aquitaine,1,1,General public hospital (CH),1,1,86392,366,366,1,1,NA,NA,NA,NA,NA,NA,NA,NA
NA,620003202,1,1,1,50.4147,1.6639,Rang-du-Fliers,Pas-de-Calais,Hauts-de-France,1,1,General public hospital (CH),1,1,22039,366,366,1,1,NA,NA,NA,NA,NA,NA,NA,NA
NA,410000038,1,1,1,47.7946,1.0642,Vendôme,Loir-et-Cher,Centre-Val de Loire,1,1,General public hospital (CH),1,1,7389,366,366,1,1,NA,NA,NA,NA,NA,NA,NA,NA
NA,870000270,1,1,1,45.515,1.2041,Saint-Yrieix-la-Perche,Haute-Vienne,Nouvelle-Aquitaine,1,1,General public hospital (CH),1,1,5714,365,365,1,1,NA,NA,NA,NA,NA,NA,NA,NA
NA,500000450,1,1,1,49.1068,-1.1084,Saint-Lô,Manche,Normandie,1,1,General public hospital (CH),1,1,28588,366,366,1,1,NA,NA,NA,NA,NA,NA,NA,NA
NA,920100013,1,1,1,48.849,2.2373,Boulogne-Billancourt,Hauts-de-Seine,Île-de-France,1,1,Regional/University hospital (CHR/U),1,1,44891,366,366,1,1,NA,NA,NA,NA,NA,NA,NA,NA
NA,380000174,1,1,1,45.5261,4.8752,Vienne,Isère,Auvergne-Rhône-Alpes,1,1,General public hospital (CH),1,1,24411,366,366,1,1,NA,NA,NA,NA,NA,NA,NA,NA
NA,930300066,1,1,1,48.9292,2.4962,Aulnay-sous-Bois,Seine-Saint-Denis,Île-de-France,1,1,Private,1,1,51903,366,366,1,1,NA,NA,NA,NA,NA,NA,NA,NA
NA,840001861,1,1,1,43.9203,4.8049,Avignon,Vaucluse,Provence-Alpes-Côte d’Azur,1,1,General public hospital (CH),1,1,90035,366,366,1,1,NA,NA,NA,NA,NA,NA,NA,NA
NA,060780715,1,1,1,43.7334,7.2773,Nice,Alpes-Maritimes,Provence-Alpes-Côte d’Azur,1,1,Private,1,1,45099,366,366,1,1,NA,NA,NA,NA,NA,NA,NA,NA
NA,930100045,1,1,1,48.9128,2.491,Bondy,Seine-Saint-Denis,Île-de-France,1,1,Regional/University hospital (CHR/U),1,1,20823,366,366,1,1,NA,NA,NA,NA,NA,NA,NA,NA
NA,050000348,1,1,1,44.5564,6.0733,Gap,Hautes-Alpes,Provence-Alpes-Côte d’Azur,1,1,General public hospital (CH),1,1,36698,366,366,1,1,NA,NA,NA,NA,NA,NA,NA,NA
NA,500000229,1,1,1,48.8392,-1.5978,Granville,50,Normandie,1,1,Private,1,1,3056,278,278,1,1,NA,NA,NA,NA,NA,NA,NA,NA
NA,160000253,1,1,1,45.6293,0.1149,La Couronne,Charente,Nouvelle-Aquitaine,1,1,General public hospital (CH),1,1,62519,366,366,1,1,NA,NA,NA,NA,NA,NA,NA,NA
NA,060789195,1,1,1,43.7016,7.2036,Nice,Alpes-Maritimes,Provence-Alpes-Côte d’Azur,1,1,Regional/University hospital (CHR/U),1,1,54989,366,366,1,1,NA,NA,NA,NA,NA,NA,NA,NA
NA,770790707,1,1,1,48.7423,2.7579,Tournan-en-Brie,Seine-et-Marne,Île-de-France,1,1,Private,1,1,21989,364,364,1,1,NA,NA,NA,NA,NA,NA,NA,NA
NA,670000397,1,1,1,48.2626,7.4346,Sélestat,Bas-Rhin,Grand-Est,1,1,General public hospital (CH),1,1,19680,366,366,1,1,NA,NA,NA,NA,NA,NA,NA,NA
NA,730000262,1,1,1,45.669,6.3691,Albertville,Savoie,Auvergne-Rhône-Alpes,1,1,General public hospital (CH),1,1,21498,366,366,1,1,NA,NA,NA,NA,NA,NA,NA,NA
NA,600000285,1,1,1,49.5863,2.9994,Noyon,Oise,Hauts-de-France,1,1,General public hospital (CH),1,1,2206,361,361,1,1,NA,NA,NA,NA,NA,NA,NA,NA
NA,680000320,1,1,1,47.7409,7.3317,Mulhouse,Haut-Rhin,Grand-Est,1,1,Private,1,1,30517,366,366,1,1,NA,NA,NA,NA,NA,NA,NA,NA
NA,570000901,1,1,1,49.1015,7.0965,Sarreguemines,Moselle,Grand-Est,1,1,General public hospital (CH),1,1,22200,366,366,1,1,NA,NA,NA,NA,NA,NA,NA,NA
NA,910018423,1,1,1,48.6914,2.3745,Juvisy-sur-Orge,Essonne,Île-de-France,1,1,General public hospital (CH),1,1,1088,179,179,1,1,NA,NA,NA,NA,NA,NA,NA,NA
NA,640016580,1,1,1,43.4823,-1.4822,Bayonne,Pyrénées-Atlantiques,Nouvelle-Aquitaine,1,1,Private,1,1,8265,366,366,1,1,NA,NA,NA,NA,NA,NA,NA,NA
NA,540002698,1,1,1,48.6491,6.1548,Vandœuvre-lès-Nancy,Meurthe-et-Moselle,Grand-Est,1,1,Regional/University hospital (CHR/U),1,1,113215,366,366,1,1,NA,NA,NA,NA,NA,NA,NA,NA
NA,590804696,1,1,1,50.7434,3.1816,Tourcoing,Nord,Hauts-de-France,1,1,General public hospital (CH),1,1,34575,366,366,1,1,NA,NA,NA,NA,NA,NA,NA,NA
NA,710010067,1,1,1,46.4653,4.104,Paray-le-Monial,Saône-et-Loire,Bourgogne-Franche-Comté,1,1,General public hospital (CH),1,1,23563,366,366,1,1,NA,NA,NA,NA,NA,NA,NA,NA
NA,840000418,1,1,1,43.8403,5.0375,Cavaillon,Vaucluse,Provence-Alpes-Côte d’Azur,1,1,General public hospital (CH),1,1,12796,366,366,1,1,NA,NA,NA,NA,NA,NA,NA,NA
NA,920000650,1,1,1,48.8711,2.2213,Suresnes,Hauts-de-Seine,Île-de-France,1,1,Non-profit facility (PSPH/EBNL),1,1,68649,366,366,1,1,NA,NA,NA,NA,NA,NA,NA,NA
NA,630781821,1,1,1,45.7949,3.0532,Durtol,Puy-de-Dôme,Auvergne-Rhône-Alpes,1,1,Private,1,1,556,263,263,1,1,NA,NA,NA,NA,NA,NA,NA,NA
NA,310780374,1,1,1,43.84,1.5398,Bondigoux,Haute-Garonne,Occitanie,1,1,Private,1,1,4809,264,264,1,1,NA,NA,NA,NA,NA,NA,NA,NA
NA,140016759,1,1,1,49.1679,-0.3467,Caen,Calvados,Normandie,1,1,Private,1,1,46141,366,366,1,1,NA,NA,NA,NA,NA,NA,NA,NA
NA,750000523,1,1,1,48.8302,2.3112,Paris 14e Arrondissement,Paris,Île-de-France,1,1,Non-profit facility (PSPH/EBNL),1,1,97717,366,366,1,1,NA,NA,NA,NA,NA,NA,NA,NA
NA,750150104,1,1,1,48.8219,2.3326,Paris 14e Arrondissement,Paris,Île-de-France,1,1,Non-profit facility (PSPH/EBNL),1,1,51029,366,366,1,1,NA,NA,NA,NA,NA,NA,NA,NA
NA,920300563,1,1,1,48.8106,2.2948,Malakoff,Hauts-de-Seine,Île-de-France,1,1,Private,1,1,955,243,243,1,1,NA,NA,NA,NA,NA,NA,NA,NA
NA,640018206,1,1,1,43.4934,-1.4752,Bayonne,Pyrénées-Atlantiques,Nouvelle-Aquitaine,1,1,Private,1,1,49288,366,366,1,1,NA,NA,NA,NA,NA,NA,NA,NA
NA,800000143,1,1,1,50.1011,1.8311,Abbeville,Somme,Hauts-de-France,1,1,General public hospital (CH),1,1,29212,366,366,1,1,NA,NA,NA,NA,NA,NA,NA,NA
NA,760000141,1,1,1,49.4208,1.0564,Le Petit-Quevilly,Seine-Maritime,Normandie,1,1,Regional/University hospital (CHR/U),1,1,9285,366,366,1,1,NA,NA,NA,NA,NA,NA,NA,NA
NA,760021329,1,1,1,49.5292,0.1032,Le Havre,Seine-Maritime,Normandie,1,1,Private,1,1,60735,366,366,1,1,NA,NA,NA,NA,NA,NA,NA,NA
NA,770000156,1,1,1,48.5563,2.6396,Melun,Seine-et-Marne,Île-de-France,1,1,General public hospital (CH),1,1,46318,366,366,1,1,NA,NA,NA,NA,NA,NA,NA,NA
NA,610000119,1,1,1,48.7479,-0.543,Flers,Orne,Normandie,1,1,General public hospital (CH),1,1,26816,366,366,1,1,NA,NA,NA,NA,NA,NA,NA,NA
NA,190000091,1,1,1,45.5442,2.3127,Ussel,Corrèze,Nouvelle-Aquitaine,1,1,General public hospital (CH),1,1,7117,366,366,1,1,NA,NA,NA,NA,NA,NA,NA,NA
NA,290000173,1,1,1,48.4478,-4.2348,Landerneau,Finistère,Bretagne,1,1,General public hospital (CH),1,1,9698,366,366,1,1,NA,NA,NA,NA,NA,NA,NA,NA
NA,130782147,1,1,1,43.4044,5.2167,Marignane,Bouches-du-Rhône,Provence-Alpes-Côte d’Azur,1,1,Private,1,1,14284,366,366,1,1,NA,NA,NA,NA,NA,NA,NA,NA
NA,590000121,1,1,1,50.5427,3.0137,Seclin,Nord,Hauts-de-France,1,1,General public hospital (CH),1,1,29357,366,366,1,1,NA,NA,NA,NA,NA,NA,NA,NA
NA,220000012,1,1,1,48.4928,-2.7489,Saint-Brieuc,Côtes-d’Armor,Bretagne,1,1,General public hospital (CH),1,1,82681,366,366,1,1,NA,NA,NA,NA,NA,NA,NA,NA
NA,560000127,1,1,1,47.6657,-2.7486,Vannes,Morbihan,Bretagne,1,1,General public hospital (CH),1,1,76970,366,366,1,1,NA,NA,NA,NA,NA,NA,NA,NA
NA,830000345,1,1,1,43.1252,5.9754,Toulon,Var,Provence-Alpes-Côte d’Azur,1,1,General public hospital (CH),1,1,79590,366,366,1,1,NA,NA,NA,NA,NA,NA,NA,NA
NA,250004009,1,1,1,47.5267,6.7845,Montbéliard,Doubs,Bourgogne-Franche-Comté,1,1,General public hospital (CH),1,1,39080,304,304,1,1,NA,NA,NA,NA,NA,NA,NA,NA
NA,780300414,1,1,1,48.8802,2.1084,Le Port-Marly,Yvelines,Île-de-France,1,1,Private,1,1,42179,366,366,1,1,NA,NA,NA,NA,NA,NA,NA,NA
NA,860000058,1,1,1,46.4287,0.866,Montmorillon,Vienne,Nouvelle-Aquitaine,1,1,General public hospital (CH),1,1,5317,361,361,1,1,NA,NA,NA,NA,NA,NA,NA,NA
NA,760000356,1,1,1,49.498,0.1112,Le Havre,76,Normandie,1,1,General public hospital (CH),1,1,5237,273,273,1,1,NA,NA,NA,NA,NA,NA,NA,NA
NA,580972685,1,1,1,46.8225,3.4521,Decize,Nièvre,Bourgogne-Franche-Comté,1,1,General public hospital (CH),1,1,6136,364,364,1,1,NA,NA,NA,NA,NA,NA,NA,NA
NA,330780081,1,1,1,44.8365,-0.6054,Bordeaux,Gironde,Nouvelle-Aquitaine,1,1,Private,1,1,19891,363,363,1,1,NA,NA,NA,NA,NA,NA,NA,NA
NA,130043664,1,1,1,43.3097,5.3731,Marseille,Bouches-du-Rhône,Provence-Alpes-Côte d’Azur,1,1,Non-profit facility (PSPH/EBNL),1,1,67964,366,366,1,1,NA,NA,NA,NA,NA,NA,NA,NA
NA,930000328,1,1,1,48.9362,2.3728,Saint-Denis,Seine-Saint-Denis,Île-de-France,1,1,General public hospital (CH),1,1,37221,366,366,1,1,NA,NA,NA,NA,NA,NA,NA,NA
NA,450000294,1,1,1,47.9407,1.8799,Saran,Loiret,Centre-Val de Loire,1,1,Private,1,1,22962,366,366,1,1,NA,NA,NA,NA,NA,NA,NA,NA
NA,410000046,1,1,1,47.359,1.7334,Romorantin-Lanthenay,Loir-et-Cher,Centre-Val de Loire,1,1,General public hospital (CH),1,1,12413,366,366,1,1,NA,NA,NA,NA,NA,NA,NA,NA
NA,590000618,1,1,1,50.3604,3.5009,Valenciennes,Nord,Hauts-de-France,1,1,General public hospital (CH),1,1,135707,366,366,1,1,NA,NA,NA,NA,NA,NA,NA,NA
NA,840000392,1,1,1,44.0556,5.0488,Carpentras,Vaucluse,Provence-Alpes-Côte d’Azur,1,1,General public hospital (CH),1,1,11523,366,366,1,1,NA,NA,NA,NA,NA,NA,NA,NA
NA,150000040,1,1,1,44.9255,2.4391,Aurillac,Cantal,Auvergne-Rhône-Alpes,1,1,General public hospital (CH),1,1,26935,366,366,1,1,NA,NA,NA,NA,NA,NA,NA,NA
NA,2B0005359,1,1,1,42.5675,8.7569,Calvi,2B,Corse,1,1,General public hospital (CH),1,1,2350,365,365,1,1,NA,NA,NA,NA,NA,NA,NA,NA
NA,740000302,1,1,1,46.1454,6.0812,Saint-Julien-en-Genevois,Haute-Savoie,Auvergne-Rhône-Alpes,1,1,General public hospital (CH),1,1,12534,366,366,1,1,NA,NA,NA,NA,NA,NA,NA,NA
NA,310026083,1,1,1,43.5965,1.4315,Toulouse,Haute-Garonne,Occitanie,1,1,Private,1,1,36128,366,366,1,1,NA,NA,NA,NA,NA,NA,NA,NA
NA,590001004,1,1,1,50.3379,3.0992,Dechy,Nord,Hauts-de-France,1,1,General public hospital (CH),1,1,49516,366,366,1,1,NA,NA,NA,NA,NA,NA,NA,NA
NA,770000164,1,1,1,48.3827,2.9539,Montereau-Fault-Yonne,Seine-et-Marne,Île-de-France,1,1,General public hospital (CH),1,1,11001,366,366,1,1,NA,NA,NA,NA,NA,NA,NA,NA
NA,950000307,1,1,1,48.9447,2.2401,Argenteuil,Val-d’Oise,Île-de-France,1,1,General public hospital (CH),1,1,61662,366,366,1,1,NA,NA,NA,NA,NA,NA,NA,NA
NA,440000271,1,1,1,47.212,-1.5541,Nantes,Loire-Atlantique,Pays de la Loire,1,1,Regional/University hospital (CHR/U),1,1,150056,366,366,1,1,NA,NA,NA,NA,NA,NA,NA,NA
NA,360000038,1,1,1,46.9591,1.9987,Issoudun,Indre,Centre-Val de Loire,1,1,General public hospital (CH),1,1,4901,366,366,1,1,NA,NA,NA,NA,NA,NA,NA,NA
NA,250000700,1,1,1,46.901,6.3601,Pontarlier,Doubs,Bourgogne-Franche-Comté,1,1,General public hospital (CH),1,1,19751,366,366,1,1,NA,NA,NA,NA,NA,NA,NA,NA
NA,750100273,1,1,1,48.8657,2.4008,Paris 20e Arrondissement,Seine-Saint-Denis,Île-de-France,1,1,Regional/University hospital (CHR/U),1,1,85182,366,366,1,1,NA,NA,NA,NA,NA,NA,NA,NA
NA,350000188,1,1,1,48.1234,-1.2364,Vitré,Ille-et-Vilaine,Bretagne,1,1,General public hospital (CH),1,1,10165,366,366,1,1,NA,NA,NA,NA,NA,NA,NA,NA
NA,740781224,1,1,1,45.9356,6.6409,Sallanches,Haute-Savoie,Auvergne-Rhône-Alpes,1,1,General public hospital (CH),1,1,21501,366,366,1,1,NA,NA,NA,NA,NA,NA,NA,NA
NA,100000090,1,1,1,48.2799,4.0688,Troyes,Aube,Grand-Est,1,1,General public hospital (CH),1,1,59961,366,366,1,1,NA,NA,NA,NA,NA,NA,NA,NA
NA,110000056,1,1,1,43.1802,3.002,Narbonne,Aude,Occitanie,1,1,General public hospital (CH),1,1,28508,366,366,1,1,NA,NA,NA,NA,NA,NA,NA,NA
NA,330000340,1,1,1,44.8087,-0.5764,Talence,Gironde,Nouvelle-Aquitaine,1,1,Non-profit facility (PSPH/EBNL),1,1,23889,366,366,1,1,NA,NA,NA,NA,NA,NA,NA,NA
NA,290000140,1,1,1,48.4008,-4.4891,Brest,Finistère,Bretagne,1,1,Private,1,1,29129,334,334,1,1,NA,NA,NA,NA,NA,NA,NA,NA
NA,910300300,1,1,1,48.7125,2.4961,Yerres,Val-de-Marne,Île-de-France,1,1,Private,1,1,9895,364,364,1,1,NA,NA,NA,NA,NA,NA,NA,NA
NA,920300753,1,1,1,48.8863,2.2793,Neuilly-sur-Seine,Hauts-de-Seine,Île-de-France,1,1,Private,1,1,19290,366,366,1,1,NA,NA,NA,NA,NA,NA,NA,NA
NA,530000017,1,1,1,47.8278,-0.7015,Château-Gontier,Mayenne,Pays de la Loire,1,1,General public hospital (CH),1,1,15567,366,366,1,1,NA,NA,NA,NA,NA,NA,NA,NA
NA,620025346,1,1,1,50.4791,2.4865,Divion,Pas-de-Calais,Hauts-de-France,1,1,Non-profit facility (PSPH/EBNL),1,1,19044,366,366,1,1,NA,NA,NA,NA,NA,NA,NA,NA
NA,260000120,1,1,1,45.045,5.0499,Romans-sur-Isère,Drôme,Auvergne-Rhône-Alpes,1,1,General public hospital (CH),1,1,33739,366,366,1,1,NA,NA,NA,NA,NA,NA,NA,NA
NA,160000303,1,1,1,45.4772,-0.1265,Barbezieux-Saint-Hilaire,Charente,Nouvelle-Aquitaine,1,1,General public hospital (CH),1,1,3605,363,363,1,1,NA,NA,NA,NA,NA,NA,NA,NA
NA,070000609,1,1,1,44.6132,4.3988,Aubenas,Ardèche,Auvergne-Rhône-Alpes,1,1,General public hospital (CH),1,1,18279,366,366,1,1,NA,NA,NA,NA,NA,NA,NA,NA
NA,340000231,1,1,1,43.6655,4.1252,Lunel,Hérault,Occitanie,1,1,General public hospital (CH),1,1,1023,329,329,1,1,NA,NA,NA,NA,NA,NA,NA,NA
NA,690041132,1,1,1,45.7607,4.9074,Villeurbanne,Rhône,Auvergne-Rhône-Alpes,1,1,Non-profit facility (PSPH/EBNL),1,1,38342,366,366,1,1,NA,NA,NA,NA,NA,NA,NA,NA
NA,590000337,1,1,1,51.0381,2.3955,Dunkerque,Nord,Hauts-de-France,1,1,General public hospital (CH),1,1,66483,366,366,1,1,NA,NA,NA,NA,NA,NA,NA,NA
NA,590787586,1,1,1,50.6092,3.0327,Lille,Nord,Hauts-de-France,1,1,Regional/University hospital (CHR/U),1,1,33316,366,366,1,1,NA,NA,NA,NA,NA,NA,NA,NA
NA,590006607,1,1,1,50.6305,3.0713,Lille,Nord,Hauts-de-France,1,1,Regional/University hospital (CHR/U),1,1,37678,366,366,1,1,NA,NA,NA,NA,NA,NA,NA,NA
NA,240000372,1,1,1,44.8513,0.4973,Bergerac,Dordogne,Nouvelle-Aquitaine,1,1,General public hospital (CH),1,1,16998,366,366,1,1,NA,NA,NA,NA,NA,NA,NA,NA
NA,370000903,1,1,1,47.1288,1.0021,Loches,Indre-et-Loire,Centre-Val de Loire,1,1,General public hospital (CH),1,1,4656,364,364,1,1,NA,NA,NA,NA,NA,NA,NA,NA
NA,620003350,1,1,1,50.4193,2.7861,Liévin,Pas-de-Calais,Hauts-de-France,1,1,Non-profit facility (PSPH/EBNL),1,1,7214,366,366,1,1,NA,NA,NA,NA,NA,NA,NA,NA
NA,330000605,1,1,1,44.9194,-0.2297,Libourne,Gironde,Nouvelle-Aquitaine,1,1,General public hospital (CH),1,1,84806,367,367,1,1,NA,NA,NA,NA,NA,NA,NA,NA
NA,220022800,1,1,1,48.548,-2.7894,Plérin,Côtes-d’Armor,Bretagne,1,1,Private,1,1,41212,366,366,1,1,NA,NA,NA,NA,NA,NA,NA,NA
NA,750100075,1,1,1,48.8728,2.3697,Paris 10e Arrondissement,Paris,Île-de-France,1,1,Regional/University hospital (CHR/U),1,1,94356,366,366,1,1,NA,NA,NA,NA,NA,NA,NA,NA
NA,670000157,1,1,1,48.7986,7.7791,Haguenau,Bas-Rhin,Grand-Est,1,1,General public hospital (CH),1,1,48665,366,366,1,1,NA,NA,NA,NA,NA,NA,NA,NA
NA,850000241,1,1,1,46.5155,-1.7518,Olonne-sur-Mer,Vendée,Pays de la Loire,1,1,General public hospital (CH),1,1,24923,366,366,1,1,NA,NA,NA,NA,NA,NA,NA,NA
NA,910001973,1,1,1,48.4212,2.1502,Étampes,Essonne,Île-de-France,1,1,General public hospital (CH),1,1,10920,366,366,1,1,NA,NA,NA,NA,NA,NA,NA,NA
NA,140000027,1,1,1,49.1461,0.2318,Lisieux,Calvados,Normandie,1,1,General public hospital (CH),1,1,24570,366,366,1,1,NA,NA,NA,NA,NA,NA,NA,NA
NA,840000400,1,1,1,43.8451,5.0536,Cavaillon,Vaucluse,Provence-Alpes-Côte d’Azur,1,1,Private,1,1,4067,138,138,1,1,NA,NA,NA,NA,NA,NA,NA,NA
NA,290000033,1,1,1,48.5699,-3.8306,Morlaix,Finistère,Bretagne,1,1,General public hospital (CH),1,1,27748,366,366,1,1,NA,NA,NA,NA,NA,NA,NA,NA
NA,070000047,1,1,1,44.5586,4.4991,Villeneuve-de-Berg,Ardèche,Auvergne-Rhône-Alpes,1,1,General public hospital (CH),1,1,796,244,244,1,1,NA,NA,NA,NA,NA,NA,NA,NA
NA,780000329,1,1,1,48.6524,1.8267,Rambouillet,Yvelines,Île-de-France,1,1,General public hospital (CH),1,1,29014,366,366,1,1,NA,NA,NA,NA,NA,NA,NA,NA
NA,540000023,1,1,1,48.6757,5.8868,Toul,Meurthe-et-Moselle,Grand-Est,1,1,General public hospital (CH),1,1,8983,366,366,1,1,NA,NA,NA,NA,NA,NA,NA,NA
NA,930300645,1,1,1,48.9407,2.3468,Saint-Denis,Seine-Saint-Denis,Île-de-France,1,1,Private,1,1,18377,366,366,1,1,NA,NA,NA,NA,NA,NA,NA,NA
NA,330781352,1,1,1,44.834,-0.5783,Bordeaux,Gironde,Nouvelle-Aquitaine,1,1,Regional/University hospital (CHR/U),1,1,33105,366,366,1,1,NA,NA,NA,NA,NA,NA,NA,NA
NA,910000280,1,1,1,48.5335,2.0013,Dourdan,Essonne,Île-de-France,1,1,General public hospital (CH),1,1,4101,366,366,1,1,NA,NA,NA,NA,NA,NA,NA,NA
NA,590801106,1,1,1,50.6791,3.1714,Roubaix,Nord,Hauts-de-France,1,1,General public hospital (CH),1,1,75774,366,366,1,1,NA,NA,NA,NA,NA,NA,NA,NA
NA,350000741,1,1,1,48.1188,-1.6937,Rennes,Ille-et-Vilaine,Bretagne,1,1,Regional/University hospital (CHR/U),1,1,103563,366,366,1,1,NA,NA,NA,NA,NA,NA,NA,NA
NA,010780203,1,1,1,45.9584,5.3596,Ambérieu-en-Bugey,Ain,Auvergne-Rhône-Alpes,1,1,Private,1,1,15925,366,366,1,1,NA,NA,NA,NA,NA,NA,NA,NA
NA,910300326,1,1,1,48.6572,2.4041,Ris-Orangis,Essonne,Île-de-France,1,1,Private,1,1,7241,282,282,1,1,NA,NA,NA,NA,NA,NA,NA,NA
NA,590790655,1,1,1,50.7325,3.1143,Roncq,Nord,Hauts-de-France,1,1,Private,1,1,8232,291,291,1,1,NA,NA,NA,NA,NA,NA,NA,NA
NA,690000880,1,1,1,45.7414,4.8789,Lyon,Rhône,Auvergne-Rhône-Alpes,1,1,Cancer centre (CLCC),1,1,96961,364,364,1,1,NA,NA,NA,NA,NA,NA,NA,NA
NA,690793468,1,1,1,45.7863,4.8344,Caluire-et-Cuire,Rhône,Auvergne-Rhône-Alpes,1,1,Private,1,1,39719,363,363,1,1,NA,NA,NA,NA,NA,NA,NA,NA
NA,740780424,1,1,1,45.8963,6.127,Annecy,Haute-Savoie,Auvergne-Rhône-Alpes,1,1,Private,1,1,29630,366,366,1,1,NA,NA,NA,NA,NA,NA,NA,NA
NA,020000162,1,1,1,49.8622,3.2698,Saint-Quentin,Aisne,Hauts-de-France,1,1,General public hospital (CH),1,1,88986,366,366,1,1,NA,NA,NA,NA,NA,NA,NA,NA
NA,060780947,1,1,1,43.6894,7.2412,Nice,Alpes-Maritimes,Provence-Alpes-Côte d’Azur,1,1,Non-profit facility (PSPH/EBNL),1,1,15441,366,366,1,1,NA,NA,NA,NA,NA,NA,NA,NA
NA,850000134,1,1,1,46.5155,-1.7512,Olonne-sur-Mer,Vendée,Pays de la Loire,1,1,Private,1,1,12516,366,366,1,1,NA,NA,NA,NA,NA,NA,NA,NA
NA,770700011,1,1,1,48.6753,2.7002,Coubert,Seine-et-Marne,Île-de-France,1,1,Non-profit facility (PSPH/EBNL),1,1,1955,256,256,1,1,NA,NA,NA,NA,NA,NA,NA,NA
NA,660780743,1,1,1,42.7255,2.8471,Saint-Estève,Pyrénées-Orientales,Occitanie,1,1,Private,1,1,2124,270,270,1,1,NA,NA,NA,NA,NA,NA,NA,NA
NA,660780784,1,1,1,42.6965,2.8648,Perpignan,Pyrénées-Orientales,Occitanie,1,1,Private,1,1,42339,366,366,1,1,NA,NA,NA,NA,NA,NA,NA,NA
NA,750100091,1,1,1,48.8502,2.3828,Paris 11e Arrondissement,Paris,Île-de-France,1,1,Regional/University hospital (CHR/U),1,1,66994,366,366,1,1,NA,NA,NA,NA,NA,NA,NA,NA
NA,390000040,1,1,1,46.677,5.5526,Lons-le-Saunier,Jura,Bourgogne-Franche-Comté,1,1,General public hospital (CH),1,1,24752,366,366,1,1,NA,NA,NA,NA,NA,NA,NA,NA
NA,480000017,1,1,1,44.5286,3.4887,Mende,Lozère,Occitanie,1,1,General public hospital (CH),1,1,11724,366,366,1,1,NA,NA,NA,NA,NA,NA,NA,NA
NA,590000774,1,1,1,50.7286,2.5403,Hazebrouck,Nord,Hauts-de-France,1,1,General public hospital (CH),1,1,18624,366,366,1,1,NA,NA,NA,NA,NA,NA,NA,NA
NA,920100047,1,1,1,48.9234,2.236,Colombes,Hauts-de-Seine,Île-de-France,1,1,Regional/University hospital (CHR/U),1,1,32051,366,366,1,1,NA,NA,NA,NA,NA,NA,NA,NA
NA,950300277,1,1,1,48.9803,2.3781,Sarcelles,Val-d’Oise,Île-de-France,1,1,Private,1,1,46704,366,366,1,1,NA,NA,NA,NA,NA,NA,NA,NA
NA,400780102,1,1,1,43.7295,-1.0667,Saint-Paul-lès-Dax,Landes,Nouvelle-Aquitaine,1,1,Private,1,1,1574,252,252,1,1,NA,NA,NA,NA,NA,NA,NA,NA
NA,340782036,1,1,1,43.6296,3.8613,Montpellier,Hérault,Occitanie,1,1,Regional/University hospital (CHR/U),1,1,45536,366,366,1,1,NA,NA,NA,NA,NA,NA,NA,NA
NA,260021795,1,1,1,44.9071,4.911,Valence,Drôme,Auvergne-Rhône-Alpes,1,1,Non-profit facility (PSPH/EBNL),1,1,893,250,250,1,1,NA,NA,NA,NA,NA,NA,NA,NA
NA,350005146,1,1,1,48.1301,-1.6274,Cesson-Sévigné,Ille-et-Vilaine,Bretagne,1,1,Private,1,1,37027,366,366,1,1,NA,NA,NA,NA,NA,NA,NA,NA
NA,910803543,1,1,1,48.6816,2.5388,Quincy-sous-Sénart,Essonne,Île-de-France,1,1,Private,1,1,48601,366,366,1,1,NA,NA,NA,NA,NA,NA,NA,NA
NA,440000503,1,1,1,47.7261,-1.3825,Châteaubriant,Loire-Atlantique,Pays de la Loire,1,1,General public hospital (CH),1,1,11949,366,366,1,1,NA,NA,NA,NA,NA,NA,NA,NA
NA,490000155,1,1,1,47.4853,-0.5534,Angers,Maine-et-Loire,Pays de la Loire,1,1,Cancer centre (CLCC),1,1,72508,334,334,1,1,NA,NA,NA,NA,NA,NA,NA,NA
NA,210012670,1,1,1,47.3615,5.0508,Dijon,Côte-d’Or,Bourgogne-Franche-Comté,1,1,Private,1,1,41432,366,366,1,1,NA,NA,NA,NA,NA,NA,NA,NA
NA,640781225,1,1,1,43.2789,-0.3274,Aressy,Pyrénées-Atlantiques,Nouvelle-Aquitaine,1,1,Private,1,1,12116,365,365,1,1,NA,NA,NA,NA,NA,NA,NA,NA
NA,940000573,1,1,1,48.7977,2.4645,Créteil,Val-de-Marne,Île-de-France,1,1,General public hospital (CH),1,1,78940,366,366,1,1,NA,NA,NA,NA,NA,NA,NA,NA
NA,870000551,1,1,1,46.1241,1.0609,Bellac,Haute-Vienne,Nouvelle-Aquitaine,1,1,General public hospital (CH),1,1,986,273,273,1,1,NA,NA,NA,NA,NA,NA,NA,NA
NA,420000226,1,1,1,45.6127,4.0467,Montbrison,Loire,Auvergne-Rhône-Alpes,1,1,General public hospital (CH),1,1,15468,366,366,1,1,NA,NA,NA,NA,NA,NA,NA,NA
NA,420782310,1,1,1,46.034,4.0535,Roanne,Loire,Auvergne-Rhône-Alpes,1,1,Private,1,1,16944,366,366,1,1,NA,NA,NA,NA,NA,NA,NA,NA
NA,920803798,1,1,1,48.8946,2.2115,Nanterre,Hauts-de-Seine,Île-de-France,1,1,Private,1,1,832,238,238,1,1,NA,NA,NA,NA,NA,NA,NA,NA
NA,410000020,1,1,1,47.6002,1.3417,Blois,Loir-et-Cher,Centre-Val de Loire,1,1,General public hospital (CH),1,1,32810,366,366,1,1,NA,NA,NA,NA,NA,NA,NA,NA
NA,330000555,1,1,1,44.6327,-1.1457,La Teste-de-Buch,Gironde,Nouvelle-Aquitaine,1,1,General public hospital (CH),1,1,23190,366,366,1,1,NA,NA,NA,NA,NA,NA,NA,NA
NA,940700040,1,1,1,48.83,2.5504,Villiers-sur-Marne,Seine-Saint-Denis,Île-de-France,1,1,Non-profit facility (PSPH/EBNL),1,1,1027,239,239,1,1,NA,NA,NA,NA,NA,NA,NA,NA
NA,520780156,1,1,1,47.8664,5.3365,Langres,Haute-Marne,Grand-Est,1,1,Private,1,1,1224,174,174,1,1,NA,NA,NA,NA,NA,NA,NA,NA
NA,040000093,1,1,1,43.8272,5.8097,Manosque,Alpes-de-Haute-Provence,Provence-Alpes-Côte d’Azur,1,1,General public hospital (CH),1,1,18010,366,366,1,1,NA,NA,NA,NA,NA,NA,NA,NA
NA,800009920,1,1,1,49.8714,2.2954,Amiens,Somme,Hauts-de-France,1,1,Private,1,1,33601,366,366,1,1,NA,NA,NA,NA,NA,NA,NA,NA
NA,310780283,1,1,1,43.6485,1.5204,Saint-Jean,Haute-Garonne,Occitanie,1,1,Private,1,1,58686,366,366,1,1,NA,NA,NA,NA,NA,NA,NA,NA
NA,490000635,1,1,1,47.0424,-0.8991,Cholet,Maine-et-Loire,Pays de la Loire,1,1,General public hospital (CH),1,1,50359,366,366,1,1,NA,NA,NA,NA,NA,NA,NA,NA
NA,590782298,1,1,1,50.3713,3.548,Saint-Saulve,Nord,Hauts-de-France,1,1,Private,1,1,21032,360,360,1,1,NA,NA,NA,NA,NA,NA,NA,NA
NA,130042096,1,1,1,43.5348,5.4348,Aix-en-Provence,Bouches-du-Rhône,Provence-Alpes-Côte d’Azur,1,1,Private,1,1,3427,356,356,1,1,NA,NA,NA,NA,NA,NA,NA,NA
NA,800015729,1,1,1,49.8703,2.2956,Amiens,Somme,Hauts-de-France,1,1,Private,1,1,6549,365,365,1,1,NA,NA,NA,NA,NA,NA,NA,NA
NA,470000431,1,1,1,44.4103,0.706,Villeneuve-sur-Lot,Lot-et-Garonne,Nouvelle-Aquitaine,1,1,General public hospital (CH),1,1,12490,366,366,1,1,NA,NA,NA,NA,NA,NA,NA,NA
NA,180000010,1,1,1,47.0836,2.4379,Bourges,Cher,Centre-Val de Loire,1,1,General public hospital (CH),1,1,50676,366,366,1,1,NA,NA,NA,NA,NA,NA,NA,NA
NA,090000175,1,1,1,43.0283,1.616,Saint-Jean-de-Verges,Ariège,Occitanie,1,1,General public hospital (CH),1,1,37148,366,366,1,1,NA,NA,NA,NA,NA,NA,NA,NA
NA,910150028,1,1,1,48.6317,2.1506,Briis-sous-Forges,Essonne,Île-de-France,1,1,Non-profit facility (PSPH/EBNL),1,1,11279,334,334,1,1,NA,NA,NA,NA,NA,NA,NA,NA
NA,910300011,1,1,1,48.5931,2.2491,Arpajon,Essonne,Île-de-France,1,1,Private,1,1,12409,276,276,1,1,NA,NA,NA,NA,NA,NA,NA,NA
NA,640017646,1,1,1,43.3264,-1.0305,Saint-Palais,Pyrénées-Atlantiques,Nouvelle-Aquitaine,1,1,General public hospital (CH),1,1,7608,366,366,1,1,NA,NA,NA,NA,NA,NA,NA,NA
NA,470016049,1,1,1,44.4103,0.706,Villeneuve-sur-Lot,Lot-et-Garonne,Nouvelle-Aquitaine,1,1,Non-profit facility (PSPH/EBNL),1,1,10821,364,364,1,1,NA,NA,NA,NA,NA,NA,NA,NA
NA,890975519,1,1,1,47.8059,3.5688,Auxerre,Yonne,Bourgogne-Franche-Comté,1,1,General public hospital (CH),1,1,1040,242,242,1,1,NA,NA,NA,NA,NA,NA,NA,NA
NA,950000364,1,1,1,49.065,2.0944,Pontoise,Val-d’Oise,Île-de-France,1,1,General public hospital (CH),1,1,77935,366,366,1,1,NA,NA,NA,NA,NA,NA,NA,NA
NA,590000535,1,1,1,50.2799,3.9891,Maubeuge,Nord,Hauts-de-France,1,1,General public hospital (CH),1,1,26345,366,366,1,1,NA,NA,NA,NA,NA,NA,NA,NA
NA,330780263,1,1,1,44.8648,-0.5216,Lormont,Gironde,Nouvelle-Aquitaine,1,1,Private,1,1,31651,366,366,1,1,NA,NA,NA,NA,NA,NA,NA,NA
NA,190000018,1,1,1,45.1679,1.5339,Brive-la-Gaillarde,Corrèze,Nouvelle-Aquitaine,1,1,General public hospital (CH),1,1,85318,366,366,1,1,NA,NA,NA,NA,NA,NA,NA,NA
NA,060000478,1,1,1,43.6195,6.9319,Grasse,Alpes-Maritimes,Provence-Alpes-Côte d’Azur,1,1,General public hospital (CH),1,1,26795,366,366,1,1,NA,NA,NA,NA,NA,NA,NA,NA
NA,490001765,1,1,1,47.2458,-0.0654,Saumur,Maine-et-Loire,Pays de la Loire,1,1,General public hospital (CH),1,1,16132,366,366,1,1,NA,NA,NA,NA,NA,NA,NA,NA
NA,610780116,1,1,1,48.5957,-0.3526,La Ferté Macé,Orne,Normandie,1,1,General public hospital (CH),1,1,2795,365,365,1,1,NA,NA,NA,NA,NA,NA,NA,NA
NA,380000034,1,1,1,45.5967,5.2443,Bourgoin-Jallieu,Isère,Auvergne-Rhône-Alpes,1,1,General public hospital (CH),1,1,33174,366,366,1,1,NA,NA,NA,NA,NA,NA,NA,NA
NA,640780631,1,1,1,43.3566,-1.3993,Cambo-les-Bains,Pyrénées-Atlantiques,Nouvelle-Aquitaine,1,1,Private,1,1,1598,302,302,1,1,NA,NA,NA,NA,NA,NA,NA,NA
NA,490014909,1,1,1,47.4445,-0.5388,Angers,Maine-et-Loire,Pays de la Loire,1,1,Private,1,1,45064,366,366,1,1,NA,NA,NA,NA,NA,NA,NA,NA
NA,020000915,1,1,1,49.6006,3.4169,Saint-Gobain,Aisne,Hauts-de-France,1,1,General public hospital (CH),1,1,3080,298,298,1,1,NA,NA,NA,NA,NA,NA,NA,NA
NA,330024928,1,1,1,44.9468,-0.2461,Libourne,Gironde,Nouvelle-Aquitaine,1,1,Private,1,1,2201,256,256,1,1,NA,NA,NA,NA,NA,NA,NA,NA
NA,130784911,1,1,1,43.3134,5.4671,Marseille,Bouches-du-Rhône,Provence-Alpes-Côte d’Azur,1,1,Private,1,1,765,229,229,1,1,NA,NA,NA,NA,NA,NA,NA,NA
NA,430000117,1,1,1,45.0431,3.8835,Le Puy-en-Velay,Haute-Loire,Auvergne-Rhône-Alpes,1,1,General public hospital (CH),1,1,58390,366,366,1,1,NA,NA,NA,NA,NA,NA,NA,NA
NA,030000061,1,1,1,46.5703,3.3253,Moulins,Allier,Auvergne-Rhône-Alpes,1,1,General public hospital (CH),1,1,31742,366,366,1,1,NA,NA,NA,NA,NA,NA,NA,NA
NA,410000202,1,1,1,47.6174,1.3437,La Chaussée-Saint-Victor,Loir-et-Cher,Centre-Val de Loire,1,1,Private,1,1,49694,365,365,1,1,NA,NA,NA,NA,NA,NA,NA,NA
NA,210987582,1,1,1,47.5195,5.1068,Is-sur-Tille,Côte-d’Or,Bourgogne-Franche-Comté,1,1,General public hospital (CH),1,1,253,161,161,1,1,NA,NA,NA,NA,NA,NA,NA,NA
NA,290000025,1,1,1,47.9877,-4.095,Quimper,Finistère,Bretagne,1,1,General public hospital (CH),1,1,102719,366,366,1,1,NA,NA,NA,NA,NA,NA,NA,NA
NA,540000296,1,1,1,48.9059,6.0511,Pont-à-Mousson,Meurthe-et-Moselle,Grand-Est,1,1,General public hospital (CH),1,1,2504,362,362,1,1,NA,NA,NA,NA,NA,NA,NA,NA
NA,210987657,1,1,1,47.0318,4.8344,Beaune,Côte-d’Or,Bourgogne-Franche-Comté,1,1,General public hospital (CH),1,1,16466,366,366,1,1,NA,NA,NA,NA,NA,NA,NA,NA
NA,840000343,1,1,1,43.8623,5.3625,Apt,Vaucluse,Provence-Alpes-Côte d’Azur,1,1,General public hospital (CH),1,1,5279,365,365,1,1,NA,NA,NA,NA,NA,NA,NA,NA
NA,340000207,1,1,1,43.6438,3.8399,Montpellier,Hérault,Occitanie,1,1,Cancer centre (CLCC),1,1,85432,358,358,1,1,NA,NA,NA,NA,NA,NA,NA,NA
NA,240000489,1,1,1,45.193600000000004,0.7286,Périgueux,Dordogne,Nouvelle-Aquitaine,1,1,General public hospital (CH),1,1,47812,366,366,1,1,NA,NA,NA,NA,NA,NA,NA,NA
NA,720000231,1,1,1,47.9662,0.2255,Le Mans,Sarthe,Pays de la Loire,1,1,Private,1,1,6599,365,365,1,1,NA,NA,NA,NA,NA,NA,NA,NA
NA,130784713,1,1,1,43.3133,5.411,Marseille,Bouches-du-Rhône,Provence-Alpes-Côte d’Azur,1,1,Private,1,1,36610,366,366,1,1,NA,NA,NA,NA,NA,NA,NA,NA
NA,660006305,1,1,1,42.7269,2.8757,Perpignan,Pyrénées-Orientales,Occitanie,1,1,Private,1,1,22989,366,366,1,1,NA,NA,NA,NA,NA,NA,NA,NA
NA,160015368,1,1,1,45.6942,-0.3263,Cognac,Charente,Nouvelle-Aquitaine,1,1,General public hospital (CH),1,1,9705,366,366,1,1,NA,NA,NA,NA,NA,NA,NA,NA
NA,070780424,1,1,1,44.9342,4.8831,Guilherand-Granges,Drôme,Auvergne-Rhône-Alpes,1,1,Private,1,1,17218,362,362,1,1,NA,NA,NA,NA,NA,NA,NA,NA
NA,330783648,1,1,1,44.7836,-0.6632,Pessac,Gironde,Nouvelle-Aquitaine,1,1,Regional/University hospital (CHR/U),1,1,116437,366,366,1,1,NA,NA,NA,NA,NA,NA,NA,NA
NA,920000619,1,1,1,48.8439,2.2182,Saint-Cloud,Hauts-de-Seine,Île-de-France,1,1,General public hospital (CH),1,1,14618,366,366,1,1,NA,NA,NA,NA,NA,NA,NA,NA
NA,590780383,1,1,1,50.6467,3.0843,Lille,Nord,Hauts-de-France,1,1,Private,1,1,65562,366,366,1,1,NA,NA,NA,NA,NA,NA,NA,NA
NA,930100037,1,1,1,48.9157,2.4246,Bobigny,Seine-Saint-Denis,Île-de-France,1,1,Regional/University hospital (CHR/U),1,1,50238,366,366,1,1,NA,NA,NA,NA,NA,NA,NA,NA
NA,820000057,1,1,1,44.0073,1.3802,Montauban,Tarn-et-Garonne,Occitanie,1,1,Private,1,1,50237,366,366,1,1,NA,NA,NA,NA,NA,NA,NA,NA
NA,250000270,1,1,1,47.2445,5.98,Besançon,Doubs,Bourgogne-Franche-Comté,1,1,Private,1,1,28838,365,365,1,1,NA,NA,NA,NA,NA,NA,NA,NA
NA,590780268,1,1,1,50.6342,3.0327,Lille,Nord,Hauts-de-France,1,1,Private,1,1,77327,366,366,1,1,NA,NA,NA,NA,NA,NA,NA,NA
NA,750803454,1,1,1,48.8786,2.403,Paris 19e Arrondissement,Seine-Saint-Denis,Île-de-France,1,1,Regional/University hospital (CHR/U),1,1,43617,366,366,1,1,NA,NA,NA,NA,NA,NA,NA,NA
NA,740014345,1,1,1,46.1865,6.2238,Annemasse,Haute-Savoie,Auvergne-Rhône-Alpes,1,1,Private,1,1,34144,366,366,1,1,NA,NA,NA,NA,NA,NA,NA,NA
NA,450021449,1,1,1,47.6911,2.6339,Gien,Loiret,Centre-Val de Loire,1,1,Regional/University hospital (CHR/U),1,1,11158,298,298,1,1,NA,NA,NA,NA,NA,NA,NA,NA
NA,340780725,1,1,1,43.6655,4.1252,Lunel,Hérault,Occitanie,1,1,Private,1,1,9631,361,361,1,1,NA,NA,NA,NA,NA,NA,NA,NA
NA,540000155,1,1,1,48.5888,6.4928,Lunéville,Meurthe-et-Moselle,Grand-Est,1,1,General public hospital (CH),1,1,12997,366,366,1,1,NA,NA,NA,NA,NA,NA,NA,NA
NA,170000103,1,1,1,45.7466,-0.6587,Saintes,Charente-Maritime,Nouvelle-Aquitaine,1,1,General public hospital (CH),1,1,71071,366,366,1,1,NA,NA,NA,NA,NA,NA,NA,NA
NA,720000033,1,1,1,48.0134,0.1763,Le Mans,Sarthe,Pays de la Loire,1,1,General public hospital (CH),1,1,96857,366,366,1,1,NA,NA,NA,NA,NA,NA,NA,NA
NA,940300270,1,1,1,48.8332,2.4725,Nogent-sur-Marne,Val-de-Marne,Île-de-France,1,1,Private,1,1,39004,366,366,1,1,NA,NA,NA,NA,NA,NA,NA,NA
NA,830100855,1,1,1,43.3906,5.7783,Nans-les-Pins,Var,Provence-Alpes-Côte d’Azur,1,1,Private,1,1,2331,276,276,1,1,NA,NA,NA,NA,NA,NA,NA,NA
NA,030000079,1,1,1,46.3426,2.6082,Montluçon,Allier,Auvergne-Rhône-Alpes,1,1,General public hospital (CH),1,1,34601,366,366,1,1,NA,NA,NA,NA,NA,NA,NA,NA
NA,370000093,1,1,1,47.4331,0.6666,Saint-Cyr-sur-Loire,Indre-et-Loire,Centre-Val de Loire,1,1,Private,1,1,58226,366,366,1,1,NA,NA,NA,NA,NA,NA,NA,NA
NA,590000436,1,1,1,50.1049,3.5362,Le Cateau-Cambrésis,Nord,Hauts-de-France,1,1,General public hospital (CH),1,1,9615,366,366,1,1,NA,NA,NA,NA,NA,NA,NA,NA
NA,760000018,1,1,1,49.9206,1.0785,Dieppe,Seine-Maritime,Normandie,1,1,General public hospital (CH),1,1,42402,366,366,1,1,NA,NA,NA,NA,NA,NA,NA,NA
NA,540013224,1,1,1,48.7014,6.144,Nancy,Meurthe-et-Moselle,Grand-Est,1,1,Private,1,1,12458,366,366,1,1,NA,NA,NA,NA,NA,NA,NA,NA
NA,060002102,1,1,1,43.7757,7.4735,Menton,Alpes-Maritimes,Provence-Alpes-Côte d’Azur,1,1,General public hospital (CH),1,1,8166,366,366,1,1,NA,NA,NA,NA,NA,NA,NA,NA
NA,690780390,1,1,1,45.8204,4.8875,Rillieux-la-Pape,Rhône,Auvergne-Rhône-Alpes,1,1,Private,1,1,17126,366,366,1,1,NA,NA,NA,NA,NA,NA,NA,NA
NA,620000034,1,1,1,50.2972,2.755,Arras,Pas-de-Calais,Hauts-de-France,1,1,General public hospital (CH),1,1,60112,366,366,1,1,NA,NA,NA,NA,NA,NA,NA,NA
NA,300000023,1,1,1,44.1451,4.0955,Alès,Gard,Occitanie,1,1,General public hospital (CH),1,1,29569,366,366,1,1,NA,NA,NA,NA,NA,NA,NA,NA
NA,300012598,1,1,1,43.8225,4.3189,Nîmes,Gard,Occitanie,1,1,Non-profit facility (PSPH/EBNL),1,1,2433,345,345,1,1,NA,NA,NA,NA,NA,NA,NA,NA
NA,390000073,1,1,1,46.9422,5.8781,Salins-les-Bains,Jura,Bourgogne-Franche-Comté,1,1,General public hospital (CH),1,1,1120,248,248,1,1,NA,NA,NA,NA,NA,NA,NA,NA
NA,770300010,1,1,1,48.8839,2.6293,Brou-sur-Chantereine,Seine-et-Marne,Île-de-France,1,1,Private,1,1,16711,366,366,1,1,NA,NA,NA,NA,NA,NA,NA,NA
NA,780800256,1,1,1,48.8313,2.1272,Le Chesnay,Yvelines,Île-de-France,1,1,General public hospital (CH),1,1,53663,366,366,1,1,NA,NA,NA,NA,NA,NA,NA,NA
NA,060000510,1,1,1,43.6006,7.1216,Antibes,06,Provence-Alpes-Côte d'Azur,1,1,General public hospital (CH),1,1,30325,366,366,1,1,NA,NA,NA,NA,NA,NA,NA,NA
NA,070000013,1,1,1,44.7318,4.5874,Privas,Ardèche,Auvergne-Rhône-Alpes,1,1,General public hospital (CH),1,1,9716,366,366,1,1,NA,NA,NA,NA,NA,NA,NA,NA
NA,590000428,1,1,1,50.1665,3.2292,Cambrai,Nord,Hauts-de-France,1,1,General public hospital (CH),1,1,32417,366,366,1,1,NA,NA,NA,NA,NA,NA,NA,NA
NA,930300082,1,1,1,48.8785,2.4311,Romainville,Seine-Saint-Denis,Île-de-France,1,1,Private,1,1,17585,366,366,1,1,NA,NA,NA,NA,NA,NA,NA,NA
NA,370000580,1,1,1,47.5889,0.9179,Château-Renault,Indre-et-Loire,Centre-Val de Loire,1,1,General public hospital (CH),1,1,1200,306,306,1,1,NA,NA,NA,NA,NA,NA,NA,NA
NA,340780717,1,1,1,43.9324,3.703,Ganges,Gard,Occitanie,1,1,Private,1,1,8121,365,365,1,1,NA,NA,NA,NA,NA,NA,NA,NA
NA,520000027,1,1,1,48.1219,5.1389,Chaumont,Haute-Marne,Grand-Est,1,1,General public hospital (CH),1,1,7369,366,366,1,1,NA,NA,NA,NA,NA,NA,NA,NA
NA,450000286,1,1,1,47.8565,1.9097,Olivet,Loiret,Centre-Val de Loire,1,1,Private,1,1,2140,252,252,1,1,NA,NA,NA,NA,NA,NA,NA,NA
NA,440001113,1,1,1,47.2457,-1.6353,Saint-Herblain,Loire-Atlantique,Pays de la Loire,1,1,Cancer centre (CLCC),1,1,86282,346,346,1,1,NA,NA,NA,NA,NA,NA,NA,NA
NA,670000272,1,1,1,49.0403,7.9333,Wissembourg,67,Grand-Est,1,1,General public hospital (CH),1,1,6152,366,366,1,1,NA,NA,NA,NA,NA,NA,NA,NA
NA,020000394,1,1,1,49.5622,3.6113,Laon,Aisne,Hauts-de-France,1,1,General public hospital (CH),1,1,28255,366,366,1,1,NA,NA,NA,NA,NA,NA,NA,NA
NA,110004942,1,1,1,43.1588,2.9683,Narbonne,Aude,Occitanie,1,1,Private,1,1,925,247,247,1,1,NA,NA,NA,NA,NA,NA,NA,NA
NA,650000045,1,1,1,43.0998,-0.0454,Lourdes,Hautes-Pyrénées,Occitanie,1,1,General public hospital (CH),1,1,9406,366,366,1,1,NA,NA,NA,NA,NA,NA,NA,NA
NA,420010050,1,1,1,45.4146,4.3941,Saint-Étienne,Loire,Auvergne-Rhône-Alpes,1,1,Non-profit facility (PSPH/EBNL),1,1,22318,366,366,1,1,NA,NA,NA,NA,NA,NA,NA,NA
NA,640780946,1,1,1,43.3241,-0.3499,Pau,Pyrénées-Atlantiques,Nouvelle-Aquitaine,1,1,Private,1,1,35311,366,366,1,1,NA,NA,NA,NA,NA,NA,NA,NA
NA,940000649,1,1,1,48.8335,2.5279,Bry-sur-Marne,Seine-Saint-Denis,Île-de-France,1,1,Non-profit facility (PSPH/EBNL),1,1,29386,366,366,1,1,NA,NA,NA,NA,NA,NA,NA,NA
NA,280000449,1,1,1,48.712,1.3554,Vernouillet,Eure-et-Loir,Centre-Val de Loire,1,1,Private,1,1,1210,247,247,1,1,NA,NA,NA,NA,NA,NA,NA,NA
NA,590000592,1,1,1,50.3284,3.3959,Denain,Nord,Hauts-de-France,1,1,General public hospital (CH),1,1,21431,366,366,1,1,NA,NA,NA,NA,NA,NA,NA,NA
NA,350000147,1,1,1,48.6385,-2.0084,Saint-Malo,Ille-et-Vilaine,Bretagne,1,1,General public hospital (CH),1,1,55828,366,366,1,1,NA,NA,NA,NA,NA,NA,NA,NA
NA,350000121,1,1,1,48.1446,-1.6872,Saint-Grégoire,Ille-et-Vilaine,Bretagne,1,1,Private,1,1,72369,366,366,1,1,NA,NA,NA,NA,NA,NA,NA,NA
NA,690000625,1,1,1,45.8899,4.4371,Tarare,Rhône,Auvergne-Rhône-Alpes,1,1,General public hospital (CH),1,1,6439,366,366,1,1,NA,NA,NA,NA,NA,NA,NA,NA
NA,300000031,1,1,1,44.1515,4.6127,Bagnols-sur-Cèze,Gard,Occitanie,1,1,General public hospital (CH),1,1,19675,366,366,1,1,NA,NA,NA,NA,NA,NA,NA,NA
NA,770150043,1,1,1,48.784,2.606,Pontault-Combault,Seine-et-Marne,Île-de-France,1,1,Non-profit facility (PSPH/EBNL),1,1,713,206,206,1,1,NA,NA,NA,NA,NA,NA,NA,NA
NA,260000138,1,1,1,44.5745,4.7824,Montélimar,Drôme,Auvergne-Rhône-Alpes,1,1,General public hospital (CH),1,1,45508,366,366,1,1,NA,NA,NA,NA,NA,NA,NA,NA
NA,500021423,1,1,1,48.8283,-1.568,Granville,Manche,Normandie,1,1,Private,1,1,1141,248,248,1,1,NA,NA,NA,NA,NA,NA,NA,NA
NA,210011847,1,1,1,47.3125,5.0441,Dijon,Côte-d’Or,Bourgogne-Franche-Comté,1,1,Private,1,1,19757,296,296,1,1,NA,NA,NA,NA,NA,NA,NA,NA
NA,710780917,1,1,1,46.7975,4.857,Chalon-sur-Saône,Saône-et-Loire,Bourgogne-Franche-Comté,1,1,Private,1,1,29609,366,366,1,1,NA,NA,NA,NA,NA,NA,NA,NA
NA,010002129,1,1,1,46.1943,5.2319,Bourg-en-Bresse,Ain,Auvergne-Rhône-Alpes,1,1,Private,1,1,1112,248,248,1,1,NA,NA,NA,NA,NA,NA,NA,NA
NA,840000533,1,1,1,44.3823,4.992,Valréas,Vaucluse,Provence-Alpes-Côte d’Azur,1,1,General public hospital (CH),1,1,1784,360,360,1,1,NA,NA,NA,NA,NA,NA,NA,NA
NA,680000684,1,1,1,48.0769,7.3368,Colmar,Haut-Rhin,Grand-Est,1,1,General public hospital (CH),1,1,108537,366,366,1,1,NA,NA,NA,NA,NA,NA,NA,NA
NA,310781505,1,1,1,43.4718,1.3363,Muret,Haute-Garonne,Occitanie,1,1,Private,1,1,44222,366,366,1,1,NA,NA,NA,NA,NA,NA,NA,NA
NA,340781608,1,1,1,43.626,3.9066,Castelnau-le-Lez,Hérault,Occitanie,1,1,Non-profit facility (PSPH/EBNL),1,1,1527,277,277,1,1,NA,NA,NA,NA,NA,NA,NA,NA
NA,950150011,1,1,1,49.0802,2.1076,Ennery,Val-d’Oise,Île-de-France,1,1,Non-profit facility (PSPH/EBNL),1,1,2132,252,252,1,1,NA,NA,NA,NA,NA,NA,NA,NA
NA,500000187,1,1,1,49.6385,-1.6132,Cherbourg-en-Cotentin,Manche,Normandie,1,1,General public hospital (CH),1,1,70462,366,366,1,1,NA,NA,NA,NA,NA,NA,NA,NA
NA,770000131,1,1,1,48.8256,3.0961,Coulommiers,Seine-et-Marne,Île-de-France,1,1,General public hospital (CH),1,1,15652,366,366,1,1,NA,NA,NA,NA,NA,NA,NA,NA
NA,860000033,1,1,1,47.0111,0.0778,Loudun,Vienne,Nouvelle-Aquitaine,1,1,General public hospital (CH),1,1,1216,350,350,1,1,NA,NA,NA,NA,NA,NA,NA,NA
NA,780000287,1,1,1,48.998,1.6765,Mantes-la-Jolie,Yvelines,Île-de-France,1,1,General public hospital (CH),1,1,30686,366,366,1,1,NA,NA,NA,NA,NA,NA,NA,NA
NA,920100062,1,1,1,48.8282,2.2794,Issy-les-Moulineaux,Hauts-de-Seine,Île-de-France,1,1,Regional/University hospital (CHR/U),1,1,7094,339,339,1,1,NA,NA,NA,NA,NA,NA,NA,NA
NA,340000223,1,1,1,43.4071,3.6675,Sète,Hérault,Occitanie,1,1,General public hospital (CH),1,1,21055,366,366,1,1,NA,NA,NA,NA,NA,NA,NA,NA
NA,710002569,1,1,1,46.7959,4.8067,Châtenoy-le-Royal,Saône-et-Loire,Bourgogne-Franche-Comté,1,1,Private,1,1,2188,247,247,1,1,NA,NA,NA,NA,NA,NA,NA,NA
NA,120000039,1,1,1,44.3596,2.5548,Rodez,Aveyron,Occitanie,1,1,General public hospital (CH),1,1,67304,366,366,1,1,NA,NA,NA,NA,NA,NA,NA,NA
NA,910000272,1,1,1,48.5836,2.2435,Arpajon,Essonne,Île-de-France,1,1,General public hospital (CH),1,1,16050,366,366,1,1,NA,NA,NA,NA,NA,NA,NA,NA
NA,290000785,1,1,1,47.8631,-4.223,Pont-l'Abbé,Finistère,Bretagne,1,1,Non-profit facility (PSPH/EBNL),1,1,12340,366,366,1,1,NA,NA,NA,NA,NA,NA,NA,NA
NA,180003345,1,1,1,47.2107,2.0628,Vierzon,Cher,Centre-Val de Loire,1,1,General public hospital (CH),1,1,1089,246,246,1,1,NA,NA,NA,NA,NA,NA,NA,NA
NA,930300595,1,1,1,48.9408,2.5729,Tremblay-en-France,Seine-et-Marne,Île-de-France,1,1,Private,1,1,30810,366,366,1,1,NA,NA,NA,NA,NA,NA,NA,NA
NA,680001617,1,1,1,48.0661,7.3467,Colmar,Haut-Rhin,Grand-Est,1,1,Non-profit facility (PSPH/EBNL),1,1,309,178,178,1,1,NA,NA,NA,NA,NA,NA,NA,NA
NA,330780529,1,1,1,44.8057,-0.6303,Pessac,Gironde,Nouvelle-Aquitaine,1,1,Non-profit facility (PSPH/EBNL),1,1,27678,366,366,1,1,NA,NA,NA,NA,NA,NA,NA,NA
NA,320000110,1,1,1,43.8557,0.6599,Fleurance,Gers,Occitanie,1,1,General public hospital (CH),1,1,758,261,261,1,1,NA,NA,NA,NA,NA,NA,NA,NA
NA,160000279,1,1,1,45.6942,-0.3263,Cognac,Charente,Nouvelle-Aquitaine,1,1,Private,1,1,6657,341,341,1,1,NA,NA,NA,NA,NA,NA,NA,NA
NA,130001225,1,1,1,43.6389,5.1024,Salon-de-Provence,Bouches-du-Rhône,Provence-Alpes-Côte d’Azur,1,1,General public hospital (CH),1,1,26371,366,366,1,1,NA,NA,NA,NA,NA,NA,NA,NA
NA,370000879,1,1,1,47.4062,0.9812,Amboise,Indre-et-Loire,Centre-Val de Loire,1,1,General public hospital (CH),1,1,7434,366,366,1,1,NA,NA,NA,NA,NA,NA,NA,NA
NA,130042526,1,1,1,43.3816,5.5973,La Destrousse,Bouches-du-Rhône,Provence-Alpes-Côte d’Azur,1,1,Private,1,1,2392,255,255,1,1,NA,NA,NA,NA,NA,NA,NA,NA
NA,110000023,1,1,1,43.2192,2.3999,Carcassonne,Aude,Occitanie,1,1,General public hospital (CH),1,1,66587,366,366,1,1,NA,NA,NA,NA,NA,NA,NA,NA
NA,890975527,1,1,1,47.803,3.5531,Auxerre,Yonne,Bourgogne-Franche-Comté,1,1,General public hospital (CH),1,1,48313,366,366,1,1,NA,NA,NA,NA,NA,NA,NA,NA
NA,350000154,1,1,1,48.3584,-1.1935,Fougères,Ille-et-Vilaine,Bretagne,1,1,General public hospital (CH),1,1,14170,366,366,1,1,NA,NA,NA,NA,NA,NA,NA,NA
NA,920100021,1,1,1,48.7899,2.2538,Clamart,Hauts-de-Seine,Île-de-France,1,1,Regional/University hospital (CHR/U),1,1,38522,366,366,1,1,NA,NA,NA,NA,NA,NA,NA,NA
NA,280000662,1,1,1,48.0733,1.3554,Châteaudun,Eure-et-Loir,Centre-Val de Loire,1,1,General public hospital (CH),1,1,11141,366,366,1,1,NA,NA,NA,NA,NA,NA,NA,NA
NA,130786361,1,1,1,43.5025,5.4375,Aix-en-Provence,Bouches-du-Rhône,Provence-Alpes-Côte d’Azur,1,1,Private,1,1,57236,366,366,1,1,NA,NA,NA,NA,NA,NA,NA,NA
NA,690780366,1,1,1,45.7501,4.7976,Lyon,Rhône,Auvergne-Rhône-Alpes,1,1,Private,1,1,20975,343,343,1,1,NA,NA,NA,NA,NA,NA,NA,NA
NA,620101501,1,1,1,50.3801,2.9113,Bois-Bernard,Pas-de-Calais,Hauts-de-France,1,1,Private,1,1,54000,366,366,1,1,NA,NA,NA,NA,NA,NA,NA,NA
NA,620003376,1,1,1,50.4333,2.9485,Hénin-Beaumont,Pas-de-Calais,Hauts-de-France,1,1,Non-profit facility (PSPH/EBNL),1,1,26739,366,366,1,1,NA,NA,NA,NA,NA,NA,NA,NA
NA,670014455,1,1,1,48.5947,7.7084,Strasbourg,Bas-Rhin,Grand-Est,1,1,Private,1,1,17493,314,314,1,1,NA,NA,NA,NA,NA,NA,NA,NA
NA,420782096,1,1,1,45.4271,4.4182,Saint-Étienne,Loire,Auvergne-Rhône-Alpes,1,1,Non-profit facility (PSPH/EBNL),1,1,2086,248,248,1,1,NA,NA,NA,NA,NA,NA,NA,NA
NA,420010241,1,1,1,45.4797,4.3631,Saint-Priest-en-Jarez,Loire,Auvergne-Rhône-Alpes,1,1,General public hospital (CH),1,1,63973,315,315,1,1,NA,NA,NA,NA,NA,NA,NA,NA
NA,540000288,1,1,1,48.7191,6.2661,Seichamps,Meurthe-et-Moselle,Grand-Est,1,1,Private,1,1,885,253,253,1,1,NA,NA,NA,NA,NA,NA,NA,NA
NA,510000169,1,1,1,48.9706,4.3712,Châlons-en-Champagne,Marne,Grand-Est,1,1,General public hospital (CH),1,1,19153,366,366,1,1,NA,NA,NA,NA,NA,NA,NA,NA
NA,340780485,1,1,1,43.6278,3.8581,Montpellier,Hérault,Occitanie,1,1,Regional/University hospital (CHR/U),1,1,2691,348,348,1,1,NA,NA,NA,NA,NA,NA,NA,NA
NA,690784178,1,1,1,45.7482,4.897,Lyon,Rhône,Auvergne-Rhône-Alpes,1,1,Regional/University hospital (CHR/U),1,1,29602,366,366,1,1,NA,NA,NA,NA,NA,NA,NA,NA
NA,840014849,1,1,1,43.9222,4.8029,Avignon,Vaucluse,Provence-Alpes-Côte d’Azur,1,1,Private,1,1,1751,253,253,1,1,NA,NA,NA,NA,NA,NA,NA,NA
NA,630000438,1,1,1,45.8903,3.1124,Riom,Puy-de-Dôme,Auvergne-Rhône-Alpes,1,1,General public hospital (CH),1,1,12312,366,366,1,1,NA,NA,NA,NA,NA,NA,NA,NA
NA,510000516,1,1,1,49.2264,4.0229,Reims,Marne,Grand-Est,1,1,Cancer centre (CLCC),1,1,57732,358,358,1,1,NA,NA,NA,NA,NA,NA,NA,NA
NA,540001070,1,1,1,49.2527,5.937,Val de Briey,Meurthe-et-Moselle,Grand-Est,1,1,General public hospital (CH),1,1,8746,366,366,1,1,NA,NA,NA,NA,NA,NA,NA,NA
NA,910000306,1,1,1,48.6987,2.1872,Orsay,Essonne,Île-de-France,1,1,General public hospital (CH),1,1,4296,157,157,1,1,NA,NA,NA,NA,NA,NA,NA,NA
NA,940100068,1,1,1,48.7949,2.3634,Villejuif,Val-de-Marne,Île-de-France,1,1,Regional/University hospital (CHR/U),1,1,20075,358,358,1,1,NA,NA,NA,NA,NA,NA,NA,NA
NA,750100109,1,1,1,48.8432,2.4054,Paris 12e Arrondissement,Val-de-Marne,Île-de-France,1,1,Regional/University hospital (CHR/U),1,1,39078,366,366,1,1,NA,NA,NA,NA,NA,NA,NA,NA
NA,280000431,1,1,1,48.4668,1.5381,Gasville-Oisème,Eure-et-Loir,Centre-Val de Loire,1,1,Private,1,1,699,246,246,1,1,NA,NA,NA,NA,NA,NA,NA,NA
NA,290000181,1,1,1,48.0839,-4.3181,Douarnenez,Finistère,Bretagne,1,1,General public hospital (CH),1,1,12162,366,366,1,1,NA,NA,NA,NA,NA,NA,NA,NA
NA,670000165,1,1,1,48.7473,7.3513,Saverne,Bas-Rhin,Grand-Est,1,1,General public hospital (CH),1,1,19006,366,366,1,1,NA,NA,NA,NA,NA,NA,NA,NA
NA,660780628,1,1,1,42.4934,2.7565,Céret,Pyrénées-Orientales,Occitanie,1,1,Private,1,1,3961,351,351,1,1,NA,NA,NA,NA,NA,NA,NA,NA
NA,570000059,1,1,1,49.1818,6.9119,Forbach,Moselle,Grand-Est,1,1,General public hospital (CH),1,1,16117,366,366,1,1,NA,NA,NA,NA,NA,NA,NA,NA
NA,600000467,1,1,1,49.2487,2.4625,Creil,Oise,Hauts-de-France,1,1,General public hospital (CH),1,1,44460,366,366,1,1,NA,NA,NA,NA,NA,NA,NA,NA
NA,600100754,1,1,1,49.4032,2.8087,Compiègne,Oise,Hauts-de-France,1,1,Private,1,1,51251,366,366,1,1,NA,NA,NA,NA,NA,NA,NA,NA
NA,860000223,1,1,1,46.5586,0.384,Poitiers,Vienne,Nouvelle-Aquitaine,1,1,Regional/University hospital (CHR/U),1,1,165386,366,366,1,1,NA,NA,NA,NA,NA,NA,NA,NA
NA,620000653,1,1,1,50.7225,1.6309,Saint-Martin-Boulogne,Pas-de-Calais,Hauts-de-France,1,1,General public hospital (CH),1,1,81513,366,366,1,1,NA,NA,NA,NA,NA,NA,NA,NA
NA,170780563,1,1,1,45.6533,-1.0235,Royan,Charente-Maritime,Nouvelle-Aquitaine,1,1,Private,1,1,13881,365,365,1,1,NA,NA,NA,NA,NA,NA,NA,NA
NA,050000637,1,1,1,44.9111,6.6294,Briançon,Hautes-Alpes,Provence-Alpes-Côte d’Azur,1,1,Private,1,1,388,204,204,1,1,NA,NA,NA,NA,NA,NA,NA,NA
NA,690023411,1,1,1,45.7345,4.8759,Lyon,Rhône,Auvergne-Rhône-Alpes,1,1,Private,1,1,56179,366,366,1,1,NA,NA,NA,NA,NA,NA,NA,NA
NA,940100050,1,1,1,48.7503,2.483,Limeil-Brévannes,Val-de-Marne,Île-de-France,1,1,Regional/University hospital (CHR/U),1,1,4865,363,363,1,1,NA,NA,NA,NA,NA,NA,NA,NA
NA,130782303,1,1,1,43.3914,5.575,Peypin,Bouches-du-Rhône,Provence-Alpes-Côte d’Azur,1,1,Private,1,1,652,237,237,1,1,NA,NA,NA,NA,NA,NA,NA,NA
NA,010000032,1,1,1,45.7483,5.6799,Belley,Ain,Auvergne-Rhône-Alpes,1,1,General public hospital (CH),1,1,8394,366,366,1,1,NA,NA,NA,NA,NA,NA,NA,NA
NA,590000188,1,1,1,50.6137,3.0333,Lille,Nord,Hauts-de-France,1,1,Cancer centre (CLCC),1,1,87271,351,351,1,1,NA,NA,NA,NA,NA,NA,NA,NA
NA,430000307,1,1,1,45.0944,3.4941,Langeac,Haute-Loire,Auvergne-Rhône-Alpes,1,1,General public hospital (CH),1,1,278,181,181,1,1,NA,NA,NA,NA,NA,NA,NA,NA
NA,570000455,1,1,1,48.8253,6.506,Château-Salins,Moselle,Grand-Est,1,1,Non-profit facility (PSPH/EBNL),1,1,1261,250,250,1,1,NA,NA,NA,NA,NA,NA,NA,NA
NA,130804297,1,1,1,43.2922,5.4021,Marseille,Bouches-du-Rhône,Provence-Alpes-Côte d’Azur,1,1,Regional/University hospital (CHR/U),1,1,27468,366,366,1,1,NA,NA,NA,NA,NA,NA,NA,NA
NA,020001061,1,1,1,49.0507,3.4078,Château-Thierry,Aisne,Hauts-de-France,1,1,General public hospital (CH),1,1,15066,366,366,1,1,NA,NA,NA,NA,NA,NA,NA,NA
NA,710977307,1,1,1,46.4823,5.2429,Varennes-Saint-Sauveur,Saône-et-Loire,Bourgogne-Franche-Comté,1,1,Private,1,1,788,242,242,1,1,NA,NA,NA,NA,NA,NA,NA,NA
NA,070000179,1,1,1,45.2421,4.6652,Annonay,Ardèche,Auvergne-Rhône-Alpes,1,1,General public hospital (CH),1,1,35783,366,366,1,1,NA,NA,NA,NA,NA,NA,NA,NA
NA,690780648,1,1,1,45.7879,4.7876,Lyon,Rhône,Auvergne-Rhône-Alpes,1,1,Private,1,1,39480,366,366,1,1,NA,NA,NA,NA,NA,NA,NA,NA
NA,110000247,1,1,1,43.1949,2.7585,Lézignan-Corbières,Aude,Occitanie,1,1,General public hospital (CH),1,1,1707,315,315,1,1,NA,NA,NA,NA,NA,NA,NA,NA
NA,930006648,1,1,1,48.9063,2.4628,Bobigny,Seine-Saint-Denis,Île-de-France,1,1,Private,1,1,1737,252,252,1,1,NA,NA,NA,NA,NA,NA,NA,NA
NA,080000219,1,1,1,49.5106,4.3639,Rethel,Ardennes,Grand-Est,1,1,General public hospital (CH),1,1,6822,366,366,1,1,NA,NA,NA,NA,NA,NA,NA,NA
NA,740014519,1,1,1,46.1793,6.2445,Vétraz-Monthoux,Haute-Savoie,Auvergne-Rhône-Alpes,1,1,Private,1,1,1824,254,254,1,1,NA,NA,NA,NA,NA,NA,NA,NA
NA,210780276,1,1,1,47.3611,5.0511,Dijon,Côte-d’Or,Bourgogne-Franche-Comté,1,1,Private,1,1,1109,241,241,1,1,NA,NA,NA,NA,NA,NA,NA,NA
NA,140000076,1,1,1,49.019,-0.6326,Les Monts d'Aunay,Calvados,Normandie,1,1,General public hospital (CH),1,1,639,224,224,1,1,NA,NA,NA,NA,NA,NA,NA,NA
NA,430000190,1,1,1,45.2962,3.3821,Brioude,Haute-Loire,Auvergne-Rhône-Alpes,1,1,General public hospital (CH),1,1,7685,366,366,1,1,NA,NA,NA,NA,NA,NA,NA,NA
NA,830100608,1,1,1,43.1106,5.8707,La Seyne-sur-Mer,Var,Provence-Alpes-Côte d’Azur,1,1,General public hospital (CH),1,1,10120,366,366,1,1,NA,NA,NA,NA,NA,NA,NA,NA
NA,450002613,1,1,1,47.8348,1.922,Orléans,Loiret,Centre-Val de Loire,1,1,Regional/University hospital (CHR/U),1,1,123251,366,366,1,1,NA,NA,NA,NA,NA,NA,NA,NA
NA,800009466,1,1,1,49.8717,2.2973,Amiens,Somme,Hauts-de-France,1,1,Private,1,1,14809,356,356,1,1,NA,NA,NA,NA,NA,NA,NA,NA
NA,600100861,1,1,1,49.6313,2.2985,Breteuil,Oise,Hauts-de-France,1,1,Private,1,1,2331,254,254,1,1,NA,NA,NA,NA,NA,NA,NA,NA
NA,020000535,1,1,1,49.6156,3.2195,Chauny,Aisne,Hauts-de-France,1,1,General public hospital (CH),1,1,11052,366,366,1,1,NA,NA,NA,NA,NA,NA,NA,NA
NA,210780292,1,1,1,47.3006,5.0194,Dijon,Côte-d’Or,Bourgogne-Franche-Comté,1,1,Private,1,1,2882,253,253,1,1,NA,NA,NA,NA,NA,NA,NA,NA
NA,590788964,1,1,1,50.2841,3.9879,Maubeuge,Nord,Hauts-de-France,1,1,Private,1,1,12407,263,263,1,1,NA,NA,NA,NA,NA,NA,NA,NA
NA,360000137,1,1,1,46.7988,1.6979,Châteauroux,Indre,Centre-Val de Loire,1,1,General public hospital (CH),1,1,27777,366,366,1,1,NA,NA,NA,NA,NA,NA,NA,NA
NA,140025255,1,1,1,49.1476,-0.3576,Ifs,Calvados,Normandie,1,1,Private,1,1,1746,255,255,1,1,NA,NA,NA,NA,NA,NA,NA,NA
NA,860791268,1,1,1,46.1506,0.3031,Civray,Vienne,Nouvelle-Aquitaine,1,1,Private,1,1,1047,243,243,1,1,NA,NA,NA,NA,NA,NA,NA,NA
NA,440036499,1,1,1,47.1945,-1.5492,Rezé,Loire-Atlantique,Pays de la Loire,1,1,Private,1,1,3226,302,302,1,1,NA,NA,NA,NA,NA,NA,NA,NA
NA,690780150,1,1,1,45.8413,4.6159,L'Arbresle,Rhône,Auvergne-Rhône-Alpes,1,1,Non-profit facility (PSPH/EBNL),1,1,1180,243,243,1,1,NA,NA,NA,NA,NA,NA,NA,NA
NA,600100671,1,1,1,49.5334,1.9868,Saint-Omer-en-Chaussée,Oise,Hauts-de-France,1,1,Non-profit facility (PSPH/EBNL),1,1,1245,249,249,1,1,NA,NA,NA,NA,NA,NA,NA,NA
NA,880000062,1,1,1,48.0142,6.5924,Remiremont,Vosges,Grand-Est,1,1,General public hospital (CH),1,1,10535,366,366,1,1,NA,NA,NA,NA,NA,NA,NA,NA
NA,620000349,1,1,1,50.7,2.2443,Helfaut,Pas-de-Calais,Hauts-de-France,1,1,General public hospital (CH),1,1,29525,366,366,1,1,NA,NA,NA,NA,NA,NA,NA,NA
NA,130781479,1,1,1,43.2764,5.5312,Aubagne,Bouches-du-Rhône,Provence-Alpes-Côte d’Azur,1,1,Private,1,1,31437,366,366,1,1,NA,NA,NA,NA,NA,NA,NA,NA
NA,720016179,1,1,1,47.7743,-0.2068,Le Bailleul,Sarthe,Pays de la Loire,1,1,General public hospital (CH),1,1,6112,359,359,1,1,NA,NA,NA,NA,NA,NA,NA,NA
NA,890973258,1,1,1,48.1945,3.3008,Sens,Yonne,Bourgogne-Franche-Comté,1,1,General public hospital (CH),1,1,596,254,254,1,1,NA,NA,NA,NA,NA,NA,NA,NA
NA,140017237,1,1,1,49.1981,-0.3813,Caen,Calvados,Normandie,1,1,Private,1,1,55440,366,366,1,1,NA,NA,NA,NA,NA,NA,NA,NA
NA,630000420,1,1,1,45.5411,3.2513,Issoire,Puy-de-Dôme,Auvergne-Rhône-Alpes,1,1,General public hospital (CH),1,1,10893,366,366,1,1,NA,NA,NA,NA,NA,NA,NA,NA
NA,760780791,1,1,1,49.4874,0.1355,Le Havre,76,Normandie,1,1,Private,1,1,14497,366,366,1,1,NA,NA,NA,NA,NA,NA,NA,NA
NA,120000054,1,1,1,44.3389,2.0327,Villefranche-de-Rouergue,Aveyron,Occitanie,1,1,General public hospital (CH),1,1,15046,366,366,1,1,NA,NA,NA,NA,NA,NA,NA,NA
NA,830100251,1,1,1,43.1073,5.8619,La Seyne-sur-Mer,Var,Provence-Alpes-Côte d’Azur,1,1,Private,1,1,15818,353,353,1,1,NA,NA,NA,NA,NA,NA,NA,NA
NA,080010523,1,1,1,49.7689,4.7214,Charleville-Mézières,Ardennes,Grand-Est,1,1,Private,1,1,831,231,231,1,1,NA,NA,NA,NA,NA,NA,NA,NA
NA,620000323,1,1,1,50.9393,1.8935,Calais,62,Hauts-de-France,1,1,General public hospital (CH),1,1,32499,366,366,1,1,NA,NA,NA,NA,NA,NA,NA,NA
NA,840018337,1,1,1,43.8623,5.3625,Apt,Vaucluse,Provence-Alpes-Côte d’Azur,1,1,General public hospital (CH),1,1,911,319,319,1,1,NA,NA,NA,NA,NA,NA,NA,NA
NA,180000283,1,1,1,46.7253,2.496,Saint-Amand-Montrond,Cher,Centre-Val de Loire,1,1,General public hospital (CH),1,1,5033,366,366,1,1,NA,NA,NA,NA,NA,NA,NA,NA
NA,440000396,1,1,1,47.3748,-1.1734,Ancenis,Loire-Atlantique,Pays de la Loire,1,1,General public hospital (CH),1,1,8273,366,366,1,1,NA,NA,NA,NA,NA,NA,NA,NA
NA,790000087,1,1,1,46.3156,-0.4585,Niort,Deux-Sèvres,Nouvelle-Aquitaine,1,1,General public hospital (CH),1,1,87468,366,366,1,1,NA,NA,NA,NA,NA,NA,NA,NA
NA,310020938,1,1,1,43.5816,1.5209,Quint-Fonsegrives,Haute-Garonne,Occitanie,1,1,Private,1,1,1353,252,252,1,1,NA,NA,NA,NA,NA,NA,NA,NA
NA,890002389,1,1,1,47.8124,3.5661,Auxerre,Yonne,Bourgogne-Franche-Comté,1,1,Private,1,1,17406,351,351,1,1,NA,NA,NA,NA,NA,NA,NA,NA
NA,680000494,1,1,1,47.7493,7.3307,Mulhouse,Haut-Rhin,Grand-Est,1,1,Private,1,1,23699,366,366,1,1,NA,NA,NA,NA,NA,NA,NA,NA
NA,540000163,1,1,1,48.6985,6.1727,Nancy,Meurthe-et-Moselle,Grand-Est,1,1,General public hospital (CH),1,1,13671,366,366,1,1,NA,NA,NA,NA,NA,NA,NA,NA
NA,750100208,1,1,1,48.8461,2.3145,Paris 15e Arrondissement,Paris,Île-de-France,1,1,Regional/University hospital (CHR/U),1,1,71118,366,366,1,1,NA,NA,NA,NA,NA,NA,NA,NA
NA,120000070,1,1,1,44.5691,2.2519,Decazeville,Aveyron,Occitanie,1,1,General public hospital (CH),1,1,1633,344,344,1,1,NA,NA,NA,NA,NA,NA,NA,NA
NA,380782722,1,1,1,45.1473,5.7285,Échirolles,Isère,Auvergne-Rhône-Alpes,1,1,Regional/University hospital (CHR/U),1,1,10481,366,366,1,1,NA,NA,NA,NA,NA,NA,NA,NA
NA,590784864,1,1,1,50.6092,3.0327,Lille,Nord,Hauts-de-France,1,1,Regional/University hospital (CHR/U),1,1,1767,329,329,1,1,NA,NA,NA,NA,NA,NA,NA,NA
NA,300788502,1,1,1,43.8166,4.3561,Nîmes,Gard,Occitanie,1,1,Private,1,1,38409,366,366,1,1,NA,NA,NA,NA,NA,NA,NA,NA
NA,620000240,1,1,1,50.4299,2.9461,Hénin-Beaumont,Pas-de-Calais,Hauts-de-France,1,1,General public hospital (CH),1,1,5244,330,330,1,1,NA,NA,NA,NA,NA,NA,NA,NA
NA,690805361,1,1,1,45.7498,4.8355,Lyon,Rhône,Auvergne-Rhône-Alpes,1,1,Non-profit facility (PSPH/EBNL),1,1,36163,366,366,1,1,NA,NA,NA,NA,NA,NA,NA,NA
NA,780300083,1,1,1,48.9206,1.7658,Goussonville,Yvelines,Île-de-France,1,1,Private,1,1,1751,259,259,1,1,NA,NA,NA,NA,NA,NA,NA,NA
NA,640000410,1,1,1,43.1944,-0.6052,Oloron-Sainte-Marie,Pyrénées-Atlantiques,Nouvelle-Aquitaine,1,1,General public hospital (CH),1,1,7402,366,366,1,1,NA,NA,NA,NA,NA,NA,NA,NA
NA,760783522,1,1,1,49.4658,1.1164,Bois-Guillaume,Seine-Maritime,Normandie,1,1,Regional/University hospital (CHR/U),1,1,25642,359,359,1,1,NA,NA,NA,NA,NA,NA,NA,NA
NA,930000286,1,1,1,48.8982,2.5743,Montfermeil,Seine-Saint-Denis,Île-de-France,1,1,General public hospital (CH),1,1,44437,366,366,1,1,NA,NA,NA,NA,NA,NA,NA,NA
NA,780000337,1,1,1,48.898,2.0854,Saint-Germain-en-Laye,Yvelines,Île-de-France,1,1,General public hospital (CH),1,1,24106,254,254,1,1,NA,NA,NA,NA,NA,NA,NA,NA
NA,830213856,1,1,1,43.122,6.1199,Hyères,Var,Provence-Alpes-Côte d’Azur,1,1,General public hospital (CH),1,1,279,166,166,1,1,NA,NA,NA,NA,NA,NA,NA,NA
NA,030000087,1,1,1,46.1281,3.4339,Vichy,Allier,Auvergne-Rhône-Alpes,1,1,General public hospital (CH),1,1,45027,366,366,1,1,NA,NA,NA,NA,NA,NA,NA,NA
NA,460000110,1,1,1,44.4447,1.4368,Cahors,Lot,Occitanie,1,1,General public hospital (CH),1,1,32449,366,366,1,1,NA,NA,NA,NA,NA,NA,NA,NA
NA,950500017,1,1,1,49.0726,1.7728,Aincourt,Val-d’Oise,Île-de-France,1,1,General public hospital (CH),1,1,2178,247,247,1,1,NA,NA,NA,NA,NA,NA,NA,NA
NA,830100434,1,1,1,43.1237,5.9472,Toulon,Var,Provence-Alpes-Côte d’Azur,1,1,Private,1,1,48468,366,366,1,1,NA,NA,NA,NA,NA,NA,NA,NA
NA,330780479,1,1,1,44.8633,-0.5806,Bordeaux,Gironde,Nouvelle-Aquitaine,1,1,Private,1,1,63184,366,366,1,1,NA,NA,NA,NA,NA,NA,NA,NA
NA,620000257,1,1,1,50.4395,2.8208,Lens,Pas-de-Calais,Hauts-de-France,1,1,General public hospital (CH),1,1,70687,366,366,1,1,NA,NA,NA,NA,NA,NA,NA,NA
NA,830000337,1,1,1,43.2286,6.5855,Gassin,Var,Provence-Alpes-Côte d’Azur,1,1,General public hospital (CH),1,1,4877,365,365,1,1,NA,NA,NA,NA,NA,NA,NA,NA
NA,600113476,1,1,1,49.3874,2.7904,Compiègne,Oise,Hauts-de-France,1,1,General public hospital (CH),1,1,37101,366,366,1,1,NA,NA,NA,NA,NA,NA,NA,NA
NA,690044649,1,1,1,46.0056,4.6908,Gleizé,Rhône,Auvergne-Rhône-Alpes,1,1,Cancer centre (CLCC),1,1,12057,246,246,1,1,NA,NA,NA,NA,NA,NA,NA,NA
NA,570000596,1,1,1,49.1116,6.1912,Metz,Moselle,Grand-Est,1,1,General public hospital (CH),1,1,6780,366,366,1,1,NA,NA,NA,NA,NA,NA,NA,NA
NA,700780059,1,1,1,47.8219,6.3787,Luxeuil-les-Bains,Haute-Saône,Bourgogne-Franche-Comté,1,1,General public hospital (CH),1,1,1504,322,322,1,1,NA,NA,NA,NA,NA,NA,NA,NA
NA,640780490,1,1,1,43.4857,-1.5395,Biarritz,Pyrénées-Atlantiques,Nouvelle-Aquitaine,1,1,Private,1,1,26590,366,366,1,1,NA,NA,NA,NA,NA,NA,NA,NA
NA,910800986,1,1,1,48.6993,2.1875,Orsay,Essonne,Île-de-France,1,1,General public hospital (CH),1,1,390,202,202,1,1,NA,NA,NA,NA,NA,NA,NA,NA
NA,650000052,1,1,1,43.0668,0.1465,Bagnères-de-Bigorre,Hautes-Pyrénées,Occitanie,1,1,General public hospital (CH),1,1,3678,336,336,1,1,NA,NA,NA,NA,NA,NA,NA,NA
NA,310790472,1,1,1,43.5431,1.5406,Saint-Orens-de-Gameville,Haute-Garonne,Occitanie,1,1,Private,1,1,2197,333,333,1,1,NA,NA,NA,NA,NA,NA,NA,NA
NA,950000331,1,1,1,48.9947,2.4488,Gonesse,Val-d’Oise,Île-de-France,1,1,General public hospital (CH),1,1,38073,366,366,1,1,NA,NA,NA,NA,NA,NA,NA,NA
NA,680004546,1,1,1,47.7505,7.336,Mulhouse,Haut-Rhin,Grand-Est,1,1,General public hospital (CH),1,1,124542,366,366,1,1,NA,NA,NA,NA,NA,NA,NA,NA
NA,750300493,1,1,1,48.8298,2.3101,Paris 14e Arrondissement,Paris,Île-de-France,1,1,Private,1,1,5194,274,274,1,1,NA,NA,NA,NA,NA,NA,NA,NA
NA,590797353,1,1,1,50.618,3.073,Lille,Nord,Hauts-de-France,1,1,Non-profit facility (PSPH/EBNL),1,1,56355,366,366,1,1,NA,NA,NA,NA,NA,NA,NA,NA
NA,720000199,1,1,1,48.0187,0.1622,Le Mans,Sarthe,Pays de la Loire,1,1,Private,1,1,25025,366,366,1,1,NA,NA,NA,NA,NA,NA,NA,NA
NA,670780113,1,1,1,48.6007,7.7513,Schiltigheim,Bas-Rhin,Grand-Est,1,1,Regional/University hospital (CHR/U),1,1,12324,366,366,1,1,NA,NA,NA,NA,NA,NA,NA,NA
NA,460000052,1,1,1,44.8625,1.889,Saint-Céré,Lot,Occitanie,1,1,General public hospital (CH),1,1,2221,365,365,1,1,NA,NA,NA,NA,NA,NA,NA,NA
NA,780300455,1,1,1,48.9566,1.8472,Aubergenville,Yvelines,Île-de-France,1,1,Private,1,1,14368,365,365,1,1,NA,NA,NA,NA,NA,NA,NA,NA
NA,340015965,1,1,1,43.3666,3.2548,Boujan-sur-Libron,Hérault,Occitanie,1,1,Private,1,1,32239,366,366,1,1,NA,NA,NA,NA,NA,NA,NA,NA
NA,610000069,1,1,1,48.7466,-0.0163,Argentan,Orne,Normandie,1,1,General public hospital (CH),1,1,17652,366,366,1,1,NA,NA,NA,NA,NA,NA,NA,NA
NA,340022979,1,1,1,43.583,3.8619,Montpellier,Hérault,Occitanie,1,1,Private,1,1,38176,366,366,1,1,NA,NA,NA,NA,NA,NA,NA,NA
NA,130783723,1,1,1,43.2735,5.3871,Marseille,Bouches-du-Rhône,Provence-Alpes-Côte d’Azur,1,1,Private,1,1,21367,302,302,1,1,NA,NA,NA,NA,NA,NA,NA,NA
NA,350002911,1,1,1,48.524,-1.7713,Baguer-Morvan,Ille-et-Vilaine,Bretagne,1,1,Non-profit facility (PSPH/EBNL),1,1,395,214,214,1,1,NA,NA,NA,NA,NA,NA,NA,NA
NA,190000026,1,1,1,45.2706,1.7694,Tulle,Corrèze,Nouvelle-Aquitaine,1,1,General public hospital (CH),1,1,14090,366,366,1,1,NA,NA,NA,NA,NA,NA,NA,NA
NA,240000687,1,1,1,44.8989,1.2215,Sarlat-la-Canéda,Dordogne,Nouvelle-Aquitaine,1,1,General public hospital (CH),1,1,5193,364,364,1,1,NA,NA,NA,NA,NA,NA,NA,NA
NA,150000032,1,1,1,45.0336,3.0828,Saint-Flour,Cantal,Auvergne-Rhône-Alpes,1,1,General public hospital (CH),1,1,4063,366,366,1,1,NA,NA,NA,NA,NA,NA,NA,NA
NA,750003378,1,1,1,48.8857,2.3877,Paris 19e Arrondissement,Seine-Saint-Denis,Île-de-France,1,1,Private,1,1,746,234,234,1,1,NA,NA,NA,NA,NA,NA,NA,NA
NA,770023059,1,1,1,48.9584,2.8695,Meaux,Seine-et-Marne,Île-de-France,1,1,Private,1,1,1423,251,251,1,1,NA,NA,NA,NA,NA,NA,NA,NA
NA,490000262,1,1,1,47.4568,-0.5135,Trélazé,Maine-et-Loire,Pays de la Loire,1,1,Private,1,1,25938,365,365,1,1,NA,NA,NA,NA,NA,NA,NA,NA
NA,290036540,1,1,1,48.017,-4.0758,Quimper,Finistère,Bretagne,1,1,Private,1,1,33550,355,355,1,1,NA,NA,NA,NA,NA,NA,NA,NA
NA,910015965,1,1,1,48.6671,2.3736,Viry-Châtillon,Essonne,Île-de-France,1,1,Private,1,1,2460,341,341,1,1,NA,NA,NA,NA,NA,NA,NA,NA
NA,140026410,1,1,1,49.3826,0.1307,Cricquebœuf,14,Normandie,1,1,General public hospital (CH),1,1,5043,366,366,1,1,NA,NA,NA,NA,NA,NA,NA,NA
NA,730000247,1,1,1,45.6168,6.7644,Bourg-Saint-Maurice,Savoie,Auvergne-Rhône-Alpes,1,1,General public hospital (CH),1,1,6011,366,366,1,1,NA,NA,NA,NA,NA,NA,NA,NA
NA,830100582,1,1,1,43.125,5.9871,La Valette-du-Var,Var,Provence-Alpes-Côte d’Azur,1,1,Non-profit facility (PSPH/EBNL),1,1,38348,262,262,1,1,NA,NA,NA,NA,NA,NA,NA,NA
NA,920000585,1,1,1,48.8907,2.2618,Neuilly-sur-Seine,Hauts-de-Seine,Île-de-France,1,1,General public hospital (CH),1,1,13194,366,366,1,1,NA,NA,NA,NA,NA,NA,NA,NA
NA,850000225,1,1,1,46.971,-1.3108,Montaigu,Vendée,Pays de la Loire,1,1,General public hospital (CH),1,1,7100,364,364,1,1,NA,NA,NA,NA,NA,NA,NA,NA
NA,300780442,1,1,1,43.9754,3.5804,Molières-Cavaillac,Gard,Occitanie,1,1,Private,1,1,532,212,212,1,1,NA,NA,NA,NA,NA,NA,NA,NA
NA,510000235,1,1,1,49.0438,3.9587,Épernay,Marne,Grand-Est,1,1,General public hospital (CH),1,1,12576,366,366,1,1,NA,NA,NA,NA,NA,NA,NA,NA
NA,370000218,1,1,1,47.3593,0.6659,Joué-lès-Tours,Indre-et-Loire,Centre-Val de Loire,1,1,Non-profit facility (PSPH/EBNL),1,1,924,238,238,1,1,NA,NA,NA,NA,NA,NA,NA,NA
NA,940120017,1,1,1,48.8455,2.4269,Saint-Mandé,Val-de-Marne,Île-de-France,1,1,General public hospital (CH),1,1,17851,366,366,1,1,NA,NA,NA,NA,NA,NA,NA,NA
NA,540026994,1,1,1,48.9059,6.0511,Pont-à-Mousson,Meurthe-et-Moselle,Grand-Est,1,1,Regional/University hospital (CHR/U),1,1,63,51,51,1,1,NA,NA,NA,NA,NA,NA,NA,NA
NA,680001195,1,1,1,48.0639,7.3643,Colmar,Haut-Rhin,Grand-Est,1,1,Non-profit facility (PSPH/EBNL),1,1,22030,365,365,1,1,NA,NA,NA,NA,NA,NA,NA,NA
NA,670018068,1,1,1,48.5713,7.7937,Strasbourg,Bas-Rhin,Grand-Est,1,1,Private,1,1,65798,366,366,1,1,NA,NA,NA,NA,NA,NA,NA,NA
NA,640780748,1,1,1,43.3977,-1.6396,Saint-Jean-de-Luz,Pyrénées-Atlantiques,Nouvelle-Aquitaine,1,1,Private,1,1,18087,366,366,1,1,NA,NA,NA,NA,NA,NA,NA,NA
NA,310780259,1,1,1,43.5952,1.4172,Toulouse,Haute-Garonne,Occitanie,1,1,Private,1,1,65387,366,366,1,1,NA,NA,NA,NA,NA,NA,NA,NA
NA,330780271,1,1,1,44.8173,-0.6787,Mérignac,Gironde,Nouvelle-Aquitaine,1,1,Private,1,1,15537,316,316,1,1,NA,NA,NA,NA,NA,NA,NA,NA
NA,2B0000012,1,1,1,42.6815,9.4335,Bastia,Haute-Corse,Corse,1,1,General public hospital (CH),1,1,37364,366,366,1,1,NA,NA,NA,NA,NA,NA,NA,NA
NA,340780642,1,1,1,43.6103,3.8506,Montpellier,Hérault,Occitanie,1,1,Non-profit facility (PSPH/EBNL),1,1,28429,365,365,1,1,NA,NA,NA,NA,NA,NA,NA,NA
NA,220000475,1,1,1,48.4704,-2.8043,Ploufragan,Côtes-d’Armor,Bretagne,1,1,Non-profit facility (PSPH/EBNL),1,1,1363,250,250,1,1,NA,NA,NA,NA,NA,NA,NA,NA
NA,850000233,1,1,1,46.6953,-1.9239,Saint-Gilles-Croix-de-Vie,Vendée,Pays de la Loire,1,1,General public hospital (CH),1,1,431,216,216,1,1,NA,NA,NA,NA,NA,NA,NA,NA
NA,690019849,1,1,1,45.7405,4.8772,Lyon,Rhône,Auvergne-Rhône-Alpes,1,1,Regional/University hospital (CHR/U),1,1,2637,324,324,1,1,NA,NA,NA,NA,NA,NA,NA,NA
NA,890975543,1,1,1,47.9804,3.3954,Joigny,Yonne,Bourgogne-Franche-Comté,1,1,General public hospital (CH),1,1,4199,366,366,1,1,NA,NA,NA,NA,NA,NA,NA,NA
NA,780000295,1,1,1,49.0029,1.9112,Meulan-en-Yvelines,Yvelines,Île-de-France,1,1,General public hospital (CH),1,1,8818,366,366,1,1,NA,NA,NA,NA,NA,NA,NA,NA
NA,300780285,1,1,1,43.8338,4.3228,Nîmes,Gard,Occitanie,1,1,Private,1,1,1381,252,252,1,1,NA,NA,NA,NA,NA,NA,NA,NA
NA,440033819,1,1,1,47.2265,-1.6128,Saint-Herblain,Loire-Atlantique,Pays de la Loire,1,1,Private,1,1,92795,366,366,1,1,NA,NA,NA,NA,NA,NA,NA,NA
NA,330780495,1,1,1,45.3041,-0.9373,Lesparre-Médoc,Gironde,Nouvelle-Aquitaine,1,1,Non-profit facility (PSPH/EBNL),1,1,14485,366,366,1,1,NA,NA,NA,NA,NA,NA,NA,NA
NA,660781097,1,1,1,42.4763,2.6646,Amélie-les-Bains-Palalda,Pyrénées-Orientales,Occitanie,1,1,Private,1,1,377,184,184,1,1,NA,NA,NA,NA,NA,NA,NA,NA
NA,590001749,1,1,1,51.0047,2.291,Grande-Synthe,Nord,Hauts-de-France,1,1,Non-profit facility (PSPH/EBNL),1,1,6580,362,362,1,1,NA,NA,NA,NA,NA,NA,NA,NA
NA,040780389,1,1,1,43.8295,5.7864,Manosque,Alpes-de-Haute-Provence,Provence-Alpes-Côte d’Azur,1,1,Private,1,1,612,228,228,1,1,NA,NA,NA,NA,NA,NA,NA,NA
NA,170000095,1,1,1,45.9466,-0.5291,Saint-Jean-d'Angély,Charente-Maritime,Nouvelle-Aquitaine,1,1,General public hospital (CH),1,1,7356,364,364,1,1,NA,NA,NA,NA,NA,NA,NA,NA
NA,280506015,1,1,1,48.2865,1.2242,Illiers-Combray,Eure-et-Loir,Centre-Val de Loire,1,1,Private,1,1,588,85,85,1,1,NA,NA,NA,NA,NA,NA,NA,NA
NA,310021571,1,1,1,43.6254,1.4399,Toulouse,Haute-Garonne,Occitanie,1,1,Private,1,1,2425,255,255,1,1,NA,NA,NA,NA,NA,NA,NA,NA
NA,110780483,1,1,1,43.2277,2.2852,Carcassonne,Aude,Occitanie,1,1,Private,1,1,21976,366,366,1,1,NA,NA,NA,NA,NA,NA,NA,NA
NA,830100087,1,1,1,43.4337,6.7922,Saint-Raphaël,Var,Provence-Alpes-Côte d’Azur,1,1,Private,1,1,1512,299,299,1,1,NA,NA,NA,NA,NA,NA,NA,NA
NA,520000043,1,1,1,47.8663,5.3368,Langres,Haute-Marne,Grand-Est,1,1,General public hospital (CH),1,1,3573,366,366,1,1,NA,NA,NA,NA,NA,NA,NA,NA
NA,750301137,1,1,1,48.8324,2.3066,Paris 15e Arrondissement,Paris,Île-de-France,1,1,Private,1,1,11746,329,329,1,1,NA,NA,NA,NA,NA,NA,NA,NA
NA,750803447,1,1,1,48.8394,2.2754,Paris 15e Arrondissement,Hauts-de-Seine,Île-de-France,1,1,Regional/University hospital (CHR/U),1,1,94695,366,366,1,1,NA,NA,NA,NA,NA,NA,NA,NA
NA,290000934,1,1,1,47.8688,-3.5576,Quimperlé,Finistère,Bretagne,1,1,General public hospital (CH),1,1,8205,366,366,1,1,NA,NA,NA,NA,NA,NA,NA,NA
NA,330780453,1,1,1,44.7901,-0.6329,Pessac,Gironde,Nouvelle-Aquitaine,1,1,Private,1,1,26109,317,317,1,1,NA,NA,NA,NA,NA,NA,NA,NA
NA,440001253,1,1,1,47.3242,-2.4255,Guérande,Loire-Atlantique,Pays de la Loire,1,1,General public hospital (CH),1,1,1390,316,316,1,1,NA,NA,NA,NA,NA,NA,NA,NA
NA,590000469,1,1,1,50.0118,4.0596,Fourmies,Nord,Hauts-de-France,1,1,General public hospital (CH),1,1,6214,366,366,1,1,NA,NA,NA,NA,NA,NA,NA,NA
NA,330780537,1,1,1,44.7565,-1.1325,Arès,Gironde,Nouvelle-Aquitaine,1,1,Non-profit facility (PSPH/EBNL),1,1,13252,366,366,1,1,NA,NA,NA,NA,NA,NA,NA,NA
NA,420780637,1,1,1,45.4756,4.5159,Saint-Chamond,Loire,Auvergne-Rhône-Alpes,1,1,General public hospital (CH),1,1,14267,366,366,1,1,NA,NA,NA,NA,NA,NA,NA,NA
NA,330000662,1,1,1,44.8236,-0.5798,Bordeaux,Gironde,Nouvelle-Aquitaine,1,1,Cancer centre (CLCC),1,1,69491,358,358,1,1,NA,NA,NA,NA,NA,NA,NA,NA
NA,330780768,1,1,1,44.7488,-0.6528,Canéjan,Gironde,Nouvelle-Aquitaine,1,1,Non-profit facility (PSPH/EBNL),1,1,429,203,203,1,1,NA,NA,NA,NA,NA,NA,NA,NA
NA,410000418,1,1,1,47.5908,2.0247,Lamotte-Beuvron,Loir-et-Cher,Centre-Val de Loire,1,1,Private,1,1,2417,255,255,1,1,NA,NA,NA,NA,NA,NA,NA,NA
NA,610780108,1,1,1,48.5906,-0.6583,Domfront en Poiraie,Orne,Normandie,1,1,General public hospital (CH),1,1,496,239,239,1,1,NA,NA,NA,NA,NA,NA,NA,NA
NA,670000306,1,1,1,48.7596,7.8563,Bischwiller,Bas-Rhin,Grand-Est,1,1,General public hospital (CH),1,1,1704,283,283,1,1,NA,NA,NA,NA,NA,NA,NA,NA
NA,590809703,1,1,1,50.1895,3.2467,Cambrai,Nord,Hauts-de-France,1,1,Private,1,1,2149,253,253,1,1,NA,NA,NA,NA,NA,NA,NA,NA
NA,690041124,1,1,1,45.7607,4.9074,Villeurbanne,Rhône,Auvergne-Rhône-Alpes,1,1,Private,1,1,66573,366,366,1,1,NA,NA,NA,NA,NA,NA,NA,NA
NA,760000166,1,1,1,49.4412,1.0993,Rouen,Seine-Maritime,Normandie,1,1,Cancer centre (CLCC),1,1,88139,356,356,1,1,NA,NA,NA,NA,NA,NA,NA,NA
NA,130786296,1,1,1,43.3452,5.4763,Allauch,Bouches-du-Rhône,Provence-Alpes-Côte d’Azur,1,1,Private,1,1,833,242,242,1,1,NA,NA,NA,NA,NA,NA,NA,NA
NA,920000635,1,1,1,48.8237,2.2775,Issy-les-Moulineaux,Hauts-de-Seine,Île-de-France,1,1,Non-profit facility (PSPH/EBNL),1,1,3081,335,335,1,1,NA,NA,NA,NA,NA,NA,NA,NA
NA,060780491,1,1,1,43.6615,7.1852,Saint-Laurent-du-Var,Alpes-Maritimes,Provence-Alpes-Côte d’Azur,1,1,Private,1,1,22155,366,366,1,1,NA,NA,NA,NA,NA,NA,NA,NA
NA,060780517,1,1,1,43.6608,7.1367,Cagnes-sur-Mer,Alpes-Maritimes,Provence-Alpes-Côte d’Azur,1,1,Private,1,1,49724,366,366,1,1,NA,NA,NA,NA,NA,NA,NA,NA
NA,130781925,1,1,1,43.6919,5.0273,Eyguières,Bouches-du-Rhône,Provence-Alpes-Côte d’Azur,1,1,Private,1,1,1594,253,253,1,1,NA,NA,NA,NA,NA,NA,NA,NA
NA,540001286,1,1,1,48.6504,6.148,Vandœuvre-lès-Nancy,Meurthe-et-Moselle,Grand-Est,1,1,Cancer centre (CLCC),1,1,66355,354,354,1,1,NA,NA,NA,NA,NA,NA,NA,NA
NA,230004657,1,1,1,45.9403,2.1719,Moutier-Rozeille,Creuse,Nouvelle-Aquitaine,1,1,General public hospital (CH),1,1,2188,361,361,1,1,NA,NA,NA,NA,NA,NA,NA,NA
NA,210987731,1,1,1,47.319,5.0691,Dijon,Côte-d’Or,Bourgogne-Franche-Comté,1,1,Cancer centre (CLCC),1,1,66551,358,358,1,1,NA,NA,NA,NA,NA,NA,NA,NA
NA,260000146,1,1,1,44.7269,5.0045,Crest,Drôme,Auvergne-Rhône-Alpes,1,1,General public hospital (CH),1,1,4250,355,355,1,1,NA,NA,NA,NA,NA,NA,NA,NA
NA,780300406,1,1,1,48.8304,2.12,Le Chesnay,Yvelines,Île-de-France,1,1,Private,1,1,23408,365,365,1,1,NA,NA,NA,NA,NA,NA,NA,NA
NA,620118513,1,1,1,50.7241,1.6374,Saint-Martin-Boulogne,Pas-de-Calais,Hauts-de-France,1,1,Private,1,1,29589,366,366,1,1,NA,NA,NA,NA,NA,NA,NA,NA
NA,300002169,1,1,1,44.1316,4.1233,Saint-Privat-des-Vieux,Gard,Occitanie,1,1,Non-profit facility (PSPH/EBNL),1,1,445,223,223,1,1,NA,NA,NA,NA,NA,NA,NA,NA
NA,140015975,1,1,1,49.2862,-0.2532,Ouistreham,Calvados,Normandie,1,1,Private,1,1,510,229,229,1,1,NA,NA,NA,NA,NA,NA,NA,NA
NA,820000883,1,1,1,44.105,1.088,Moissac,Tarn-et-Garonne,Occitanie,1,1,General public hospital (CH),1,1,3240,364,364,1,1,NA,NA,NA,NA,NA,NA,NA,NA
NA,250000882,1,1,1,47.1014,5.8861,Quingey,Doubs,Bourgogne-Franche-Comté,1,1,General public hospital (CH),1,1,717,192,192,1,1,NA,NA,NA,NA,NA,NA,NA,NA
NA,310022298,1,1,1,43.6165,1.3994,Toulouse,Haute-Garonne,Occitanie,1,1,Regional/University hospital (CHR/U),1,1,2663,306,306,1,1,NA,NA,NA,NA,NA,NA,NA,NA
NA,2B0000392,1,1,1,42.6584,9.4436,Furiani,Haute-Corse,Corse,1,1,Private,1,1,6364,345,345,1,1,NA,NA,NA,NA,NA,NA,NA,NA
NA,720000520,1,1,1,47.9187,0.7429,Saint-Calais,Sarthe,Pays de la Loire,1,1,General public hospital (CH),1,1,1188,325,325,1,1,NA,NA,NA,NA,NA,NA,NA,NA
NA,670780386,1,1,1,48.8187,7.7927,Haguenau,Bas-Rhin,Grand-Est,1,1,Private,1,1,11504,312,312,1,1,NA,NA,NA,NA,NA,NA,NA,NA
NA,270000045,1,1,1,49.0904,0.5889,Bernay,Eure,Normandie,1,1,General public hospital (CH),1,1,6339,365,365,1,1,NA,NA,NA,NA,NA,NA,NA,NA
NA,270000862,0,0,1,NA,NA,NA,27,Normandie,1,1,Private,1,1,1302,313,313,1,0,NA,NA,NA,NA,NA,NA,NA,NA
NA,070000021,1,1,1,44.4787,4.2397,Joyeuse,Ardèche,Auvergne-Rhône-Alpes,1,1,General public hospital (CH),1,1,612,242,242,1,1,NA,NA,NA,NA,NA,NA,NA,NA
NA,590816310,1,1,1,50.3548,3.0601,Lambres-lez-Douai,Nord,Hauts-de-France,1,1,Private,1,1,17240,366,366,1,1,NA,NA,NA,NA,NA,NA,NA,NA
NA,060781200,1,1,1,43.7019,7.2625,Nice,Alpes-Maritimes,Provence-Alpes-Côte d’Azur,1,1,Private,1,1,11624,360,360,1,1,NA,NA,NA,NA,NA,NA,NA,NA
NA,300000056,1,1,1,44.2649,4.6461,Pont-Saint-Esprit,Gard,Occitanie,1,1,General public hospital (CH),1,1,971,279,279,1,1,NA,NA,NA,NA,NA,NA,NA,NA
NA,430000109,1,1,1,45.0346,3.8872,Le Puy-en-Velay,Haute-Loire,Auvergne-Rhône-Alpes,1,1,Private,1,1,9949,337,337,1,1,NA,NA,NA,NA,NA,NA,NA,NA
NA,310781000,1,1,1,43.6543,1.3238,Cornebarrieu,Haute-Garonne,Occitanie,1,1,Private,1,1,54837,366,366,1,1,NA,NA,NA,NA,NA,NA,NA,NA
NA,850000209,1,1,1,46.4516,-1.1716,Luçon,Vendée,Pays de la Loire,1,1,General public hospital (CH),1,1,8343,366,366,1,1,NA,NA,NA,NA,NA,NA,NA,NA
NA,340796663,1,1,1,43.6334,3.85,Montpellier,Hérault,Occitanie,1,1,Regional/University hospital (CHR/U),1,1,45987,366,366,1,1,NA,NA,NA,NA,NA,NA,NA,NA
NA,340780147,1,1,1,43.6081,3.1503,Bédarieux,Hérault,Occitanie,1,1,Private,1,1,4146,361,361,1,1,NA,NA,NA,NA,NA,NA,NA,NA
NA,720000470,1,1,1,48.3488,0.3685,Mamers,Sarthe,Pays de la Loire,1,1,General public hospital (CH),1,1,2116,363,363,1,1,NA,NA,NA,NA,NA,NA,NA,NA
NA,040000069,1,1,1,43.9601,5.7806,Forcalquier,Alpes-de-Haute-Provence,Provence-Alpes-Côte d’Azur,1,1,General public hospital (CH),1,1,498,227,227,1,1,NA,NA,NA,NA,NA,NA,NA,NA
NA,830000303,1,1,1,43.0859,6.1177,Hyères,83,Provence-Alpes-Côte d'Azur,1,1,Non-profit facility (PSPH/EBNL),1,1,3193,255,255,1,1,NA,NA,NA,NA,NA,NA,NA,NA
NA,140024886,1,1,1,49.2748,-0.7019,Bayeux,Calvados,Normandie,1,1,General public hospital (CH),1,1,16238,366,366,1,1,NA,NA,NA,NA,NA,NA,NA,NA
NA,400015103,1,1,1,43.7134,-0.2405,Aire-sur-l'Adour,Landes,Nouvelle-Aquitaine,1,1,Non-profit facility (PSPH/EBNL),1,1,7721,361,361,1,1,NA,NA,NA,NA,NA,NA,NA,NA
NA,750300121,1,1,1,48.8501,2.3177,Paris 7e Arrondissement,Paris,Île-de-France,1,1,Private,1,1,19983,299,299,1,1,NA,NA,NA,NA,NA,NA,NA,NA
NA,690000013,1,1,1,45.5994,4.7658,Givors,Rhône,Auvergne-Rhône-Alpes,1,1,General public hospital (CH),1,1,7389,366,366,1,1,NA,NA,NA,NA,NA,NA,NA,NA
NA,610000051,1,1,1,48.4268,0.0841,Alençon,Orne,Normandie,1,1,General public hospital (CH),1,1,28884,366,366,1,1,NA,NA,NA,NA,NA,NA,NA,NA
NA,470000423,1,1,1,44.2031,0.6162,Agen,Lot-et-Garonne,Nouvelle-Aquitaine,1,1,General public hospital (CH),1,1,52283,366,366,1,1,NA,NA,NA,NA,NA,NA,NA,NA
NA,630000412,1,1,1,45.5527,3.7409,Ambert,Puy-de-Dôme,Auvergne-Rhône-Alpes,1,1,General public hospital (CH),1,1,3732,365,365,1,1,NA,NA,NA,NA,NA,NA,NA,NA
NA,330058355,1,1,1,44.8425,0.2218,Sainte-Foy-la-Grande,Dordogne,Nouvelle-Aquitaine,1,1,General public hospital (CH),1,1,2257,365,365,1,1,NA,NA,NA,NA,NA,NA,NA,NA
NA,560023848,1,1,1,47.7551,-3.3892,Lorient,Morbihan,Bretagne,1,1,Private,1,1,13696,366,366,1,1,NA,NA,NA,NA,NA,NA,NA,NA
NA,750100018,1,1,1,48.8528,2.3516,Paris 4e Arrondissement,Paris,Île-de-France,1,1,Regional/University hospital (CHR/U),1,1,6222,352,352,1,1,NA,NA,NA,NA,NA,NA,NA,NA
NA,500000146,1,1,1,48.6779,-1.3509,Saint-Martin-des-Champs,Manche,Normandie,1,1,Private,1,1,21816,319,319,1,1,NA,NA,NA,NA,NA,NA,NA,NA
NA,080010473,1,1,1,49.7627,4.6984,Charleville-Mézières,Ardennes,Grand-Est,1,1,Non-profit facility (PSPH/EBNL),1,1,11525,339,339,1,1,NA,NA,NA,NA,NA,NA,NA,NA
NA,690000245,1,1,1,45.7609,4.8204,Lyon,Rhône,Auvergne-Rhône-Alpes,1,1,Non-profit facility (PSPH/EBNL),1,1,3085,261,261,1,1,NA,NA,NA,NA,NA,NA,NA,NA
NA,950300244,1,1,1,49.0739,2.0752,Osny,Val-d’Oise,Île-de-France,1,1,Private,1,1,33239,366,366,1,1,NA,NA,NA,NA,NA,NA,NA,NA
NA,090000183,1,1,1,42.999,1.1285,Saint-Lizier,Ariège,Occitanie,1,1,General public hospital (CH),1,1,6711,366,366,1,1,NA,NA,NA,NA,NA,NA,NA,NA
NA,910300219,1,1,1,48.7309,2.2918,Massy,Essonne,Île-de-France,1,1,Private,1,1,34745,366,366,1,1,NA,NA,NA,NA,NA,NA,NA,NA
NA,380786442,1,1,1,45.1861,5.76,Saint-Martin-d'Hères,Isère,Auvergne-Rhône-Alpes,1,1,Private,1,1,36475,366,366,1,1,NA,NA,NA,NA,NA,NA,NA,NA
NA,750150286,1,1,1,48.8871,2.3936,Paris 19e Arrondissement,Seine-Saint-Denis,Île-de-France,1,1,Non-profit facility (PSPH/EBNL),1,1,2141,304,304,1,1,NA,NA,NA,NA,NA,NA,NA,NA
NA,800017253,1,1,1,49.8752,2.2703,Amiens,Somme,Hauts-de-France,1,1,Regional/University hospital (CHR/U),1,1,3719,220,220,1,1,NA,NA,NA,NA,NA,NA,NA,NA
NA,400000139,1,1,1,43.895,-0.4899,Mont-de-Marsan,Landes,Nouvelle-Aquitaine,1,1,General public hospital (CH),1,1,53342,366,366,1,1,NA,NA,NA,NA,NA,NA,NA,NA
NA,490000320,1,1,1,47.35,-0.7626,Chalonnes-sur-Loire,Maine-et-Loire,Pays de la Loire,1,1,General public hospital (CH),1,1,804,249,249,1,1,NA,NA,NA,NA,NA,NA,NA,NA
NA,540022837,1,1,1,48.703,6.1412,Maxéville,Meurthe-et-Moselle,Grand-Est,1,1,Private,1,1,1547,246,246,1,1,NA,NA,NA,NA,NA,NA,NA,NA
NA,140000555,1,1,1,49.2031,-0.353,Caen,Calvados,Normandie,1,1,Cancer centre (CLCC),1,1,86213,360,360,1,1,NA,NA,NA,NA,NA,NA,NA,NA
NA,140030891,1,1,1,49.216,-0.3578,Hérouville-Saint-Clair,Calvados,Normandie,1,1,Cancer centre (CLCC),1,1,5025,242,242,1,1,NA,NA,NA,NA,NA,NA,NA,NA
NA,760000133,1,1,1,49.5425,0.9543,Barentin,Seine-Maritime,Normandie,1,1,General public hospital (CH),1,1,316,177,177,1,1,NA,NA,NA,NA,NA,NA,NA,NA
NA,460000045,1,1,1,44.61,2.0348,Figeac,Lot,Occitanie,1,1,General public hospital (CH),1,1,8235,366,366,1,1,NA,NA,NA,NA,NA,NA,NA,NA
NA,190013482,1,1,1,45.168,1.539,Brive-la-Gaillarde,Corrèze,Nouvelle-Aquitaine,1,1,General public hospital (CH),1,1,4864,310,310,1,1,NA,NA,NA,NA,NA,NA,NA,NA
NA,060791860,1,1,1,43.6616,7.1868,Saint-Laurent-du-Var,Alpes-Maritimes,Provence-Alpes-Côte d’Azur,1,1,Private,1,1,36218,317,317,1,1,NA,NA,NA,NA,NA,NA,NA,NA
NA,350000162,1,1,1,47.6541,-2.0807,Redon,Ille-et-Vilaine,Bretagne,1,1,General public hospital (CH),1,1,13643,366,366,1,1,NA,NA,NA,NA,NA,NA,NA,NA
NA,770000149,1,1,1,48.412,2.6968,Fontainebleau,Seine-et-Marne,Île-de-France,1,1,General public hospital (CH),1,1,26537,366,366,1,1,NA,NA,NA,NA,NA,NA,NA,NA
NA,130790157,1,1,1,43.4232,5.0389,Martigues,Bouches-du-Rhône,Provence-Alpes-Côte d’Azur,1,1,General public hospital (CH),1,1,294,194,194,1,1,NA,NA,NA,NA,NA,NA,NA,NA
NA,270000458,1,1,1,49.0909,1.4889,Vernon,Eure,Normandie,1,1,General public hospital (CH),1,1,15595,366,366,1,1,NA,NA,NA,NA,NA,NA,NA,NA
NA,590817458,1,1,1,50.7164,3.1565,Tourcoing,Nord,Hauts-de-France,1,1,Private,1,1,14036,289,289,1,1,NA,NA,NA,NA,NA,NA,NA,NA
NA,780000352,1,1,1,48.8819,2.1296,Le Vésinet,Yvelines,Île-de-France,1,1,General public hospital (CH),1,1,1650,253,253,1,1,NA,NA,NA,NA,NA,NA,NA,NA
NA,630780211,1,1,1,45.7873,3.1051,Clermont-Ferrand,Puy-de-Dôme,Auvergne-Rhône-Alpes,1,1,Private,1,1,42735,366,366,1,1,NA,NA,NA,NA,NA,NA,NA,NA
NA,140008152,1,1,1,49.2866,0.1816,Pont-l'Évêque,Calvados,Normandie,1,1,General public hospital (CH),1,1,481,226,226,1,1,NA,NA,NA,NA,NA,NA,NA,NA
NA,330000597,1,1,1,44.5845,-0.039,La Réole,Gironde,Nouvelle-Aquitaine,1,1,General public hospital (CH),1,1,1303,315,315,1,1,NA,NA,NA,NA,NA,NA,NA,NA
NA,310019351,1,1,1,43.553,1.4563,Toulouse,Haute-Garonne,Occitanie,1,1,Regional/University hospital (CHR/U),1,1,45064,366,366,1,1,NA,NA,NA,NA,NA,NA,NA,NA
NA,670000405,1,1,1,48.4562,7.4881,Obernai,Bas-Rhin,Grand-Est,1,1,General public hospital (CH),1,1,2146,307,307,1,1,NA,NA,NA,NA,NA,NA,NA,NA
NA,310000310,1,1,1,43.115,0.7065,Saint-Gaudens,Haute-Garonne,Occitanie,1,1,General public hospital (CH),1,1,14034,366,366,1,1,NA,NA,NA,NA,NA,NA,NA,NA
NA,580004836,1,1,1,46.9945,3.1598,Nevers,Nièvre,Bourgogne-Franche-Comté,1,1,General public hospital (CH),1,1,1433,290,290,1,1,NA,NA,NA,NA,NA,NA,NA,NA
NA,830100558,1,1,1,43.0371,6.1396,Hyères,83,Provence-Alpes-Côte d'Azur,1,1,Regional/University hospital (CHR/U),1,1,5957,300,300,1,1,NA,NA,NA,NA,NA,NA,NA,NA
NA,310781984,1,1,1,43.2756,1.4913,Gaillac-Toulza,Haute-Garonne,Occitanie,1,1,Private,1,1,1704,243,243,1,1,NA,NA,NA,NA,NA,NA,NA,NA
NA,690000427,1,1,1,45.7599,4.7967,Lyon,Rhône,Auvergne-Rhône-Alpes,1,1,Non-profit facility (PSPH/EBNL),1,1,9797,306,306,1,1,NA,NA,NA,NA,NA,NA,NA,NA
NA,680000577,1,1,1,47.7676,7.3018,Pfastatt,Haut-Rhin,Grand-Est,1,1,General public hospital (CH),1,1,4383,280,280,1,1,NA,NA,NA,NA,NA,NA,NA,NA
NA,420000267,1,1,1,45.7457,4.2212,Feurs,Loire,Auvergne-Rhône-Alpes,1,1,General public hospital (CH),1,1,2922,326,326,1,1,NA,NA,NA,NA,NA,NA,NA,NA
NA,100007285,1,1,1,48.2932,4.1364,Saint-Parres-aux-Tertres,Aube,Grand-Est,1,1,Private,1,1,1114,245,245,1,1,NA,NA,NA,NA,NA,NA,NA,NA
NA,470000027,1,1,1,44.2031,0.6162,Agen,Lot-et-Garonne,Nouvelle-Aquitaine,1,1,Private,1,1,32597,366,366,1,1,NA,NA,NA,NA,NA,NA,NA,NA
NA,930019203,1,1,1,48.885,2.4018,Le Pré-Saint-Gervais,Seine-Saint-Denis,Île-de-France,1,1,Private,1,1,1427,254,254,1,1,NA,NA,NA,NA,NA,NA,NA,NA
NA,220000541,1,1,1,48.7741,-3.0368,Paimpol,Côtes-d’Armor,Bretagne,1,1,General public hospital (CH),1,1,10274,366,366,1,1,NA,NA,NA,NA,NA,NA,NA,NA
NA,340009885,1,1,1,43.3461,3.2271,Béziers,Hérault,Occitanie,1,1,Private,1,1,16540,365,365,1,1,NA,NA,NA,NA,NA,NA,NA,NA
NA,240000190,1,1,1,45.1818,0.7176,Périgueux,Dordogne,Nouvelle-Aquitaine,1,1,Private,1,1,23649,366,366,1,1,NA,NA,NA,NA,NA,NA,NA,NA
NA,310780150,1,1,1,43.5631,1.4239,Toulouse,Haute-Garonne,Occitanie,1,1,Private,1,1,28093,336,336,1,1,NA,NA,NA,NA,NA,NA,NA,NA
NA,120004668,1,1,1,43.9581,2.8745,Saint-Affrique,Aveyron,Occitanie,1,1,General public hospital (CH),1,1,4140,365,365,1,1,NA,NA,NA,NA,NA,NA,NA,NA
NA,380000042,1,1,1,45.5385,5.6646,Le Pont-de-Beauvoisin,Isère,Auvergne-Rhône-Alpes,1,1,General public hospital (CH),1,1,4935,366,366,1,1,NA,NA,NA,NA,NA,NA,NA,NA
NA,830100103,1,1,1,43.117,6.1225,Hyères,Var,Provence-Alpes-Côte d’Azur,1,1,Private,1,1,12849,143,143,1,1,NA,NA,NA,NA,NA,NA,NA,NA
NA,160000261,1,1,1,45.6942,-0.3263,Cognac,Charente,Nouvelle-Aquitaine,1,1,General public hospital (CH),1,1,294,171,171,1,1,NA,NA,NA,NA,NA,NA,NA,NA
NA,690780358,1,1,1,45.7682,4.7818,Tassin-la-Demi-Lune,Rhône,Auvergne-Rhône-Alpes,1,1,Private,1,1,34828,366,366,1,1,NA,NA,NA,NA,NA,NA,NA,NA
NA,750000499,1,1,1,48.8303,2.3404,Paris 14e Arrondissement,Paris,Île-de-France,1,1,General public hospital (CH),1,1,16750,366,366,1,1,NA,NA,NA,NA,NA,NA,NA,NA
NA,300780152,1,1,1,43.8472,4.3738,Nîmes,Gard,Occitanie,1,1,Private,1,1,16979,350,350,1,1,NA,NA,NA,NA,NA,NA,NA,NA
NA,280505777,1,1,1,48.4542,1.4522,Mainvilliers,Eure-et-Loir,Centre-Val de Loire,1,1,Private,1,1,22383,364,364,1,1,NA,NA,NA,NA,NA,NA,NA,NA
NA,130783475,1,1,1,43.2748,5.3658,Marseille,Bouches-du-Rhône,Provence-Alpes-Côte d’Azur,1,1,Non-profit facility (PSPH/EBNL),1,1,844,250,250,1,1,NA,NA,NA,NA,NA,NA,NA,NA
NA,920000601,1,1,1,48.8768,2.1871,Rueil-Malmaison,Hauts-de-Seine,Île-de-France,1,1,General public hospital (CH),1,1,2637,316,316,1,1,NA,NA,NA,NA,NA,NA,NA,NA
NA,940008139,1,1,1,48.8159,2.4884,Champigny-sur-Marne,Val-de-Marne,Île-de-France,1,1,Private,1,1,1011,245,245,1,1,NA,NA,NA,NA,NA,NA,NA,NA
NA,420782559,1,1,1,45.4132,4.3933,Saint-Étienne,Loire,Auvergne-Rhône-Alpes,1,1,Regional/University hospital (CHR/U),1,1,8487,267,267,1,1,NA,NA,NA,NA,NA,NA,NA,NA
NA,380000026,1,1,1,44.9052,5.7945,La Mure,Isère,Auvergne-Rhône-Alpes,1,1,General public hospital (CH),1,1,1430,334,334,1,1,NA,NA,NA,NA,NA,NA,NA,NA
NA,640780557,1,1,1,43.3615,-1.3939,Cambo-les-Bains,Pyrénées-Atlantiques,Nouvelle-Aquitaine,1,1,Non-profit facility (PSPH/EBNL),1,1,1538,264,264,1,1,NA,NA,NA,NA,NA,NA,NA,NA
NA,940300031,1,1,1,48.8119,2.5167,Champigny-sur-Marne,Val-de-Marne,Île-de-France,1,1,Private,1,1,44478,366,366,1,1,NA,NA,NA,NA,NA,NA,NA,NA
NA,380000091,1,1,1,45.1527,5.3223,Saint-Marcellin,Isère,Auvergne-Rhône-Alpes,1,1,General public hospital (CH),1,1,2199,310,310,1,1,NA,NA,NA,NA,NA,NA,NA,NA
NA,130785983,1,1,1,43.4605,5.3975,Bouc-Bel-Air,Bouches-du-Rhône,Provence-Alpes-Côte d’Azur,1,1,Private,1,1,2395,256,256,1,1,NA,NA,NA,NA,NA,NA,NA,NA
NA,940300494,1,1,1,48.7217,2.4503,Villeneuve-Saint-Georges,Val-de-Marne,Île-de-France,1,1,Private,1,1,30679,363,363,1,1,NA,NA,NA,NA,NA,NA,NA,NA
NA,290019777,1,1,1,48.4288,-4.4774,Brest,Finistère,Bretagne,1,1,Private,1,1,27641,366,366,1,1,NA,NA,NA,NA,NA,NA,NA,NA
NA,030780548,1,1,1,46.1503,3.4122,Vichy,Allier,Auvergne-Rhône-Alpes,1,1,Private,1,1,15161,303,303,1,1,NA,NA,NA,NA,NA,NA,NA,NA
NA,130789159,1,1,1,43.2632,5.4158,Marseille,Bouches-du-Rhône,Provence-Alpes-Côte d’Azur,1,1,Private,1,1,2838,343,343,1,1,NA,NA,NA,NA,NA,NA,NA,NA
NA,440001287,1,1,1,47.1155,-2.1046,Pornic,Loire-Atlantique,Pays de la Loire,1,1,General public hospital (CH),1,1,940,277,277,1,1,NA,NA,NA,NA,NA,NA,NA,NA
NA,340024314,1,1,1,43.5698,3.8367,Saint-Jean-de-Védas,Hérault,Occitanie,1,1,Private,1,1,41901,366,366,1,1,NA,NA,NA,NA,NA,NA,NA,NA
NA,850000175,1,1,1,46.8473,-1.8716,Challans,Vendée,Pays de la Loire,1,1,General public hospital (CH),1,1,21992,366,366,1,1,NA,NA,NA,NA,NA,NA,NA,NA
NA,290000256,1,1,1,48.2744,-3.578,Carhaix-Plouguer,Finistère,Bretagne,1,1,Regional/University hospital (CHR/U),1,1,5579,365,365,1,1,NA,NA,NA,NA,NA,NA,NA,NA
NA,740000294,1,1,1,45.8651,5.9363,Rumilly,Haute-Savoie,Auvergne-Rhône-Alpes,1,1,General public hospital (CH),1,1,1445,325,325,1,1,NA,NA,NA,NA,NA,NA,NA,NA
NA,670780212,1,1,1,48.6151,7.7867,Strasbourg,Bas-Rhin,Grand-Est,1,1,Non-profit facility (PSPH/EBNL),1,1,60808,366,366,1,1,NA,NA,NA,NA,NA,NA,NA,NA
NA,010780195,1,1,1,46.2113,5.2542,Bourg-en-Bresse,Ain,Auvergne-Rhône-Alpes,1,1,Private,1,1,24056,366,366,1,1,NA,NA,NA,NA,NA,NA,NA,NA
NA,860000025,1,1,1,46.8332,0.5566,Châtellerault,Vienne,Nouvelle-Aquitaine,1,1,General public hospital (CH),1,1,16231,366,366,1,1,NA,NA,NA,NA,NA,NA,NA,NA
NA,100009380,1,1,1,48.3188,4.1083,Pont-Sainte-Marie,Aube,Grand-Est,1,1,General public hospital (CH),1,1,609,159,159,1,1,NA,NA,NA,NA,NA,NA,NA,NA
NA,710978131,1,1,1,46.4306,4.6605,Cluny,Saône-et-Loire,Bourgogne-Franche-Comté,1,1,General public hospital (CH),1,1,679,229,229,1,1,NA,NA,NA,NA,NA,NA,NA,NA
NA,310013628,1,1,1,43.4427,1.3109,Muret,Haute-Garonne,Occitanie,1,1,General public hospital (CH),1,1,719,232,232,1,1,NA,NA,NA,NA,NA,NA,NA,NA
NA,590784898,1,1,1,50.6106,3.0301,Lille,Nord,Hauts-de-France,1,1,Regional/University hospital (CHR/U),1,1,3088,253,253,1,1,NA,NA,NA,NA,NA,NA,NA,NA
NA,590780284,1,1,1,50.6518,2.9749,Lille,Nord,Hauts-de-France,1,1,Non-profit facility (PSPH/EBNL),1,1,32166,366,366,1,1,NA,NA,NA,NA,NA,NA,NA,NA
NA,380785956,1,1,1,45.1473,5.7233,Échirolles,Isère,Auvergne-Rhône-Alpes,1,1,Private,1,1,25851,366,366,1,1,NA,NA,NA,NA,NA,NA,NA,NA
NA,620100487,1,1,1,50.506100000000004,1.6242,Le Touquet-Paris-Plage,Pas-de-Calais,Hauts-de-France,1,1,Private,1,1,5366,323,323,1,1,NA,NA,NA,NA,NA,NA,NA,NA
NA,660780776,1,1,1,42.6173,2.4173,Prades,Pyrénées-Orientales,Occitanie,1,1,Private,1,1,667,58,58,1,1,NA,NA,NA,NA,NA,NA,NA,NA
NA,800000432,1,1,1,49.9353,2.9312,Péronne,Somme,Hauts-de-France,1,1,General public hospital (CH),1,1,5228,366,366,1,1,NA,NA,NA,NA,NA,NA,NA,NA
NA,290036706,1,1,1,48.4663,-4.2705,Landerneau,Finistère,Bretagne,1,1,Private,1,1,2710,254,254,1,1,NA,NA,NA,NA,NA,NA,NA,NA
NA,710978180,1,1,1,46.5683,4.8913,Tournus,Saône-et-Loire,Bourgogne-Franche-Comté,1,1,General public hospital (CH),1,1,465,214,214,1,1,NA,NA,NA,NA,NA,NA,NA,NA
NA,460000102,1,1,1,44.7323,1.3729,Gourdon,Lot,Occitanie,1,1,General public hospital (CH),1,1,5078,366,366,1,1,NA,NA,NA,NA,NA,NA,NA,NA
NA,210987665,1,1,1,47.8619,4.5596,Châtillon-sur-Seine,Côte-d’Or,Bourgogne-Franche-Comté,1,1,General public hospital (CH),1,1,2552,365,365,1,1,NA,NA,NA,NA,NA,NA,NA,NA
NA,530000611,1,1,1,48.3423,-0.2834,Villaines-la-Juhel,Mayenne,Pays de la Loire,1,1,General public hospital (CH),1,1,118,95,95,1,1,NA,NA,NA,NA,NA,NA,NA,NA
NA,880000047,1,1,1,48.2896,6.9626,Saint-Dié-des-Vosges,Vosges,Grand-Est,1,1,General public hospital (CH),1,1,20401,366,366,1,1,NA,NA,NA,NA,NA,NA,NA,NA
NA,730000098,1,1,1,45.6969,5.9071,Aix-les-Bains,Savoie,Auvergne-Rhône-Alpes,1,1,General public hospital (CH),1,1,9031,366,366,1,1,NA,NA,NA,NA,NA,NA,NA,NA
NA,170780662,1,1,1,46.1736,-1.1267,Puilboreau,Charente-Maritime,Nouvelle-Aquitaine,1,1,Private,1,1,38297,352,352,1,1,NA,NA,NA,NA,NA,NA,NA,NA
NA,320004930,1,1,1,43.6357,0.6901,Montégut,Gers,Occitanie,1,1,Private,1,1,1003,239,239,1,1,NA,NA,NA,NA,NA,NA,NA,NA
NA,940000656,1,1,1,48.7709,2.3362,Chevilly-Larue,Val-de-Marne,Île-de-France,1,1,Cancer centre (CLCC),1,1,6907,246,246,1,1,NA,NA,NA,NA,NA,NA,NA,NA
NA,930300025,1,1,1,48.9056,2.3895,Aubervilliers,Seine-Saint-Denis,Île-de-France,1,1,Private,1,1,23190,366,366,1,1,NA,NA,NA,NA,NA,NA,NA,NA
NA,060000528,1,1,1,43.7242,7.2808,Nice,Alpes-Maritimes,Provence-Alpes-Côte d’Azur,1,1,Cancer centre (CLCC),1,1,62817,365,365,1,1,NA,NA,NA,NA,NA,NA,NA,NA
NA,860010321,1,1,1,46.5637,0.367,Poitiers,Vienne,Nouvelle-Aquitaine,1,1,Private,1,1,25827,365,365,1,1,NA,NA,NA,NA,NA,NA,NA,NA
NA,030781116,1,1,1,46.3452,2.6197,Désertines,Allier,Auvergne-Rhône-Alpes,1,1,Private,1,1,21019,365,365,1,1,NA,NA,NA,NA,NA,NA,NA,NA
NA,930017512,1,1,1,48.9328,2.4207,Le Bourget,Seine-Saint-Denis,Île-de-France,1,1,Private,1,1,1257,239,239,1,1,NA,NA,NA,NA,NA,NA,NA,NA
NA,710978313,1,1,1,46.6741,4.363,Montceau-les-Mines,Saône-et-Loire,Bourgogne-Franche-Comté,1,1,General public hospital (CH),1,1,12077,366,366,1,1,NA,NA,NA,NA,NA,NA,NA,NA
NA,440027589,1,1,1,47.7266,-1.3844,Châteaubriant,Loire-Atlantique,Pays de la Loire,1,1,Private,1,1,284,80,80,1,1,NA,NA,NA,NA,NA,NA,NA,NA
NA,910813732,1,1,1,48.6993,2.1875,Orsay,Essonne,Île-de-France,1,1,Cancer centre (CLCC),1,1,20845,317,317,1,1,NA,NA,NA,NA,NA,NA,NA,NA
NA,690000633,1,1,1,46.029,4.3128,Thizy-les-Bourgs,Rhône,Auvergne-Rhône-Alpes,1,1,General public hospital (CH),1,1,713,250,250,1,1,NA,NA,NA,NA,NA,NA,NA,NA
NA,370007569,1,1,1,47.3357,0.6898,Chambray-lès-Tours,Indre-et-Loire,Centre-Val de Loire,1,1,Private,1,1,55098,366,366,1,1,NA,NA,NA,NA,NA,NA,NA,NA
NA,670020098,1,1,1,48.5938,7.709,Strasbourg,Bas-Rhin,Grand-Est,1,1,Non-profit facility (PSPH/EBNL),1,1,89824,363,363,1,1,NA,NA,NA,NA,NA,NA,NA,NA
NA,920100054,1,1,1,48.8384,2.1707,Garches,Hauts-de-Seine,Île-de-France,1,1,Regional/University hospital (CHR/U),1,1,26247,365,365,1,1,NA,NA,NA,NA,NA,NA,NA,NA
NA,010005239,1,1,1,46.2751,5.6273,Oyonnax,Ain,Auvergne-Rhône-Alpes,1,1,General public hospital (CH),1,1,10257,366,366,1,1,NA,NA,NA,NA,NA,NA,NA,NA
NA,950000315,1,1,1,49.1446,2.2907,Beaumont-sur-Oise,Val-d’Oise,Île-de-France,1,1,General public hospital (CH),1,1,7911,366,366,1,1,NA,NA,NA,NA,NA,NA,NA,NA
NA,300017209,1,1,1,43.8224,4.3241,Nîmes,Gard,Occitanie,1,1,Private,1,1,10095,282,282,1,1,NA,NA,NA,NA,NA,NA,NA,NA
NA,590813507,1,1,1,50.293,3.9758,Maubeuge,Nord,Hauts-de-France,1,1,Private,1,1,6372,307,307,1,1,NA,NA,NA,NA,NA,NA,NA,NA
NA,290000066,1,1,1,47.8662,-3.9023,Concarneau,Finistère,Bretagne,1,1,General public hospital (CH),1,1,4579,360,360,1,1,NA,NA,NA,NA,NA,NA,NA,NA
NA,260000286,1,1,1,44.756,5.3712,Die,Drôme,Auvergne-Rhône-Alpes,1,1,General public hospital (CH),1,1,1349,348,348,1,1,NA,NA,NA,NA,NA,NA,NA,NA
NA,740000062,1,1,1,46.0824,6.4066,Bonneville,Haute-Savoie,Auvergne-Rhône-Alpes,1,1,Non-profit facility (PSPH/EBNL),1,1,1072,246,246,1,1,NA,NA,NA,NA,NA,NA,NA,NA
NA,740780135,1,1,1,46.0708,6.5802,Cluses,Haute-Savoie,Auvergne-Rhône-Alpes,1,1,Private,1,1,1712,251,251,1,1,NA,NA,NA,NA,NA,NA,NA,NA
NA,490007929,1,1,1,47.2459,-0.0618,Saumur,Maine-et-Loire,Pays de la Loire,1,1,Private,1,1,10445,357,357,1,1,NA,NA,NA,NA,NA,NA,NA,NA
NA,220000368,1,1,1,48.7244,-3.4626,Lannion,Côtes-d’Armor,Bretagne,1,1,General public hospital (CH),1,1,17512,366,366,1,1,NA,NA,NA,NA,NA,NA,NA,NA
NA,580972677,1,1,1,47.4156,2.9262,Cosne-Cours-sur-Loire,Nièvre,Bourgogne-Franche-Comté,1,1,General public hospital (CH),1,1,2244,365,365,1,1,NA,NA,NA,NA,NA,NA,NA,NA
NA,330000571,1,1,1,45.1347,-0.659,Blaye,Gironde,Nouvelle-Aquitaine,1,1,General public hospital (CH),1,1,9268,366,366,1,1,NA,NA,NA,NA,NA,NA,NA,NA
NA,940016868,1,1,1,48.8202,2.4234,Saint-Maurice,Val-de-Marne,Île-de-France,1,1,General public hospital (CH),1,1,33574,366,366,1,1,NA,NA,NA,NA,NA,NA,NA,NA
NA,350005021,1,1,1,48.0851,-1.6119,Chantepie,Ille-et-Vilaine,Bretagne,1,1,Non-profit facility (PSPH/EBNL),1,1,3823,340,340,1,1,NA,NA,NA,NA,NA,NA,NA,NA
NA,930300116,1,1,1,48.9363,2.4578,Le Blanc-Mesnil,Seine-Saint-Denis,Île-de-France,1,1,Private,1,1,21040,366,366,1,1,NA,NA,NA,NA,NA,NA,NA,NA
NA,420780504,1,1,1,45.4782,4.3686,Saint-Priest-en-Jarez,Loire,Auvergne-Rhône-Alpes,1,1,Private,1,1,24280,366,366,1,1,NA,NA,NA,NA,NA,NA,NA,NA
NA,830100335,1,1,1,43.5951,6.5426,Callas,Var,Provence-Alpes-Côte d’Azur,1,1,Private,1,1,656,229,229,1,1,NA,NA,NA,NA,NA,NA,NA,NA
NA,780022760,1,1,1,48.7745,2.0718,Guyancourt,Yvelines,Île-de-France,1,1,Private,1,1,1418,253,253,1,1,NA,NA,NA,NA,NA,NA,NA,NA
NA,560009508,1,1,1,47.6695,-2.9807,Auray,Morbihan,Bretagne,1,1,Private,1,1,182,58,58,1,1,NA,NA,NA,NA,NA,NA,NA,NA
NA,780150066,1,1,1,48.8194,2.1394,Versailles,Yvelines,Île-de-France,1,1,Non-profit facility (PSPH/EBNL),1,1,9656,357,357,1,1,NA,NA,NA,NA,NA,NA,NA,NA
NA,230000846,1,1,1,45.9535,1.7509,Bourganeuf,Creuse,Nouvelle-Aquitaine,1,1,General public hospital (CH),1,1,906,303,303,1,1,NA,NA,NA,NA,NA,NA,NA,NA
NA,380780197,1,1,1,45.5973,5.2464,Bourgoin-Jallieu,Isère,Auvergne-Rhône-Alpes,1,1,Private,1,1,16851,366,366,1,1,NA,NA,NA,NA,NA,NA,NA,NA
NA,830100319,1,1,1,43.1275,5.8791,Ollioules,Var,Provence-Alpes-Côte d’Azur,1,1,Private,1,1,20927,365,365,1,1,NA,NA,NA,NA,NA,NA,NA,NA
NA,840000426,1,1,1,43.9123,5.2001,Gordes,Vaucluse,Provence-Alpes-Côte d’Azur,1,1,General public hospital (CH),1,1,383,216,216,1,1,NA,NA,NA,NA,NA,NA,NA,NA
NA,270000425,1,1,1,49.3497,0.5153,Pont-Audemer,Eure,Normandie,1,1,General public hospital (CH),1,1,4230,366,366,1,1,NA,NA,NA,NA,NA,NA,NA,NA
NA,560030165,1,1,1,47.7361,-3.399,Ploemeur,Morbihan,Bretagne,1,1,General public hospital (CH),1,1,565,263,263,1,1,NA,NA,NA,NA,NA,NA,NA,NA
NA,550000012,1,1,1,49.1565,5.3818,Verdun,Meuse,Grand-Est,1,1,General public hospital (CH),1,1,33276,366,366,1,1,NA,NA,NA,NA,NA,NA,NA,NA
NA,590782553,1,1,1,50.6534,3.1508,Villeneuve-d'Ascq,Nord,Hauts-de-France,1,1,Private,1,1,32629,366,366,1,1,NA,NA,NA,NA,NA,NA,NA,NA
NA,070000070,1,1,1,44.9045,4.4211,Le Cheylard,Ardèche,Auvergne-Rhône-Alpes,1,1,General public hospital (CH),1,1,1037,318,318,1,1,NA,NA,NA,NA,NA,NA,NA,NA
NA,930009188,1,1,1,48.9636,2.3634,Pierrefitte-sur-Seine,Seine-Saint-Denis,Île-de-France,1,1,Private,1,1,739,230,230,1,1,NA,NA,NA,NA,NA,NA,NA,NA
NA,340000173,1,1,1,43.4601,3.4191,Pézenas,Hérault,Occitanie,1,1,General public hospital (CH),1,1,274,165,165,1,1,NA,NA,NA,NA,NA,NA,NA,NA
NA,560000192,1,1,1,47.9348,-2.3917,Ploërmel,Morbihan,Bretagne,1,1,General public hospital (CH),1,1,13102,366,366,1,1,NA,NA,NA,NA,NA,NA,NA,NA
NA,310782347,1,1,1,43.5553,1.4264,Toulouse,Haute-Garonne,Occitanie,1,1,Cancer centre (CLCC),1,1,95815,361,361,1,1,NA,NA,NA,NA,NA,NA,NA,NA
NA,130782444,1,1,1,43.7164,5.3112,La Roque-d'Anthéron,Bouches-du-Rhône,Provence-Alpes-Côte d’Azur,1,1,Private,1,1,979,249,249,1,1,NA,NA,NA,NA,NA,NA,NA,NA
NA,450000245,1,1,1,47.8576,1.9073,Olivet,Loiret,Centre-Val de Loire,1,1,Private,1,1,18091,339,339,1,1,NA,NA,NA,NA,NA,NA,NA,NA
NA,130784234,1,1,1,43.2632,5.4112,Marseille,Bouches-du-Rhône,Provence-Alpes-Côte d’Azur,1,1,Regional/University hospital (CHR/U),1,1,21951,366,366,1,1,NA,NA,NA,NA,NA,NA,NA,NA
NA,760780981,1,1,1,49.5277,0.0902,Le Havre,76,Normandie,1,1,Private,1,1,998,245,245,1,1,NA,NA,NA,NA,NA,NA,NA,NA
NA,420011512,1,1,1,45.4787,4.3649,Saint-Priest-en-Jarez,Loire,Auvergne-Rhône-Alpes,1,1,Private,1,1,3954,296,296,1,1,NA,NA,NA,NA,NA,NA,NA,NA
NA,590780250,1,1,1,50.5877,3.0885,Lesquin,Nord,Hauts-de-France,1,1,Private,1,1,24822,365,365,1,1,NA,NA,NA,NA,NA,NA,NA,NA
NA,470000530,1,1,1,44.314,0.079,Casteljaloux,Lot-et-Garonne,Nouvelle-Aquitaine,1,1,General public hospital (CH),1,1,339,197,197,1,1,NA,NA,NA,NA,NA,NA,NA,NA
NA,770420024,1,1,1,48.4193,2.7362,Avon,Seine-et-Marne,Île-de-France,1,1,Non-profit facility (PSPH/EBNL),1,1,671,219,219,1,1,NA,NA,NA,NA,NA,NA,NA,NA
NA,940806490,1,1,1,48.7656,2.3186,Fresnes,Hauts-de-Seine,Île-de-France,1,1,General public hospital (CH),1,1,525,217,217,1,1,NA,NA,NA,NA,NA,NA,NA,NA
NA,570000091,1,1,1,49.1553,6.8034,Freyming-Merlebach,Moselle,Grand-Est,1,1,Non-profit facility (PSPH/EBNL),1,1,1657,250,250,1,1,NA,NA,NA,NA,NA,NA,NA,NA
NA,510000185,1,1,1,49.2453,4.0182,Reims,Marne,Grand-Est,1,1,Private,1,1,42003,345,345,1,1,NA,NA,NA,NA,NA,NA,NA,NA
NA,780300323,1,1,1,48.7949,2.1383,Versailles,Yvelines,Île-de-France,1,1,Private,1,1,23297,365,365,1,1,NA,NA,NA,NA,NA,NA,NA,NA
NA,220005599,1,1,1,48.4505,-2.0473,Dinan,Côtes-d’Armor,Bretagne,1,1,Private,1,1,10000,349,349,1,1,NA,NA,NA,NA,NA,NA,NA,NA
NA,310782016,1,1,1,43.5764,1.4836,Toulouse,Haute-Garonne,Occitanie,1,1,Private,1,1,47012,366,366,1,1,NA,NA,NA,NA,NA,NA,NA,NA
NA,310016977,1,1,1,43.6062,1.4018,Toulouse,Haute-Garonne,Occitanie,1,1,Regional/University hospital (CHR/U),1,1,46998,366,366,1,1,NA,NA,NA,NA,NA,NA,NA,NA
NA,920000577,1,1,1,48.9126,2.2232,Nanterre,Hauts-de-Seine,Île-de-France,1,1,General public hospital (CH),1,1,11000,366,366,1,1,NA,NA,NA,NA,NA,NA,NA,NA
NA,170000129,1,1,1,45.6229,-1.0432,Royan,Charente-Maritime,Nouvelle-Aquitaine,1,1,General public hospital (CH),1,1,9225,365,365,1,1,NA,NA,NA,NA,NA,NA,NA,NA
NA,230000952,1,1,1,46.1743,2.4873,Évaux-les-Bains,Creuse,Nouvelle-Aquitaine,1,1,General public hospital (CH),1,1,299,195,195,1,1,NA,NA,NA,NA,NA,NA,NA,NA
NA,590000113,1,1,1,50.6109,3.0085,Loos,Nord,Hauts-de-France,1,1,General public hospital (CH),1,1,904,247,247,1,1,NA,NA,NA,NA,NA,NA,NA,NA
NA,170780100,1,1,1,46.1019,-1.0972,Angoulins,Charente-Maritime,Nouvelle-Aquitaine,1,1,Private,1,1,914,251,251,1,1,NA,NA,NA,NA,NA,NA,NA,NA
NA,690781026,1,1,1,45.7997,4.8094,Saint-Didier-au-Mont-d'Or,Rhône,Auvergne-Rhône-Alpes,1,1,Non-profit facility (PSPH/EBNL),1,1,3418,254,254,1,1,NA,NA,NA,NA,NA,NA,NA,NA
NA,290000728,1,1,1,48.3915,-4.4926,Brest,Finistère,Bretagne,1,1,General public hospital (CH),1,1,7875,366,366,1,1,NA,NA,NA,NA,NA,NA,NA,NA
NA,370000531,1,1,1,47.2208,0.3225,Saint-Benoît-la-Forêt,Indre-et-Loire,Centre-Val de Loire,1,1,General public hospital (CH),1,1,7793,366,366,1,1,NA,NA,NA,NA,NA,NA,NA,NA
NA,060780277,1,1,1,43.6476,6.9162,Grasse,Alpes-Maritimes,Provence-Alpes-Côte d’Azur,1,1,Private,1,1,1510,231,231,1,1,NA,NA,NA,NA,NA,NA,NA,NA
NA,620026690,1,1,1,50.7241,1.6374,Saint-Martin-Boulogne,Pas-de-Calais,Hauts-de-France,1,1,Non-profit facility (PSPH/EBNL),1,1,37266,264,264,1,1,NA,NA,NA,NA,NA,NA,NA,NA
NA,410004998,1,1,1,47.7974,1.065,Vendôme,Loir-et-Cher,Centre-Val de Loire,1,1,Private,1,1,6104,353,353,1,1,NA,NA,NA,NA,NA,NA,NA,NA
NA,440003291,1,1,1,47.196,-1.5372,Nantes,Loire-Atlantique,Pays de la Loire,1,1,Regional/University hospital (CHR/U),1,1,6652,272,272,1,1,NA,NA,NA,NA,NA,NA,NA,NA
NA,260020078,1,1,1,44.912,4.9059,Valence,Drôme,Auvergne-Rhône-Alpes,1,1,Regional/University hospital (CHR/U),1,1,433,230,230,1,1,NA,NA,NA,NA,NA,NA,NA,NA
NA,380781369,1,1,1,45.4431,4.7948,Saint-Prim,Isère,Auvergne-Rhône-Alpes,1,1,Non-profit facility (PSPH/EBNL),1,1,435,219,219,1,1,NA,NA,NA,NA,NA,NA,NA,NA
NA,030007942,1,1,1,46.304,3.2815,Saint-Pourçain-sur-Sioule,Allier,Auvergne-Rhône-Alpes,1,1,General public hospital (CH),1,1,842,244,244,1,1,NA,NA,NA,NA,NA,NA,NA,NA
NA,280502998,1,1,1,48.3161,0.8423,Nogent-le-Rotrou,Eure-et-Loir,Centre-Val de Loire,1,1,General public hospital (CH),1,1,7681,366,366,1,1,NA,NA,NA,NA,NA,NA,NA,NA
NA,640780581,1,1,1,43.3573,-1.3961,Cambo-les-Bains,Pyrénées-Atlantiques,Nouvelle-Aquitaine,1,1,Private,1,1,694,241,241,1,1,NA,NA,NA,NA,NA,NA,NA,NA
NA,020000519,1,1,1,49.3709,3.3358,Soissons,Aisne,Hauts-de-France,1,1,General public hospital (CH),1,1,35753,366,366,1,1,NA,NA,NA,NA,NA,NA,NA,NA
NA,060005469,1,1,1,43.7042,7.1321,Vence,Alpes-Maritimes,Provence-Alpes-Côte d’Azur,1,1,Private,1,1,1290,254,254,1,1,NA,NA,NA,NA,NA,NA,NA,NA
NA,770300135,1,1,1,48.5431,2.6506,Melun,Seine-et-Marne,Île-de-France,1,1,Private,1,1,11181,365,365,1,1,NA,NA,NA,NA,NA,NA,NA,NA
NA,240000273,1,1,1,45.3606,0.62,Brantôme en Périgord,Dordogne,Nouvelle-Aquitaine,1,1,Private,1,1,555,241,241,1,1,NA,NA,NA,NA,NA,NA,NA,NA
NA,750160012,1,1,1,48.8437,2.3447,Paris 5e Arrondissement,Paris,Île-de-France,1,1,Cancer centre (CLCC),1,1,87379,364,364,1,1,NA,NA,NA,NA,NA,NA,NA,NA
NA,110000049,1,1,1,43.3155,1.961,Castelnaudary,Aude,Occitanie,1,1,General public hospital (CH),1,1,1811,358,358,1,1,NA,NA,NA,NA,NA,NA,NA,NA
NA,130000516,1,1,1,43.3363,5.4707,Allauch,Bouches-du-Rhône,Provence-Alpes-Côte d’Azur,1,1,General public hospital (CH),1,1,4751,253,253,1,1,NA,NA,NA,NA,NA,NA,NA,NA
NA,810000562,1,1,1,43.7009,1.8183,Lavaur,Tarn,Occitanie,1,1,General public hospital (CH),1,1,6514,366,366,1,1,NA,NA,NA,NA,NA,NA,NA,NA
NA,610000044,1,1,1,48.7663,0.614,L'Aigle,Orne,Normandie,1,1,General public hospital (CH),1,1,7923,366,366,1,1,NA,NA,NA,NA,NA,NA,NA,NA
NA,930021001,1,1,1,48.8917,2.4384,Romainville,Seine-Saint-Denis,Île-de-France,1,1,Private,1,1,2058,259,259,1,1,NA,NA,NA,NA,NA,NA,NA,NA
NA,130786932,1,1,1,43.4221,5.5161,Mimet,Bouches-du-Rhône,Provence-Alpes-Côte d’Azur,1,1,Private,1,1,1902,253,253,1,1,NA,NA,NA,NA,NA,NA,NA,NA
NA,290000322,1,1,1,48.5714,-4.3198,Lesneven,Finistère,Bretagne,1,1,General public hospital (CH),1,1,559,234,234,1,1,NA,NA,NA,NA,NA,NA,NA,NA
NA,330780115,1,1,1,44.8569,-0.5888,Bordeaux,Gironde,Nouvelle-Aquitaine,1,1,Private,1,1,30189,340,340,1,1,NA,NA,NA,NA,NA,NA,NA,NA
NA,760025312,1,1,1,49.4285,1.0949,Rouen,Seine-Maritime,Normandie,1,1,Private,1,1,47471,366,366,1,1,NA,NA,NA,NA,NA,NA,NA,NA
NA,340780675,1,1,1,43.6131,3.8522,Montpellier,Hérault,Occitanie,1,1,Private,1,1,33820,365,365,1,1,NA,NA,NA,NA,NA,NA,NA,NA
NA,750300915,1,1,1,48.88,2.3043,Paris 17e Arrondissement,Paris,Île-de-France,1,1,Private,1,1,27533,365,365,1,1,NA,NA,NA,NA,NA,NA,NA,NA
NA,130782071,1,1,1,43.5074,4.9901,Istres,Bouches-du-Rhône,Provence-Alpes-Côte d’Azur,1,1,Private,1,1,2680,343,343,1,1,NA,NA,NA,NA,NA,NA,NA,NA
NA,130783665,1,1,1,43.2502,5.382,Marseille,Bouches-du-Rhône,Provence-Alpes-Côte d’Azur,1,1,Non-profit facility (PSPH/EBNL),1,1,12052,323,323,1,1,NA,NA,NA,NA,NA,NA,NA,NA
NA,590000527,1,1,1,50.1147,3.9237,Avesnes-sur-Helpe,Nord,Hauts-de-France,1,1,General public hospital (CH),1,1,4483,314,314,1,1,NA,NA,NA,NA,NA,NA,NA,NA
NA,060794013,1,1,1,43.6615,7.1852,Saint-Laurent-du-Var,Alpes-Maritimes,Provence-Alpes-Côte d’Azur,1,1,Non-profit facility (PSPH/EBNL),1,1,6458,357,357,1,1,NA,NA,NA,NA,NA,NA,NA,NA
NA,940300452,1,1,1,48.7219,2.5316,Villecresnes,Val-de-Marne,Île-de-France,1,1,Private,1,1,3451,322,322,1,1,NA,NA,NA,NA,NA,NA,NA,NA
NA,150000180,1,1,1,45.1107,2.8724,Murat,Cantal,Auvergne-Rhône-Alpes,1,1,General public hospital (CH),1,1,639,280,280,1,1,NA,NA,NA,NA,NA,NA,NA,NA
NA,750014128,1,1,1,48.8767,2.3848,Paris 19e Arrondissement,Seine-Saint-Denis,Île-de-France,1,1,Private,1,1,1536,263,263,1,1,NA,NA,NA,NA,NA,NA,NA,NA
NA,680001310,1,1,1,47.8838,7.195,Jungholtz,Haut-Rhin,Grand-Est,1,1,Non-profit facility (PSPH/EBNL),1,1,604,242,242,1,1,NA,NA,NA,NA,NA,NA,NA,NA
NA,490002037,1,1,1,47.0384,-0.9025,Cholet,Maine-et-Loire,Pays de la Loire,1,1,Private,1,1,25616,364,364,1,1,NA,NA,NA,NA,NA,NA,NA,NA
NA,590780128,1,1,1,50.4422,3.1196,Raimbeaucourt,Nord,Hauts-de-France,1,1,Non-profit facility (PSPH/EBNL),1,1,816,187,187,1,1,NA,NA,NA,NA,NA,NA,NA,NA
NA,920005238,1,1,1,48.8365,2.2322,Boulogne-Billancourt,Hauts-de-Seine,Île-de-France,1,1,Private,1,1,1260,255,255,1,1,NA,NA,NA,NA,NA,NA,NA,NA
NA,620101311,1,1,1,50.9239,1.8066,Coquelles,62,Hauts-de-France,1,1,Private,1,1,21960,366,366,1,1,NA,NA,NA,NA,NA,NA,NA,NA
NA,020000089,1,1,1,49.9029,3.6402,Guise,Aisne,Hauts-de-France,1,1,General public hospital (CH),1,1,1699,328,328,1,1,NA,NA,NA,NA,NA,NA,NA,NA
NA,880788591,1,1,1,48.2002,6.4637,Épinal,Vosges,Grand-Est,1,1,Private,1,1,33717,365,365,1,1,NA,NA,NA,NA,NA,NA,NA,NA
NA,800000226,1,1,1,50.1515,2.352,Doullens,Somme,Hauts-de-France,1,1,General public hospital (CH),1,1,6398,365,365,1,1,NA,NA,NA,NA,NA,NA,NA,NA
NA,610780371,1,1,1,48.5516,-0.4191,Bagnoles de l'Orne Normandie,Orne,Normandie,1,1,Non-profit facility (PSPH/EBNL),1,1,730,245,245,1,1,NA,NA,NA,NA,NA,NA,NA,NA
NA,650002579,1,1,1,43.2185,0.0782,Tarbes,Hautes-Pyrénées,Occitanie,1,1,Private,1,1,14255,348,348,1,1,NA,NA,NA,NA,NA,NA,NA,NA
NA,240000091,1,1,1,45.2411,0.8148,Antonne-et-Trigonant,Dordogne,Nouvelle-Aquitaine,1,1,General public hospital (CH),1,1,863,245,245,1,1,NA,NA,NA,NA,NA,NA,NA,NA
NA,130002215,1,1,1,43.1795,5.6077,La Ciotat,13,Provence-Alpes-Côte d'Azur,1,1,General public hospital (CH),1,1,9936,366,366,1,1,NA,NA,NA,NA,NA,NA,NA,NA
NA,350042131,1,1,1,47.6554,-2.0807,Redon,Ille-et-Vilaine,Bretagne,1,1,Private,1,1,5397,313,313,1,1,NA,NA,NA,NA,NA,NA,NA,NA
NA,440029379,1,1,1,47.2485,-1.5207,Nantes,Loire-Atlantique,Pays de la Loire,1,1,Private,1,1,48051,340,340,1,1,NA,NA,NA,NA,NA,NA,NA,NA
NA,750150344,1,1,1,48.8377,2.2927,Paris 15e Arrondissement,Hauts-de-Seine,Île-de-France,1,1,Non-profit facility (PSPH/EBNL),1,1,1948,250,250,1,1,NA,NA,NA,NA,NA,NA,NA,NA
NA,140000290,1,1,1,48.8409,-0.8962,Vire Normandie,Calvados,Normandie,1,1,Private,1,1,6754,227,227,1,1,NA,NA,NA,NA,NA,NA,NA,NA
NA,780630026,1,1,1,48.7592,2.1432,Les Loges-en-Josas,Yvelines,Île-de-France,1,1,Non-profit facility (PSPH/EBNL),1,1,1759,305,305,1,1,NA,NA,NA,NA,NA,NA,NA,NA
NA,040000135,1,1,1,44.193,5.9438,Sisteron,Alpes-de-Haute-Provence,Provence-Alpes-Côte d’Azur,1,1,General public hospital (CH),1,1,3946,364,364,1,1,NA,NA,NA,NA,NA,NA,NA,NA
NA,840013312,1,1,1,43.9277,4.8045,Avignon,Vaucluse,Provence-Alpes-Côte d’Azur,1,1,Private,1,1,15360,366,366,1,1,NA,NA,NA,NA,NA,NA,NA,NA
NA,130038003,1,1,1,43.5304,5.458,Aix-en-Provence,Bouches-du-Rhône,Provence-Alpes-Côte d’Azur,1,1,Private,1,1,5950,295,295,1,1,NA,NA,NA,NA,NA,NA,NA,NA
NA,140000233,1,1,1,48.8916,-0.2049,Falaise,Calvados,Normandie,1,1,General public hospital (CH),1,1,9778,366,366,1,1,NA,NA,NA,NA,NA,NA,NA,NA
NA,140002452,1,1,1,49.1897,-0.3671,Caen,Calvados,Normandie,1,1,Non-profit facility (PSPH/EBNL),1,1,8365,352,352,1,1,NA,NA,NA,NA,NA,NA,NA,NA
NA,660790387,1,1,1,42.6928,2.9317,Cabestany,Pyrénées-Orientales,Occitanie,1,1,Private,1,1,34323,366,366,1,1,NA,NA,NA,NA,NA,NA,NA,NA
NA,400787354,1,1,1,43.693600000000004,-1.0699,Dax,Landes,Nouvelle-Aquitaine,1,1,General public hospital (CH),1,1,735,244,244,1,1,NA,NA,NA,NA,NA,NA,NA,NA
NA,330781402,1,1,1,44.8251,-0.5296,Floirac,Gironde,Nouvelle-Aquitaine,1,1,Private,1,1,24267,364,364,1,1,NA,NA,NA,NA,NA,NA,NA,NA
NA,590001442,1,1,1,51.0663,2.48,Zuydcoote,Nord,Hauts-de-France,1,1,General public hospital (CH),1,1,3751,257,257,1,1,NA,NA,NA,NA,NA,NA,NA,NA
NA,680001328,1,1,1,48.1003,7.2313,Ammerschwihr,Haut-Rhin,Grand-Est,1,1,Non-profit facility (PSPH/EBNL),1,1,1634,266,266,1,1,NA,NA,NA,NA,NA,NA,NA,NA
NA,810101170,1,1,1,43.9284,2.1805,Albi,Tarn,Occitanie,1,1,Private,1,1,14828,352,352,1,1,NA,NA,NA,NA,NA,NA,NA,NA
NA,910100015,1,1,1,48.5237,2.4321,Chevannes,Essonne,Île-de-France,1,1,Regional/University hospital (CHR/U),1,1,1404,280,280,1,1,NA,NA,NA,NA,NA,NA,NA,NA
NA,570000992,1,1,1,48.8138,6.7237,Dieuze,Moselle,Grand-Est,1,1,General public hospital (CH),1,1,344,206,206,1,1,NA,NA,NA,NA,NA,NA,NA,NA
NA,540000312,1,1,1,48.6337,6.3016,Saint-Nicolas-de-Port,Meurthe-et-Moselle,Grand-Est,1,1,General public hospital (CH),1,1,971,247,247,1,1,NA,NA,NA,NA,NA,NA,NA,NA
NA,050000231,1,1,1,44.9064,6.633,Briançon,Hautes-Alpes,Provence-Alpes-Côte d’Azur,1,1,General public hospital (CH),1,1,15559,366,366,1,1,NA,NA,NA,NA,NA,NA,NA,NA
NA,2A0022778,1,1,1,41.9149,8.7297,Ajaccio,Corse-du-Sud,Corse,1,1,General public hospital (CH),1,1,241,149,149,1,1,NA,NA,NA,NA,NA,NA,NA,NA
NA,690780663,1,1,1,45.5196,4.8619,Sainte-Colombe,Isère,Auvergne-Rhône-Alpes,1,1,Private,1,1,21049,338,338,1,1,NA,NA,NA,NA,NA,NA,NA,NA
NA,570000687,1,1,1,49.0984,6.7058,Saint-Avold,Moselle,Grand-Est,1,1,General public hospital (CH),1,1,1929,278,278,1,1,NA,NA,NA,NA,NA,NA,NA,NA
NA,490017613,1,1,1,47.4568,-0.5135,Trélazé,Maine-et-Loire,Pays de la Loire,1,1,Private,1,1,484,128,128,1,1,NA,NA,NA,NA,NA,NA,NA,NA
NA,220000111,1,1,1,48.7261,-3.4462,Lannion,Côtes-d’Armor,Bretagne,1,1,Private,1,1,7867,306,306,1,1,NA,NA,NA,NA,NA,NA,NA,NA
NA,950300301,1,1,1,49.0416,2.1101,Saint-Ouen-l'Aumône,Val-d’Oise,Île-de-France,1,1,Private,1,1,2200,267,267,1,1,NA,NA,NA,NA,NA,NA,NA,NA
NA,060791811,1,1,1,43.7402,7.2773,Nice,Alpes-Maritimes,Provence-Alpes-Côte d’Azur,1,1,Non-profit facility (PSPH/EBNL),1,1,3741,323,323,1,1,NA,NA,NA,NA,NA,NA,NA,NA
NA,350000444,1,1,1,48.4567,-1.4803,Antrain,Ille-et-Vilaine,Bretagne,1,1,General public hospital (CH),1,1,956,246,246,1,1,NA,NA,NA,NA,NA,NA,NA,NA
NA,350042602,1,1,1,48.3606,-1.1942,Fougères,Ille-et-Vilaine,Bretagne,1,1,Private,1,1,4786,313,313,1,1,NA,NA,NA,NA,NA,NA,NA,NA
NA,250011848,1,1,1,47.2157,5.9792,Besançon,Doubs,Bourgogne-Franche-Comté,1,1,Private,1,1,22802,363,363,1,1,NA,NA,NA,NA,NA,NA,NA,NA
NA,240000505,1,1,1,45.2457,0.341,Ribérac,Dordogne,Nouvelle-Aquitaine,1,1,General public hospital (CH),1,1,350,219,219,1,1,NA,NA,NA,NA,NA,NA,NA,NA
NA,580780138,1,1,1,46.9958,3.1485,Nevers,Nièvre,Bourgogne-Franche-Comté,1,1,Private,1,1,21572,327,327,1,1,NA,NA,NA,NA,NA,NA,NA,NA
NA,680000544,1,1,1,47.624,7.2502,Altkirch,Haut-Rhin,Grand-Est,1,1,General public hospital (CH),1,1,6384,350,350,1,1,NA,NA,NA,NA,NA,NA,NA,NA
NA,830016556,1,1,1,43.555,6.5076,Figanières,Var,Provence-Alpes-Côte d’Azur,1,1,Non-profit facility (PSPH/EBNL),1,1,572,241,241,1,1,NA,NA,NA,NA,NA,NA,NA,NA
NA,780300125,1,1,1,48.984,1.7167,Mantes-la-Jolie,Yvelines,Île-de-France,1,1,Private,1,1,33197,349,349,1,1,NA,NA,NA,NA,NA,NA,NA,NA
NA,130041767,1,1,1,43.3097,5.3731,Marseille,Bouches-du-Rhône,Provence-Alpes-Côte d’Azur,1,1,Private,1,1,3480,359,359,1,1,NA,NA,NA,NA,NA,NA,NA,NA
NA,910300235,1,1,1,48.3565,2.1265,Saclas,Essonne,Île-de-France,1,1,Private,1,1,621,231,231,1,1,NA,NA,NA,NA,NA,NA,NA,NA
NA,910300177,1,1,1,48.6889,2.3024,Longjumeau,Essonne,Île-de-France,1,1,Private,1,1,17081,366,366,1,1,NA,NA,NA,NA,NA,NA,NA,NA
NA,540000015,1,1,1,48.6813,6.1902,Nancy,Meurthe-et-Moselle,Grand-Est,1,1,General public hospital (CH),1,1,15328,366,366,1,1,NA,NA,NA,NA,NA,NA,NA,NA
NA,680000189,1,1,1,47.7569,7.0581,Sentheim,Haut-Rhin,Grand-Est,1,1,Non-profit facility (PSPH/EBNL),1,1,1098,248,248,1,1,NA,NA,NA,NA,NA,NA,NA,NA
NA,390000172,1,1,1,46.8829,5.9088,Pont-d'Héry,Jura,Bourgogne-Franche-Comté,1,1,Non-profit facility (PSPH/EBNL),1,1,1226,253,253,1,1,NA,NA,NA,NA,NA,NA,NA,NA
NA,510000250,1,1,1,48.7156,4.598,Vitry-le-François,Marne,Grand-Est,1,1,General public hospital (CH),1,1,3186,366,366,1,1,NA,NA,NA,NA,NA,NA,NA,NA
NA,930500012,1,1,1,48.9637,2.5362,Villepinte,Seine-Saint-Denis,Île-de-France,1,1,Non-profit facility (PSPH/EBNL),1,1,718,226,226,1,1,NA,NA,NA,NA,NA,NA,NA,NA
NA,340780154,1,1,1,43.4564,3.4233,Pézenas,Hérault,Occitanie,1,1,Private,1,1,8601,363,363,1,1,NA,NA,NA,NA,NA,NA,NA,NA
NA,570000380,1,1,1,48.6299,7.1185,Abreschviller,Moselle,Grand-Est,1,1,General public hospital (CH),1,1,1444,253,253,1,1,NA,NA,NA,NA,NA,NA,NA,NA
NA,020000303,1,1,1,48.995,3.2675,Villiers-Saint-Denis,Aisne,Hauts-de-France,1,1,Non-profit facility (PSPH/EBNL),1,1,3531,258,258,1,1,NA,NA,NA,NA,NA,NA,NA,NA
NA,920300886,1,1,1,48.8766,2.2001,Rueil-Malmaison,Hauts-de-Seine,Île-de-France,1,1,Private,1,1,1353,251,251,1,1,NA,NA,NA,NA,NA,NA,NA,NA
NA,780420022,1,1,1,48.6507,1.8716,Rambouillet,Yvelines,Île-de-France,1,1,Non-profit facility (PSPH/EBNL),1,1,996,244,244,1,1,NA,NA,NA,NA,NA,NA,NA,NA
NA,160000170,1,1,1,45.6497,0.1471,Angoulême,Charente,Nouvelle-Aquitaine,1,1,Private,1,1,9353,366,366,1,1,NA,NA,NA,NA,NA,NA,NA,NA
NA,560000366,1,1,1,48.069,-3.2026,Guémené-sur-Scorff,Morbihan,Bretagne,1,1,General public hospital (CH),1,1,482,231,231,1,1,NA,NA,NA,NA,NA,NA,NA,NA
NA,670780550,1,1,1,48.9062,7.7469,Morsbronn-les-Bains,Bas-Rhin,Grand-Est,1,1,Non-profit facility (PSPH/EBNL),1,1,1665,248,248,1,1,NA,NA,NA,NA,NA,NA,NA,NA
NA,190002493,1,1,1,45.2838,1.7675,Tulle,Corrèze,Nouvelle-Aquitaine,1,1,General public hospital (CH),1,1,296,195,195,1,1,NA,NA,NA,NA,NA,NA,NA,NA
NA,910002609,1,1,1,48.7002,2.3762,Athis-Mons,Essonne,Île-de-France,1,1,Private,1,1,5984,191,191,1,1,NA,NA,NA,NA,NA,NA,NA,NA
NA,130786023,1,1,1,43.4232,5.0389,Martigues,Bouches-du-Rhône,Provence-Alpes-Côte d’Azur,1,1,Private,1,1,1467,253,253,1,1,NA,NA,NA,NA,NA,NA,NA,NA
NA,680010824,1,1,1,48.0755,7.344,Colmar,Haut-Rhin,Grand-Est,1,1,Private,1,1,19385,314,314,1,1,NA,NA,NA,NA,NA,NA,NA,NA
NA,340780568,1,1,1,43.732,3.3047,Lodève,Hérault,Occitanie,1,1,Private,1,1,2275,280,280,1,1,NA,NA,NA,NA,NA,NA,NA,NA
NA,270000482,1,1,1,49.3496,0.8147,Bourg-Achard,Eure,Normandie,1,1,General public hospital (CH),1,1,168,130,130,1,1,NA,NA,NA,NA,NA,NA,NA,NA
NA,930300587,1,1,1,48.9166,2.3344,Saint-Ouen,Seine-Saint-Denis,Île-de-France,1,1,Private,1,1,27623,333,333,1,1,NA,NA,NA,NA,NA,NA,NA,NA
NA,350000436,1,1,1,48.1385,-1.9523,Montfort-sur-Meu,Ille-et-Vilaine,Bretagne,1,1,General public hospital (CH),1,1,478,220,220,1,1,NA,NA,NA,NA,NA,NA,NA,NA
NA,060780558,1,1,1,43.7176,7.1229,Vence,Alpes-Maritimes,Provence-Alpes-Côte d’Azur,1,1,Non-profit facility (PSPH/EBNL),1,1,1033,264,264,1,1,NA,NA,NA,NA,NA,NA,NA,NA
NA,660780636,1,1,1,42.5245,3.09,Collioure,Pyrénées-Orientales,Occitanie,1,1,Private,1,1,1070,242,242,1,1,NA,NA,NA,NA,NA,NA,NA,NA
NA,570000646,1,1,1,49.115,6.211,Metz,Moselle,Grand-Est,1,1,Private,1,1,53366,366,366,1,1,NA,NA,NA,NA,NA,NA,NA,NA
NA,330780446,1,1,1,44.8363,-0.6045,Bordeaux,Gironde,Nouvelle-Aquitaine,1,1,Private,1,1,25283,322,322,1,1,NA,NA,NA,NA,NA,NA,NA,NA
NA,520004680,1,1,1,48.1219,5.1389,Chaumont,Haute-Marne,Grand-Est,1,1,Non-profit facility (PSPH/EBNL),1,1,4123,352,352,1,1,NA,NA,NA,NA,NA,NA,NA,NA
NA,310782396,1,1,1,43.5567,1.4313,Toulouse,Haute-Garonne,Occitanie,1,1,Private,1,1,1208,248,248,1,1,NA,NA,NA,NA,NA,NA,NA,NA
NA,110780228,1,1,1,43.1908,2.9237,Montredon-des-Corbières,Aude,Occitanie,1,1,Private,1,1,35692,366,366,1,1,NA,NA,NA,NA,NA,NA,NA,NA
NA,340780212,1,1,1,43.5951,3.0799,Lamalou-les-Bains,Hérault,Occitanie,1,1,Private,1,1,2192,261,261,1,1,NA,NA,NA,NA,NA,NA,NA,NA
NA,490534922,1,1,1,47.0465,-0.8978,Cholet,Maine-et-Loire,Pays de la Loire,1,1,Private,1,1,1495,247,247,1,1,NA,NA,NA,NA,NA,NA,NA,NA
NA,920300787,1,1,1,48.8932,2.2735,Neuilly-sur-Seine,Hauts-de-Seine,Île-de-France,1,1,Private,1,1,13638,365,365,1,1,NA,NA,NA,NA,NA,NA,NA,NA
NA,590797346,1,1,1,50.4333,3.5828,Fresnes-sur-Escaut,Nord,Hauts-de-France,1,1,Non-profit facility (PSPH/EBNL),1,1,216,161,161,1,1,NA,NA,NA,NA,NA,NA,NA,NA
NA,220000566,1,1,1,48.4695,-2.5199,Lamballe,Côtes-d’Armor,Bretagne,1,1,General public hospital (CH),1,1,692,260,260,1,1,NA,NA,NA,NA,NA,NA,NA,NA
NA,690007539,1,1,1,45.7482,4.897,Lyon,Rhône,Auvergne-Rhône-Alpes,1,1,Regional/University hospital (CHR/U),1,1,56805,366,366,1,1,NA,NA,NA,NA,NA,NA,NA,NA
NA,870000171,1,1,1,45.8486,1.1314,Verneuil-sur-Vienne,Haute-Vienne,Nouvelle-Aquitaine,1,1,Non-profit facility (PSPH/EBNL),1,1,981,249,249,1,1,NA,NA,NA,NA,NA,NA,NA,NA
NA,770000172,1,1,1,48.5602,3.2992,Provins,Seine-et-Marne,Île-de-France,1,1,General public hospital (CH),1,1,18319,366,366,1,1,NA,NA,NA,NA,NA,NA,NA,NA
NA,710978347,1,1,1,46.8029,4.4485,Le Creusot,Saône-et-Loire,Bourgogne-Franche-Comté,1,1,Non-profit facility (PSPH/EBNL),1,1,27470,366,366,1,1,NA,NA,NA,NA,NA,NA,NA,NA
NA,590000014,1,1,1,50.3561,3.2845,Somain,Nord,Hauts-de-France,1,1,General public hospital (CH),1,1,1186,290,290,1,1,NA,NA,NA,NA,NA,NA,NA,NA
NA,690000401,1,1,1,45.6832,4.4765,Aveize,Rhône,Auvergne-Rhône-Alpes,1,1,Non-profit facility (PSPH/EBNL),1,1,668,232,232,1,1,NA,NA,NA,NA,NA,NA,NA,NA
NA,930011788,1,1,1,48.9135,2.46,Drancy,Seine-Saint-Denis,Île-de-France,1,1,Private,1,1,849,239,239,1,1,NA,NA,NA,NA,NA,NA,NA,NA
NA,010780278,1,1,1,45.9725,5.6145,Hauteville-Lompnes,Ain,Auvergne-Rhône-Alpes,1,1,Non-profit facility (PSPH/EBNL),1,1,430,206,206,1,1,NA,NA,NA,NA,NA,NA,NA,NA
NA,910300276,1,1,1,48.6547,2.2905,Longpont-sur-Orge,Essonne,Île-de-France,1,1,Private,1,1,2928,257,257,1,1,NA,NA,NA,NA,NA,NA,NA,NA
NA,300781440,1,1,1,43.9069,4.0221,Quissac,Gard,Occitanie,1,1,Private,1,1,437,198,198,1,1,NA,NA,NA,NA,NA,NA,NA,NA
NA,590806360,1,1,1,50.653,2.9925,Lille,Nord,Hauts-de-France,1,1,Private,1,1,9616,318,318,1,1,NA,NA,NA,NA,NA,NA,NA,NA
NA,810004200,1,1,1,43.4709,2.078,Cahuzac,Tarn,Occitanie,1,1,Private,1,1,677,233,233,1,1,NA,NA,NA,NA,NA,NA,NA,NA
NA,2B0000145,1,1,1,42.7009,9.4471,Bastia,Haute-Corse,Corse,1,1,Private,1,1,16470,352,352,1,1,NA,NA,NA,NA,NA,NA,NA,NA
NA,920300936,1,1,1,48.8422,2.205,Saint-Cloud,Hauts-de-Seine,Île-de-France,1,1,Private,1,1,6848,363,363,1,1,NA,NA,NA,NA,NA,NA,NA,NA
NA,330782582,1,1,1,44.8858,-0.6114,Bruges,Gironde,Nouvelle-Aquitaine,1,1,Private,1,1,25652,366,366,1,1,NA,NA,NA,NA,NA,NA,NA,NA
NA,570026252,1,1,1,49.1232,6.2404,Vantoux,Moselle,Grand-Est,1,1,Non-profit facility (PSPH/EBNL),1,1,67877,366,366,1,1,NA,NA,NA,NA,NA,NA,NA,NA
NA,600100275,1,1,1,49.2578,2.3326,Cires-lès-Mello,Oise,Hauts-de-France,1,1,Non-profit facility (PSPH/EBNL),1,1,869,252,252,1,1,NA,NA,NA,NA,NA,NA,NA,NA
NA,890000292,1,1,1,48.1962,3.2941,Sens,Yonne,Bourgogne-Franche-Comté,1,1,Private,1,1,506,220,220,1,1,NA,NA,NA,NA,NA,NA,NA,NA
NA,550000178,1,1,1,48.787,5.1657,Behonne,Meuse,Grand-Est,1,1,Private,1,1,12052,352,352,1,1,NA,NA,NA,NA,NA,NA,NA,NA
NA,940300379,1,1,1,48.8049,2.4784,Saint-Maur-des-Fossés,Val-de-Marne,Île-de-France,1,1,Private,1,1,12574,361,361,1,1,NA,NA,NA,NA,NA,NA,NA,NA
NA,600101687,1,1,1,49.2004,2.43,Gouvieux,Oise,Hauts-de-France,1,1,Non-profit facility (PSPH/EBNL),1,1,587,243,243,1,1,NA,NA,NA,NA,NA,NA,NA,NA
NA,630781839,1,1,1,45.7528,3.0741,Beaumont,Puy-de-Dôme,Auvergne-Rhône-Alpes,1,1,Private,1,1,46916,366,366,1,1,NA,NA,NA,NA,NA,NA,NA,NA
NA,350054680,1,1,1,48.1377,-1.6583,Rennes,Ille-et-Vilaine,Bretagne,1,1,Non-profit facility (PSPH/EBNL),1,1,22969,366,366,1,1,NA,NA,NA,NA,NA,NA,NA,NA
NA,830100475,1,1,1,43.1295,5.921,Toulon,Var,Provence-Alpes-Côte d’Azur,1,1,Private,1,1,7029,306,306,1,1,NA,NA,NA,NA,NA,NA,NA,NA
NA,800013179,1,1,1,49.8702,2.2952,Amiens,Somme,Hauts-de-France,1,1,Private,1,1,21509,343,343,1,1,NA,NA,NA,NA,NA,NA,NA,NA
NA,330781303,1,1,1,44.7994,-0.5698,Bègles,Gironde,Nouvelle-Aquitaine,1,1,General public hospital (CH),1,1,774,261,261,1,1,NA,NA,NA,NA,NA,NA,NA,NA
NA,340027887,1,1,1,43.7087,3.833,Saint-Clément-de-Rivière,Hérault,Occitanie,1,1,Private,1,1,1020,252,252,1,1,NA,NA,NA,NA,NA,NA,NA,NA
NA,500024336,1,1,1,49.6385,-1.6132,Cherbourg-en-Cotentin,Manche,Normandie,1,1,Private,1,1,384,152,152,1,1,NA,NA,NA,NA,NA,NA,NA,NA
NA,010000107,1,1,1,46.4326,4.9466,Pont-de-Vaux,Ain,Auvergne-Rhône-Alpes,1,1,General public hospital (CH),1,1,240,164,164,1,1,NA,NA,NA,NA,NA,NA,NA,NA
NA,570005215,1,1,1,49.1299,6.1382,Metz,Moselle,Grand-Est,1,1,Regional/University hospital (CHR/U),1,1,924,243,243,1,1,NA,NA,NA,NA,NA,NA,NA,NA
NA,340780857,1,1,1,43.5787,3.8245,Saint-Jean-de-Védas,Hérault,Occitanie,1,1,Private,1,1,1574,237,237,1,1,NA,NA,NA,NA,NA,NA,NA,NA
NA,870003514,1,1,1,45.8112,1.2328,Isle,Haute-Vienne,Nouvelle-Aquitaine,1,1,Regional/University hospital (CHR/U),1,1,8846,279,279,1,1,NA,NA,NA,NA,NA,NA,NA,NA
NA,620100735,1,1,1,50.5401,2.6295,Béthune,Pas-de-Calais,Hauts-de-France,1,1,Private,1,1,18039,364,364,1,1,NA,NA,NA,NA,NA,NA,NA,NA
NA,800000390,1,1,1,49.6479,2.5743,Montdidier,Somme,Hauts-de-France,1,1,General public hospital (CH),1,1,2788,365,365,1,1,NA,NA,NA,NA,NA,NA,NA,NA
NA,620100750,1,1,1,50.5184,2.6757,Beuvry,Pas-de-Calais,Hauts-de-France,1,1,Private,1,1,14233,325,325,1,1,NA,NA,NA,NA,NA,NA,NA,NA
NA,580972669,1,1,1,47.4535,3.5089,Clamecy,Nièvre,Bourgogne-Franche-Comté,1,1,General public hospital (CH),1,1,1827,360,360,1,1,NA,NA,NA,NA,NA,NA,NA,NA
NA,060800182,1,1,1,43.5756,6.9326,Pégomas,Alpes-Maritimes,Provence-Alpes-Côte d’Azur,1,1,Private,1,1,1337,247,247,1,1,NA,NA,NA,NA,NA,NA,NA,NA
NA,420793697,1,1,1,45.639,4.2381,Montrond-les-Bains,Loire,Auvergne-Rhône-Alpes,1,1,Private,1,1,870,241,241,1,1,NA,NA,NA,NA,NA,NA,NA,NA
NA,930300280,1,1,1,48.9133,2.5239,Livry-Gargan,Seine-Saint-Denis,Île-de-France,1,1,Private,1,1,1528,251,251,1,1,NA,NA,NA,NA,NA,NA,NA,NA
NA,010780476,1,1,1,46.0095,5.7883,Chanay,Ain,Auvergne-Rhône-Alpes,1,1,Non-profit facility (PSPH/EBNL),1,1,621,254,254,1,1,NA,NA,NA,NA,NA,NA,NA,NA
NA,820002350,1,1,1,43.8739,1.0086,Beaumont-de-Lomagne,Tarn-et-Garonne,Occitanie,1,1,Private,1,1,1318,346,346,1,1,NA,NA,NA,NA,NA,NA,NA,NA
NA,950300152,1,1,1,48.9927,2.2869,Eaubonne,Val-d’Oise,Île-de-France,1,1,Private,1,1,1377,256,256,1,1,NA,NA,NA,NA,NA,NA,NA,NA
NA,920300985,1,1,1,48.9348,2.3269,Villeneuve-la-Garenne,Seine-Saint-Denis,Île-de-France,1,1,Non-profit facility (PSPH/EBNL),1,1,566,218,218,1,1,NA,NA,NA,NA,NA,NA,NA,NA
NA,940300445,1,1,1,48.7686,2.3699,Thiais,Val-de-Marne,Île-de-France,1,1,Private,1,1,28426,365,365,1,1,NA,NA,NA,NA,NA,NA,NA,NA
NA,210986741,1,1,1,47.412,5.0096,Messigny-et-Vantoux,Côte-d’Or,Bourgogne-Franche-Comté,1,1,Private,1,1,817,246,246,1,1,NA,NA,NA,NA,NA,NA,NA,NA
NA,120780135,1,1,1,44.035,2.5022,Saint-Jean-Delnous,Aveyron,Occitanie,1,1,Non-profit facility (PSPH/EBNL),1,1,654,232,232,1,1,NA,NA,NA,NA,NA,NA,NA,NA
NA,570000893,1,1,1,49.0993,7.0827,Sarreguemines,Moselle,Grand-Est,1,1,General public hospital (CH),1,1,359,118,118,1,1,NA,NA,NA,NA,NA,NA,NA,NA
NA,830012688,1,1,1,43.1274,5.879,Ollioules,Var,Provence-Alpes-Côte d’Azur,1,1,Private,1,1,20791,315,315,1,1,NA,NA,NA,NA,NA,NA,NA,NA
NA,950300376,1,1,1,48.992,2.3179,Montmorency,Val-d’Oise,Île-de-France,1,1,Private,1,1,570,226,226,1,1,NA,NA,NA,NA,NA,NA,NA,NA
NA,290023431,1,1,1,48.5931,-3.8297,Morlaix,Finistère,Bretagne,1,1,Private,1,1,10398,259,259,1,1,NA,NA,NA,NA,NA,NA,NA,NA
NA,750300154,1,1,1,48.8802,2.325,Paris 8e Arrondissement,Paris,Île-de-France,1,1,Private,1,1,50139,358,358,1,1,NA,NA,NA,NA,NA,NA,NA,NA
NA,700780174,1,1,1,47.6337,6.1398,Vesoul,Haute-Saône,Bourgogne-Franche-Comté,1,1,Private,1,1,6970,235,235,1,1,NA,NA,NA,NA,NA,NA,NA,NA
NA,530000165,1,1,1,48.1575,-0.4092,Évron,Mayenne,Pays de la Loire,1,1,General public hospital (CH),1,1,399,196,196,1,1,NA,NA,NA,NA,NA,NA,NA,NA
NA,620000026,1,1,1,50.4186,1.5667,Berck,62,Hauts-de-France,1,1,Non-profit facility (PSPH/EBNL),1,1,13852,345,345,1,1,NA,NA,NA,NA,NA,NA,NA,NA
NA,930300124,1,1,1,48.8771,2.4124,Les Lilas,Seine-Saint-Denis,Île-de-France,1,1,Private,1,1,940,246,246,1,1,NA,NA,NA,NA,NA,NA,NA,NA
NA,130034531,1,1,1,43.6578,4.6358,Arles,Bouches-du-Rhône,Provence-Alpes-Côte d’Azur,1,1,Private,1,1,4119,313,313,1,1,NA,NA,NA,NA,NA,NA,NA,NA
NA,540005196,1,1,1,48.4496,6.7458,Baccarat,Meurthe-et-Moselle,Grand-Est,1,1,Private,1,1,829,250,250,1,1,NA,NA,NA,NA,NA,NA,NA,NA
NA,370004301,1,1,1,47.1216,0.9802,Loches,Indre-et-Loire,Centre-Val de Loire,1,1,General public hospital (CH),1,1,263,183,183,1,1,NA,NA,NA,NA,NA,NA,NA,NA
NA,080000276,1,1,1,49.3953,4.7018,Vouziers,Ardennes,Grand-Est,1,1,General public hospital (CH),1,1,640,292,292,1,1,NA,NA,NA,NA,NA,NA,NA,NA
NA,780140018,1,1,1,48.7512,1.948,La Verrière,Yvelines,Île-de-France,1,1,Non-profit facility (PSPH/EBNL),1,1,1289,258,258,1,1,NA,NA,NA,NA,NA,NA,NA,NA
NA,380000018,1,1,1,45.1409,5.8347,Saint-Martin-d'Uriage,Isère,Auvergne-Rhône-Alpes,1,1,General public hospital (CH),1,1,2202,255,255,1,1,NA,NA,NA,NA,NA,NA,NA,NA
NA,310780382,1,1,1,43.5895,1.4139,Toulouse,Haute-Garonne,Occitanie,1,1,Private,1,1,21194,366,366,1,1,NA,NA,NA,NA,NA,NA,NA,NA
NA,890975535,1,1,1,47.4899,3.9052,Avallon,Yonne,Bourgogne-Franche-Comté,1,1,General public hospital (CH),1,1,2307,365,365,1,1,NA,NA,NA,NA,NA,NA,NA,NA
NA,920300258,1,1,1,48.8072,2.2821,Châtillon,Hauts-de-Seine,Île-de-France,1,1,Private,1,1,803,238,238,1,1,NA,NA,NA,NA,NA,NA,NA,NA
NA,330000613,1,1,1,44.8425,0.2223,Sainte-Foy-la-Grande,Dordogne,Nouvelle-Aquitaine,1,1,General public hospital (CH),1,1,1755,354,354,1,1,NA,NA,NA,NA,NA,NA,NA,NA
NA,770813400,1,1,1,48.941,2.8736,Mareuil-lès-Meaux,Seine-et-Marne,Île-de-France,1,1,Private,1,1,12555,366,366,1,1,NA,NA,NA,NA,NA,NA,NA,NA
NA,130781917,1,1,1,43.5725,5.3626,Éguilles,Bouches-du-Rhône,Provence-Alpes-Côte d’Azur,1,1,Private,1,1,847,243,243,1,1,NA,NA,NA,NA,NA,NA,NA,NA
NA,890000318,1,1,1,47.85,3.5793,Monéteau,Yonne,Bourgogne-Franche-Comté,1,1,Non-profit facility (PSPH/EBNL),1,1,990,256,256,1,1,NA,NA,NA,NA,NA,NA,NA,NA
NA,330781139,1,1,1,44.8819,-0.621,Bruges,Gironde,Nouvelle-Aquitaine,1,1,Non-profit facility (PSPH/EBNL),1,1,2489,292,292,1,1,NA,NA,NA,NA,NA,NA,NA,NA
NA,760783035,1,1,1,49.4823,1.1085,Bois-Guillaume,Seine-Maritime,Normandie,1,1,Non-profit facility (PSPH/EBNL),1,1,9447,333,333,1,1,NA,NA,NA,NA,NA,NA,NA,NA
NA,540026895,1,1,1,48.7011,6.1421,Nancy,Meurthe-et-Moselle,Grand-Est,1,1,Private,1,1,62203,366,366,1,1,NA,NA,NA,NA,NA,NA,NA,NA
NA,160000337,1,1,1,46.0288,0.1955,Ruffec,Charente,Nouvelle-Aquitaine,1,1,General public hospital (CH),1,1,2398,366,366,1,1,NA,NA,NA,NA,NA,NA,NA,NA
NA,500000427,1,1,1,48.5706,-1.0958,Saint-Hilaire-du-Harcouët,Manche,Normandie,1,1,General public hospital (CH),1,1,1641,358,358,1,1,NA,NA,NA,NA,NA,NA,NA,NA
NA,180000200,1,1,1,47.2277,2.0521,Vierzon,Cher,Centre-Val de Loire,1,1,General public hospital (CH),1,1,11152,366,366,1,1,NA,NA,NA,NA,NA,NA,NA,NA
NA,920300597,1,1,1,48.7843,2.2337,Clamart,Hauts-de-Seine,Île-de-France,1,1,Private,1,1,17291,365,365,1,1,NA,NA,NA,NA,NA,NA,NA,NA
NA,580780187,1,1,1,46.7898,3.9738,Luzy,Nièvre,Bourgogne-Franche-Comté,1,1,Private,1,1,623,244,244,1,1,NA,NA,NA,NA,NA,NA,NA,NA
NA,800000275,1,1,1,49.7426,3.0856,Ham,Somme,Hauts-de-France,1,1,General public hospital (CH),1,1,1339,286,286,1,1,NA,NA,NA,NA,NA,NA,NA,NA
NA,310781174,1,1,1,43.661,1.3638,Blagnac,Haute-Garonne,Occitanie,1,1,Private,1,1,1051,248,248,1,1,NA,NA,NA,NA,NA,NA,NA,NA
NA,340024546,1,1,1,43.6007,3.9134,Montpellier,Hérault,Occitanie,1,1,Private,1,1,842,240,240,1,1,NA,NA,NA,NA,NA,NA,NA,NA
NA,120008248,1,1,1,44.3389,2.0327,Villefranche-de-Rouergue,Aveyron,Occitanie,1,1,General public hospital (CH),1,1,392,214,214,1,1,NA,NA,NA,NA,NA,NA,NA,NA
NA,600100184,1,1,1,49.1962,2.5734,Senlis,Oise,Hauts-de-France,1,1,Private,1,1,990,247,247,1,1,NA,NA,NA,NA,NA,NA,NA,NA
NA,470010364,0,0,0,NA,NA,NA,NA,NA,1,1,Private,1,1,124,54,54,1,0,NA,NA,NA,NA,NA,NA,NA,NA
NA,860000017,1,1,1,46.5555,0.394,Poitiers,Vienne,Nouvelle-Aquitaine,1,1,General public hospital (CH),1,1,2477,255,255,1,1,NA,NA,NA,NA,NA,NA,NA,NA
NA,240000174,1,1,1,44.7761,1.0093,Pays de Belvès,Dordogne,Nouvelle-Aquitaine,1,1,General public hospital (CH),1,1,522,221,221,1,1,NA,NA,NA,NA,NA,NA,NA,NA
NA,620006049,1,1,1,50.7519,2.2536,Saint-Omer,Pas-de-Calais,Hauts-de-France,1,1,Private,1,1,13047,336,336,1,1,NA,NA,NA,NA,NA,NA,NA,NA
NA,930706239,1,1,1,48.9299,2.3611,Saint-Denis,Seine-Saint-Denis,Île-de-France,1,1,General public hospital (CH),1,1,3377,319,319,1,1,NA,NA,NA,NA,NA,NA,NA,NA
NA,720000249,1,1,1,48.0178,0.1777,Le Mans,Sarthe,Pays de la Loire,1,1,Private,1,1,21507,325,325,1,1,NA,NA,NA,NA,NA,NA,NA,NA
NA,670781129,1,1,1,48.5373,7.7228,Illkirch-Graffenstaden,Bas-Rhin,Grand-Est,1,1,Non-profit facility (PSPH/EBNL),1,1,2139,255,255,1,1,NA,NA,NA,NA,NA,NA,NA,NA
NA,210987640,1,1,1,47.1924,5.3842,Auxonne,Côte-d’Or,Bourgogne-Franche-Comté,1,1,General public hospital (CH),1,1,292,166,166,1,1,NA,NA,NA,NA,NA,NA,NA,NA
NA,750014169,1,1,1,48.8935,2.3246000000000002,Paris 17e Arrondissement,Paris,Île-de-France,1,1,Private,1,1,774,243,243,1,1,NA,NA,NA,NA,NA,NA,NA,NA
NA,070000096,1,1,1,45.0082,4.3993,Saint-Agrève,Ardèche,Auvergne-Rhône-Alpes,1,1,Non-profit facility (PSPH/EBNL),1,1,804,249,249,1,1,NA,NA,NA,NA,NA,NA,NA,NA
NA,130785462,1,1,1,43.4481,5.431,Bouc-Bel-Air,Bouches-du-Rhône,Provence-Alpes-Côte d’Azur,1,1,Private,1,1,1089,247,247,1,1,NA,NA,NA,NA,NA,NA,NA,NA
NA,730783644,1,1,1,45.6896,5.9171,Aix-les-Bains,Savoie,Auvergne-Rhône-Alpes,1,1,General public hospital (CH),1,1,2610,333,333,1,1,NA,NA,NA,NA,NA,NA,NA,NA
NA,560000465,1,1,1,48.0275,-3.4875,Le Faouët,Morbihan,Bretagne,1,1,General public hospital (CH),1,1,273,186,186,1,1,NA,NA,NA,NA,NA,NA,NA,NA
NA,590782256,1,1,1,50.3604,3.5119,Valenciennes,Nord,Hauts-de-France,1,1,Private,1,1,12317,254,254,1,1,NA,NA,NA,NA,NA,NA,NA,NA
NA,130784812,1,1,1,43.3465,5.3827,Marseille,Bouches-du-Rhône,Provence-Alpes-Côte d’Azur,1,1,Private,1,1,992,181,181,1,1,NA,NA,NA,NA,NA,NA,NA,NA
NA,420782567,1,1,1,45.4336,4.3918,Saint-Étienne,Loire,Auvergne-Rhône-Alpes,1,1,Regional/University hospital (CHR/U),1,1,2199,304,304,1,1,NA,NA,NA,NA,NA,NA,NA,NA
NA,440000453,1,1,1,47.2227,-1.5242,Nantes,Loire-Atlantique,Pays de la Loire,1,1,Regional/University hospital (CHR/U),1,1,3076,311,311,1,1,NA,NA,NA,NA,NA,NA,NA,NA
NA,130782097,1,1,1,43.5552,5.4041,Aix-en-Provence,Bouches-du-Rhône,Provence-Alpes-Côte d’Azur,1,1,Private,1,1,1071,246,246,1,1,NA,NA,NA,NA,NA,NA,NA,NA
NA,380009928,1,1,1,45.1784,5.7621,Saint-Martin-d'Hères,Isère,Auvergne-Rhône-Alpes,1,1,Non-profit facility (PSPH/EBNL),1,1,2323,253,253,1,1,NA,NA,NA,NA,NA,NA,NA,NA
NA,660000167,1,1,1,42.6282,2.4216,Prades,Pyrénées-Orientales,Occitanie,1,1,General public hospital (CH),1,1,547,241,241,1,1,NA,NA,NA,NA,NA,NA,NA,NA
NA,690807367,1,1,1,46.0125,4.7084,Arnas,Rhône,Auvergne-Rhône-Alpes,1,1,Private,1,1,21796,366,366,1,1,NA,NA,NA,NA,NA,NA,NA,NA
NA,910811322,1,1,1,48.7254,2.1778,Saclay,Essonne,Île-de-France,1,1,Non-profit facility (PSPH/EBNL),1,1,583,231,231,1,1,NA,NA,NA,NA,NA,NA,NA,NA
NA,360002232,1,1,1,46.4857,2.0046,Pouligny-Notre-Dame,Indre,Centre-Val de Loire,1,1,Private,1,1,1997,331,331,1,1,NA,NA,NA,NA,NA,NA,NA,NA
NA,380000075,1,1,1,45.3028,5.4883,Tullins,Isère,Auvergne-Rhône-Alpes,1,1,General public hospital (CH),1,1,786,239,239,1,1,NA,NA,NA,NA,NA,NA,NA,NA
NA,2A0000139,1,1,1,41.9329,8.7315,Ajaccio,Corse-du-Sud,Corse,1,1,Private,1,1,17075,351,351,1,1,NA,NA,NA,NA,NA,NA,NA,NA
NA,510012040,1,1,1,49.2493,4.017,Reims,Marne,Grand-Est,1,1,Private,1,1,4493,258,258,1,1,NA,NA,NA,NA,NA,NA,NA,NA
NA,690784202,1,1,1,45.6898,4.7927,Saint-Genis-Laval,Rhône,Auvergne-Rhône-Alpes,1,1,Regional/University hospital (CHR/U),1,1,6533,269,269,1,1,NA,NA,NA,NA,NA,NA,NA,NA
NA,370013286,1,1,1,47.2208,0.3225,Saint-Benoît-la-Forêt,Indre-et-Loire,Centre-Val de Loire,1,1,Non-profit facility (PSPH/EBNL),1,1,5334,318,318,1,1,NA,NA,NA,NA,NA,NA,NA,NA
NA,440005080,1,1,1,47.196,-1.5372,Nantes,Loire-Atlantique,Pays de la Loire,1,1,Private,1,1,4346,321,321,1,1,NA,NA,NA,NA,NA,NA,NA,NA
NA,400780342,1,1,1,43.7023,-1.0593,Dax,Landes,Nouvelle-Aquitaine,1,1,Private,1,1,10229,242,242,1,1,NA,NA,NA,NA,NA,NA,NA,NA
NA,720017748,1,1,1,47.9652,0.2227,Le Mans,Sarthe,Pays de la Loire,1,1,Private,1,1,36091,366,366,1,1,NA,NA,NA,NA,NA,NA,NA,NA
NA,950630012,1,1,1,49.0029,2.291,Margency,Val-d’Oise,Île-de-France,1,1,Non-profit facility (PSPH/EBNL),1,1,1111,332,332,1,1,NA,NA,NA,NA,NA,NA,NA,NA
NA,840000525,1,1,1,44.2396,5.0747,Vaison-la-Romaine,Vaucluse,Provence-Alpes-Côte d’Azur,1,1,General public hospital (CH),1,1,3558,365,365,1,1,NA,NA,NA,NA,NA,NA,NA,NA
NA,740780986,1,1,1,45.9514,6.1923,Villaz,Haute-Savoie,Auvergne-Rhône-Alpes,1,1,Private,1,1,1101,247,247,1,1,NA,NA,NA,NA,NA,NA,NA,NA
NA,770000420,1,1,1,48.5537,2.5251,Saint-Fargeau-Ponthierry,Essonne,Île-de-France,1,1,Non-profit facility (PSPH/EBNL),1,1,1271,245,245,1,1,NA,NA,NA,NA,NA,NA,NA,NA
NA,920008539,1,1,1,48.8932,2.2735,Neuilly-sur-Seine,Hauts-de-Seine,Île-de-France,1,1,Private,1,1,10600,314,314,1,1,NA,NA,NA,NA,NA,NA,NA,NA
NA,800000507,1,1,1,50.1877,1.633,Saint-Valery-sur-Somme,Somme,Hauts-de-France,1,1,General public hospital (CH),1,1,772,252,252,1,1,NA,NA,NA,NA,NA,NA,NA,NA
NA,440024669,1,1,1,47.3268,-1.7361,Vigneux-de-Bretagne,Loire-Atlantique,Pays de la Loire,1,1,Non-profit facility (PSPH/EBNL),1,1,641,227,227,1,1,NA,NA,NA,NA,NA,NA,NA,NA
NA,820000040,1,1,1,44.0104,1.3665,Montauban,Tarn-et-Garonne,Occitanie,1,1,Private,1,1,11464,365,365,1,1,NA,NA,NA,NA,NA,NA,NA,NA
NA,350002564,1,1,1,48.1065,-1.6695,Rennes,Ille-et-Vilaine,Bretagne,1,1,Non-profit facility (PSPH/EBNL),1,1,5485,260,260,1,1,NA,NA,NA,NA,NA,NA,NA,NA
NA,320000144,1,1,1,43.4761,0.9109,Lombez,Gers,Occitanie,1,1,General public hospital (CH),1,1,704,236,236,1,1,NA,NA,NA,NA,NA,NA,NA,NA
NA,920300266,1,1,1,48.7908,2.262,Clamart,Hauts-de-Seine,Île-de-France,1,1,Private,1,1,6700,273,273,1,1,NA,NA,NA,NA,NA,NA,NA,NA
NA,670780121,1,1,1,48.5922,7.7546,Strasbourg,Bas-Rhin,Grand-Est,1,1,Non-profit facility (PSPH/EBNL),1,1,3671,259,259,1,1,NA,NA,NA,NA,NA,NA,NA,NA
NA,640019634,1,1,1,43.3977,-1.6396,Saint-Jean-de-Luz,Pyrénées-Atlantiques,Nouvelle-Aquitaine,1,1,Private,1,1,990,335,335,1,1,NA,NA,NA,NA,NA,NA,NA,NA
NA,870000411,1,1,1,45.8152,1.2247,Limoges,Haute-Vienne,Nouvelle-Aquitaine,1,1,Private,1,1,12996,366,366,1,1,NA,NA,NA,NA,NA,NA,NA,NA
NA,920711512,1,1,1,48.7617,2.2861,Châtenay-Malabry,Hauts-de-Seine,Île-de-France,1,1,Private,1,1,1255,249,249,1,1,NA,NA,NA,NA,NA,NA,NA,NA
NA,910300144,1,1,1,48.6309,2.4498,Évry,Essonne,Île-de-France,1,1,Private,1,1,38072,366,366,1,1,NA,NA,NA,NA,NA,NA,NA,NA
NA,130783327,1,1,1,43.2828,5.3795,Marseille,Bouches-du-Rhône,Provence-Alpes-Côte d’Azur,1,1,Private,1,1,45819,366,366,1,1,NA,NA,NA,NA,NA,NA,NA,NA
NA,750000549,1,1,1,48.8783,2.3781,Paris 19e Arrondissement,Seine-Saint-Denis,Île-de-France,1,1,Non-profit facility (PSPH/EBNL),1,1,50392,366,366,1,1,NA,NA,NA,NA,NA,NA,NA,NA
NA,050000041,1,1,1,44.9057,6.6329,Briançon,Hautes-Alpes,Provence-Alpes-Côte d’Azur,1,1,Non-profit facility (PSPH/EBNL),1,1,1173,253,253,1,1,NA,NA,NA,NA,NA,NA,NA,NA
NA,590813176,1,1,1,50.1049,3.5362,Le Cateau-Cambrésis,Nord,Hauts-de-France,1,1,Private,1,1,4575,351,351,1,1,NA,NA,NA,NA,NA,NA,NA,NA
NA,760780668,1,1,1,49.6183,0.7466,Yvetot,Seine-Maritime,Normandie,1,1,Private,1,1,7000,243,243,1,1,NA,NA,NA,NA,NA,NA,NA,NA
NA,130035793,1,1,1,43.7978,4.8346,Saint-Rémy-de-Provence,Bouches-du-Rhône,Provence-Alpes-Côte d’Azur,1,1,Private,1,1,1019,251,251,1,1,NA,NA,NA,NA,NA,NA,NA,NA
NA,590006896,1,1,1,50.0279,4.0153,Wignehies,Nord,Hauts-de-France,1,1,Private,1,1,7666,266,266,1,1,NA,NA,NA,NA,NA,NA,NA,NA
NA,070000187,1,1,1,44.9892,4.5797,Lamastre,Ardèche,Auvergne-Rhône-Alpes,1,1,General public hospital (CH),1,1,610,272,272,1,1,NA,NA,NA,NA,NA,NA,NA,NA
NA,680020096,1,1,1,47.5823,7.552,Saint-Louis,Haut-Rhin,Grand-Est,1,1,General public hospital (CH),1,1,1196,340,340,1,1,NA,NA,NA,NA,NA,NA,NA,NA
NA,850009333,1,1,1,46.6731,-1.4017,La Roche-sur-Yon,Vendée,Pays de la Loire,1,1,Private,1,1,1004,108,108,1,1,NA,NA,NA,NA,NA,NA,NA,NA
NA,290036466,1,1,1,47.8662,-3.9023,Concarneau,Finistère,Bretagne,1,1,Non-profit facility (PSPH/EBNL),1,1,1552,249,249,1,1,NA,NA,NA,NA,NA,NA,NA,NA
NA,720001437,1,1,1,48.1893,0.6629,La Ferté-Bernard,Sarthe,Pays de la Loire,1,1,General public hospital (CH),1,1,2508,342,342,1,1,NA,NA,NA,NA,NA,NA,NA,NA
NA,760780692,1,1,1,49.4602,1.1173,Bihorel,Seine-Maritime,Normandie,1,1,Non-profit facility (PSPH/EBNL),1,1,2220,271,271,1,1,NA,NA,NA,NA,NA,NA,NA,NA
NA,490015906,1,1,1,47.4561,-0.5118,Trélazé,Maine-et-Loire,Pays de la Loire,1,1,Private,1,1,13054,366,366,1,1,NA,NA,NA,NA,NA,NA,NA,NA
NA,690030119,1,1,1,45.7707,4.9998,Meyzieu,Rhône,Auvergne-Rhône-Alpes,1,1,Private,1,1,1110,251,251,1,1,NA,NA,NA,NA,NA,NA,NA,NA
NA,600000053,1,1,1,49.196,2.5748,Senlis,Oise,Hauts-de-France,1,1,General public hospital (CH),1,1,13241,366,366,1,1,NA,NA,NA,NA,NA,NA,NA,NA
NA,350002200,1,1,1,48.1021,-1.6617,Rennes,Ille-et-Vilaine,Bretagne,1,1,Non-profit facility (PSPH/EBNL),1,1,3799,266,266,1,1,NA,NA,NA,NA,NA,NA,NA,NA
NA,760783530,1,1,1,49.3487,1.0887,Oissel,Seine-Maritime,Normandie,1,1,Regional/University hospital (CHR/U),1,1,2183,242,242,1,1,NA,NA,NA,NA,NA,NA,NA,NA
NA,680004579,1,1,1,48.0828,7.3345,Colmar,Haut-Rhin,Grand-Est,1,1,General public hospital (CH),1,1,2687,288,288,1,1,NA,NA,NA,NA,NA,NA,NA,NA
NA,660780669,1,1,1,42.6994,2.8945,Perpignan,Pyrénées-Orientales,Occitanie,1,1,Private,1,1,8187,366,366,1,1,NA,NA,NA,NA,NA,NA,NA,NA
NA,380005868,1,1,1,45.5967,5.2443,Bourgoin-Jallieu,Isère,Auvergne-Rhône-Alpes,1,1,Non-profit facility (PSPH/EBNL),1,1,601,247,247,1,1,NA,NA,NA,NA,NA,NA,NA,NA
NA,440000404,1,1,1,47.7261,-1.3825,Châteaubriant,Loire-Atlantique,Pays de la Loire,1,1,Private,1,1,6120,351,351,1,1,NA,NA,NA,NA,NA,NA,NA,NA
NA,700780042,1,1,1,47.5773,6.757,Héricourt,Haute-Saône,Bourgogne-Franche-Comté,1,1,Private,1,1,2339,248,248,1,1,NA,NA,NA,NA,NA,NA,NA,NA
NA,460000060,1,1,1,44.6885,1.5616,Montfaucon,Lot,Occitanie,1,1,Non-profit facility (PSPH/EBNL),1,1,1764,248,248,1,1,NA,NA,NA,NA,NA,NA,NA,NA
NA,490007499,1,1,1,47.4852,-0.5535,Angers,Maine-et-Loire,Pays de la Loire,1,1,Private,1,1,2944,311,311,1,1,NA,NA,NA,NA,NA,NA,NA,NA
NA,130782451,1,1,1,43.7156,5.3071,La Roque-d'Anthéron,Bouches-du-Rhône,Provence-Alpes-Côte d’Azur,1,1,Private,1,1,1081,253,253,1,1,NA,NA,NA,NA,NA,NA,NA,NA
NA,230780082,1,1,1,46.1403,1.8866,Sainte-Feyre,Creuse,Nouvelle-Aquitaine,1,1,Non-profit facility (PSPH/EBNL),1,1,8133,326,326,1,1,NA,NA,NA,NA,NA,NA,NA,NA
NA,750100299,1,1,1,48.845,2.2667,Paris 16e Arrondissement,Hauts-de-Seine,Île-de-France,1,1,Regional/University hospital (CHR/U),1,1,2072,326,326,1,1,NA,NA,NA,NA,NA,NA,NA,NA
NA,110003118,1,1,1,43.229,2.3928,Carcassonne,Aude,Occitanie,1,1,Private,1,1,1683,253,253,1,1,NA,NA,NA,NA,NA,NA,NA,NA
NA,310786389,1,1,1,43.5988,1.3393,Colomiers,Haute-Garonne,Occitanie,1,1,Private,1,1,1532,255,255,1,1,NA,NA,NA,NA,NA,NA,NA,NA
NA,920000460,1,1,1,48.845,2.2177,Saint-Cloud,Hauts-de-Seine,Île-de-France,1,1,Cancer centre (CLCC),1,1,59782,360,360,1,1,NA,NA,NA,NA,NA,NA,NA,NA
NA,440002020,1,1,1,47.2535,-2.2653,Saint-Nazaire,44,Pays de la Loire,1,1,Private,1,1,22577,365,365,1,1,NA,NA,NA,NA,NA,NA,NA,NA
NA,740780143,1,1,1,46.3993,6.5977,Évian-les-Bains,Haute-Savoie,Auvergne-Rhône-Alpes,1,1,Non-profit facility (PSPH/EBNL),1,1,1637,251,251,1,1,NA,NA,NA,NA,NA,NA,NA,NA
NA,450013081,1,1,1,47.9381,1.8824,Saran,Loiret,Centre-Val de Loire,1,1,Private,1,1,1033,255,255,1,1,NA,NA,NA,NA,NA,NA,NA,NA
NA,330802778,1,1,1,44.849,-0.5296,Cenon,Gironde,Nouvelle-Aquitaine,1,1,Private,1,1,2240,259,259,1,1,NA,NA,NA,NA,NA,NA,NA,NA
NA,860009208,1,1,1,46.4911,0.4618,Nieuil-l'Espoir,Vienne,Nouvelle-Aquitaine,1,1,Private,1,1,1512,240,240,1,1,NA,NA,NA,NA,NA,NA,NA,NA
NA,130810740,1,1,1,43.5348,5.4348,Aix-en-Provence,Bouches-du-Rhône,Provence-Alpes-Côte d’Azur,1,1,Private,1,1,35076,366,366,1,1,NA,NA,NA,NA,NA,NA,NA,NA
NA,880000138,1,1,1,48.2847,6.1303,Mattaincourt,Vosges,Grand-Est,1,1,General public hospital (CH),1,1,263,172,172,1,1,NA,NA,NA,NA,NA,NA,NA,NA
NA,040780520,1,1,1,43.7571,5.8956,Gréoux-les-Bains,Alpes-de-Haute-Provence,Provence-Alpes-Côte d’Azur,1,1,Private,1,1,420,231,231,1,1,NA,NA,NA,NA,NA,NA,NA,NA
NA,090001629,1,1,1,42.9298,1.8583,Lavelanet,Ariège,Occitanie,1,1,General public hospital (CH),1,1,400,226,226,1,1,NA,NA,NA,NA,NA,NA,NA,NA
NA,310781125,1,1,1,43.8383,1.3872,Fronton,Haute-Garonne,Occitanie,1,1,Private,1,1,486,226,226,1,1,NA,NA,NA,NA,NA,NA,NA,NA
NA,810000513,1,1,1,43.9024,1.89,Gaillac,Tarn,Occitanie,1,1,General public hospital (CH),1,1,975,303,303,1,1,NA,NA,NA,NA,NA,NA,NA,NA
NA,750300774,1,1,1,48.8423,2.2662,Paris 16e Arrondissement,Hauts-de-Seine,Île-de-France,1,1,Private,1,1,12627,265,265,1,1,NA,NA,NA,NA,NA,NA,NA,NA
NA,400780466,1,1,1,43.5514,-1.4213,Saint-Martin-de-Seignanx,Landes,Nouvelle-Aquitaine,1,1,Private,1,1,1113,248,248,1,1,NA,NA,NA,NA,NA,NA,NA,NA
NA,440000487,1,1,1,47.223,-1.633,Saint-Herblain,Loire-Atlantique,Pays de la Loire,1,1,Private,1,1,6602,338,338,1,1,NA,NA,NA,NA,NA,NA,NA,NA
NA,630780526,1,1,1,45.7307,3.0632,Ceyrat,Puy-de-Dôme,Auvergne-Rhône-Alpes,1,1,Non-profit facility (PSPH/EBNL),1,1,453,221,221,1,1,NA,NA,NA,NA,NA,NA,NA,NA
NA,570001057,1,1,1,49.1234,6.1714,Metz,Moselle,Grand-Est,1,1,Non-profit facility (PSPH/EBNL),1,1,12743,275,275,1,1,NA,NA,NA,NA,NA,NA,NA,NA
NA,130785678,1,1,1,43.3035,5.4316,Marseille,Bouches-du-Rhône,Provence-Alpes-Côte d’Azur,1,1,Private,1,1,14255,352,352,1,1,NA,NA,NA,NA,NA,NA,NA,NA
NA,830100681,1,1,1,43.1231,6.1388,Hyères,Var,Provence-Alpes-Côte d’Azur,1,1,Non-profit facility (PSPH/EBNL),1,1,1771,256,256,1,1,NA,NA,NA,NA,NA,NA,NA,NA
NA,080000300,1,1,1,49.8149,4.7474,Nouzonville,Ardennes,Grand-Est,1,1,General public hospital (CH),1,1,276,175,175,1,1,NA,NA,NA,NA,NA,NA,NA,NA
NA,910150069,1,1,1,48.6591,2.284,Ballainvilliers,Essonne,Île-de-France,1,1,Non-profit facility (PSPH/EBNL),1,1,3828,316,316,1,1,NA,NA,NA,NA,NA,NA,NA,NA
NA,210986089,1,1,1,47.3188,5.0556,Dijon,Côte-d’Or,Bourgogne-Franche-Comté,1,1,Regional/University hospital (CHR/U),1,1,3646,334,334,1,1,NA,NA,NA,NA,NA,NA,NA,NA
NA,240000513,1,1,1,45.1471,0.5215,Saint-Astier,Dordogne,Nouvelle-Aquitaine,1,1,General public hospital (CH),1,1,344,187,187,1,1,NA,NA,NA,NA,NA,NA,NA,NA
NA,240000455,1,1,1,45.3359,1.0525,Excideuil,Dordogne,Nouvelle-Aquitaine,1,1,General public hospital (CH),1,1,538,238,238,1,1,NA,NA,NA,NA,NA,NA,NA,NA
NA,340023258,1,1,1,43.6655,4.1252,Lunel,Hérault,Occitanie,1,1,Private,1,1,905,248,248,1,1,NA,NA,NA,NA,NA,NA,NA,NA
NA,790009948,1,1,1,46.3157,-0.4521,Niort,Deux-Sèvres,Nouvelle-Aquitaine,1,1,Private,1,1,17293,366,366,1,1,NA,NA,NA,NA,NA,NA,NA,NA
NA,880000112,1,1,1,48.315,6.3913,Châtel-sur-Moselle,Vosges,Grand-Est,1,1,General public hospital (CH),1,1,449,234,234,1,1,NA,NA,NA,NA,NA,NA,NA,NA
NA,710018292,1,1,1,46.7753,4.8427,Chalon-sur-Saône,Saône-et-Loire,Bourgogne-Franche-Comté,1,1,Non-profit facility (PSPH/EBNL),1,1,2557,252,252,1,1,NA,NA,NA,NA,NA,NA,NA,NA
NA,2A0002051,1,1,1,41.9194,8.7391,Ajaccio,Corse-du-Sud,Corse,1,1,Private,1,1,1372,250,250,1,1,NA,NA,NA,NA,NA,NA,NA,NA
NA,600100101,1,1,1,49.3512,2.4926,Bailleval,Oise,Hauts-de-France,1,1,Regional/University hospital (CHR/U),1,1,1548,329,329,1,1,NA,NA,NA,NA,NA,NA,NA,NA
NA,660781287,1,1,1,42.8397,3.0374,Le Barcarès,Pyrénées-Orientales,Occitanie,1,1,Private,1,1,1723,258,258,1,1,NA,NA,NA,NA,NA,NA,NA,NA
NA,490000494,1,1,1,47.2337,-0.4318,Terranjou,Maine-et-Loire,Pays de la Loire,1,1,General public hospital (CH),1,1,275,177,177,1,1,NA,NA,NA,NA,NA,NA,NA,NA
NA,570000281,1,1,1,49.3261,6.0715,Hayange,Moselle,Grand-Est,1,1,Regional/University hospital (CHR/U),1,1,1205,319,319,1,1,NA,NA,NA,NA,NA,NA,NA,NA
NA,590786984,1,1,1,50.3415,3.3459,Escaudain,Nord,Hauts-de-France,1,1,Non-profit facility (PSPH/EBNL),1,1,391,210,210,1,1,NA,NA,NA,NA,NA,NA,NA,NA
NA,110000189,1,1,1,43.0556,2.2196,Limoux,Aude,Occitanie,1,1,General public hospital (CH),1,1,826,247,247,1,1,NA,NA,NA,NA,NA,NA,NA,NA
NA,030000095,1,1,1,46.5857,3.0582,Bourbon-l'Archambault,Allier,Auvergne-Rhône-Alpes,1,1,General public hospital (CH),1,1,639,253,253,1,1,NA,NA,NA,NA,NA,NA,NA,NA
NA,030785430,1,1,1,46.5418,3.3364,Moulins,Allier,Auvergne-Rhône-Alpes,1,1,Private,1,1,11806,308,308,1,1,NA,NA,NA,NA,NA,NA,NA,NA
NA,830100368,1,1,1,43.2286,6.5855,Gassin,Var,Provence-Alpes-Côte d’Azur,1,1,Private,1,1,5684,353,353,1,1,NA,NA,NA,NA,NA,NA,NA,NA
NA,780300109,1,1,1,48.8665,2.1112,Louveciennes,Yvelines,Île-de-France,1,1,Private,1,1,773,233,233,1,1,NA,NA,NA,NA,NA,NA,NA,NA
NA,800008989,1,1,1,49.8682,2.5181,Villers-Bretonneux,Somme,Hauts-de-France,1,1,Private,1,1,582,207,207,1,1,NA,NA,NA,NA,NA,NA,NA,NA
NA,190000224,1,1,1,45.1611,1.5014,Brive-la-Gaillarde,Corrèze,Nouvelle-Aquitaine,1,1,Private,1,1,16427,363,363,1,1,NA,NA,NA,NA,NA,NA,NA,NA
NA,770300259,1,1,1,48.526,2.5721,Boissise-le-Roi,Seine-et-Marne,Île-de-France,1,1,Private,1,1,2973,256,256,1,1,NA,NA,NA,NA,NA,NA,NA,NA
NA,700780208,1,1,1,47.6815,6.5008,Lure,Haute-Saône,Bourgogne-Franche-Comté,1,1,General public hospital (CH),1,1,6635,340,340,1,1,NA,NA,NA,NA,NA,NA,NA,NA
NA,750041543,1,1,1,48.8901,2.3312,Paris 18e Arrondissement,Paris,Île-de-France,1,1,Regional/University hospital (CHR/U),1,1,3333,268,268,1,1,NA,NA,NA,NA,NA,NA,NA,NA
NA,780700027,1,1,1,48.9717,2.0798,Achères,Yvelines,Île-de-France,1,1,Private,1,1,1854,255,255,1,1,NA,NA,NA,NA,NA,NA,NA,NA
NA,130782493,1,1,1,43.3449,5.6029,Roquevaire,Bouches-du-Rhône,Provence-Alpes-Côte d’Azur,1,1,Private,1,1,1588,280,280,1,1,NA,NA,NA,NA,NA,NA,NA,NA
NA,030002208,1,1,1,46.4207,3.0663,Tronget,Allier,Auvergne-Rhône-Alpes,1,1,General public hospital (CH),1,1,1067,254,254,1,1,NA,NA,NA,NA,NA,NA,NA,NA
NA,690022959,1,1,1,45.7415,4.8836,Lyon,Rhône,Auvergne-Rhône-Alpes,1,1,Private,1,1,18326,366,366,1,1,NA,NA,NA,NA,NA,NA,NA,NA
NA,570000562,1,1,1,49.2281,6.138,Marange-Silvange,Moselle,Grand-Est,1,1,Non-profit facility (PSPH/EBNL),1,1,3060,318,318,1,1,NA,NA,NA,NA,NA,NA,NA,NA
NA,520780214,1,1,1,48.1196,5.142,Chaumont,Haute-Marne,Grand-Est,1,1,Private,1,1,9574,346,346,1,1,NA,NA,NA,NA,NA,NA,NA,NA
NA,670017458,1,1,1,48.5713,7.7937,Strasbourg,Bas-Rhin,Grand-Est,1,1,Non-profit facility (PSPH/EBNL),1,1,3979,336,336,1,1,NA,NA,NA,NA,NA,NA,NA,NA
NA,390000065,1,1,1,46.3855,5.8665,Saint-Claude,Jura,Bourgogne-Franche-Comté,1,1,General public hospital (CH),1,1,9010,366,366,1,1,NA,NA,NA,NA,NA,NA,NA,NA
NA,290000371,1,1,1,47.8757,-4.1034,Bénodet,Finistère,Bretagne,1,1,Private,1,1,1577,250,250,1,1,NA,NA,NA,NA,NA,NA,NA,NA
NA,060791746,1,1,1,43.5887,7.0978,Antibes,06,Provence-Alpes-Côte d'Azur,1,1,Private,1,1,1154,252,252,1,1,NA,NA,NA,NA,NA,NA,NA,NA
NA,670795921,1,1,1,48.7986,7.7791,Haguenau,Bas-Rhin,Grand-Est,1,1,Private,1,1,17713,313,313,1,1,NA,NA,NA,NA,NA,NA,NA,NA
NA,330060658,1,1,1,44.9209,-0.2291,Libourne,Gironde,Nouvelle-Aquitaine,1,1,Private,1,1,10441,249,249,1,1,NA,NA,NA,NA,NA,NA,NA,NA
NA,490531910,1,1,1,47.4871,-0.5564,Angers,Maine-et-Loire,Pays de la Loire,1,1,Non-profit facility (PSPH/EBNL),1,1,3632,283,283,1,1,NA,NA,NA,NA,NA,NA,NA,NA
NA,660010174,1,1,1,42.7275,2.8907,Perpignan,Pyrénées-Orientales,Occitanie,1,1,Non-profit facility (PSPH/EBNL),1,1,2766,263,263,1,1,NA,NA,NA,NA,NA,NA,NA,NA
NA,590000477,1,1,1,50.2511,3.6278,Le Quesnoy,Nord,Hauts-de-France,1,1,General public hospital (CH),1,1,3863,342,342,1,1,NA,NA,NA,NA,NA,NA,NA,NA
NA,300017431,1,1,1,44.1451,4.0955,Alès,Gard,Occitanie,1,1,Private,1,1,12176,315,315,1,1,NA,NA,NA,NA,NA,NA,NA,NA
NA,340017771,1,1,1,43.3459,3.23,Béziers,Hérault,Occitanie,1,1,General public hospital (CH),1,1,547,232,232,1,1,NA,NA,NA,NA,NA,NA,NA,NA
NA,880000104,1,1,1,48.2069,6.7241,Bruyères,Vosges,Grand-Est,1,1,General public hospital (CH),1,1,248,175,175,1,1,NA,NA,NA,NA,NA,NA,NA,NA
NA,760000802,1,1,1,49.4127,1.0856,Sotteville-lès-Rouen,Seine-Maritime,Normandie,1,1,General public hospital (CH),1,1,323,192,192,1,1,NA,NA,NA,NA,NA,NA,NA,NA
NA,740780416,1,1,1,45.9482,6.151,Argonay,Haute-Savoie,Auvergne-Rhône-Alpes,1,1,Private,1,1,16835,349,349,1,1,NA,NA,NA,NA,NA,NA,NA,NA
NA,150000164,1,1,1,45.2158,2.3422,Mauriac,Cantal,Auvergne-Rhône-Alpes,1,1,General public hospital (CH),1,1,2406,365,365,1,1,NA,NA,NA,NA,NA,NA,NA,NA
NA,760783159,1,1,1,49.3418,1.0234,Grand-Couronne,Seine-Maritime,Normandie,1,1,Private,1,1,2154,305,305,1,1,NA,NA,NA,NA,NA,NA,NA,NA
NA,370001109,1,1,1,47.3951,0.5553,Luynes,Indre-et-Loire,Centre-Val de Loire,1,1,General public hospital (CH),1,1,856,253,253,1,1,NA,NA,NA,NA,NA,NA,NA,NA
NA,260006267,1,1,1,44.9007,4.8775,Valence,Drôme,Auvergne-Rhône-Alpes,1,1,Private,1,1,12421,297,297,1,1,NA,NA,NA,NA,NA,NA,NA,NA
NA,160000188,1,1,1,45.7424,0.3819,La Rochefoucauld,Charente,Nouvelle-Aquitaine,1,1,General public hospital (CH),1,1,1543,284,284,1,1,NA,NA,NA,NA,NA,NA,NA,NA
NA,840000350,1,1,1,43.9231,4.8004,Avignon,Vaucluse,Provence-Alpes-Côte d’Azur,1,1,Non-profit facility (PSPH/EBNL),1,1,36860,314,314,1,1,NA,NA,NA,NA,NA,NA,NA,NA
NA,560009524,1,1,1,47.6794,-2.7742,Vannes,Morbihan,Bretagne,1,1,Private,1,1,642,141,141,1,1,NA,NA,NA,NA,NA,NA,NA,NA
NA,740781166,1,1,1,45.9144,6.862,Chamonix-Mont-Blanc,Haute-Savoie,Auvergne-Rhône-Alpes,1,1,General public hospital (CH),1,1,230,167,167,1,1,NA,NA,NA,NA,NA,NA,NA,NA
NA,570000448,1,1,1,49.1964,6.3951,Charleville-sous-Bois,Moselle,Grand-Est,1,1,Non-profit facility (PSPH/EBNL),1,1,328,185,185,1,1,NA,NA,NA,NA,NA,NA,NA,NA
NA,560029068,1,1,1,47.7361,-3.399,Ploemeur,Morbihan,Bretagne,1,1,Non-profit facility (PSPH/EBNL),1,1,13834,305,305,1,1,NA,NA,NA,NA,NA,NA,NA,NA
NA,500021316,1,1,1,48.6931,-1.3503,Avranches,Manche,Normandie,1,1,Private,1,1,12386,325,325,1,1,NA,NA,NA,NA,NA,NA,NA,NA
NA,690030283,1,1,1,45.7438,4.8472,Lyon,Rhône,Auvergne-Rhône-Alpes,1,1,Private,1,1,1944,256,256,1,1,NA,NA,NA,NA,NA,NA,NA,NA
NA,300012358,1,1,1,43.8246,4.2754,Caveirac,Gard,Occitanie,1,1,Non-profit facility (PSPH/EBNL),1,1,1508,250,250,1,1,NA,NA,NA,NA,NA,NA,NA,NA
NA,080000284,1,1,1,49.9922,4.7094,Fumay,Ardennes,Grand-Est,1,1,General public hospital (CH),1,1,612,291,291,1,1,NA,NA,NA,NA,NA,NA,NA,NA
NA,920024205,1,1,1,48.8467,2.2327,Boulogne-Billancourt,Hauts-de-Seine,Île-de-France,1,1,General public hospital (CH),1,1,513,222,222,1,1,NA,NA,NA,NA,NA,NA,NA,NA
NA,060780186,1,1,1,43.8607,7.2291,Levens,Alpes-Maritimes,Provence-Alpes-Côte d’Azur,1,1,Non-profit facility (PSPH/EBNL),1,1,489,227,227,1,1,NA,NA,NA,NA,NA,NA,NA,NA
NA,780420048,1,1,1,48.7074,2.0691,Saint-Rémy-lès-Chevreuse,Yvelines,Île-de-France,1,1,Private,1,1,613,235,235,1,1,NA,NA,NA,NA,NA,NA,NA,NA
NA,840000517,1,1,1,44.1021,5.4148,Sault,Vaucluse,Provence-Alpes-Côte d’Azur,1,1,General public hospital (CH),1,1,84,70,70,1,1,NA,NA,NA,NA,NA,NA,NA,NA
NA,770000180,1,1,1,48.6939,2.6058,Brie-Comte-Robert,Seine-et-Marne,Île-de-France,1,1,General public hospital (CH),1,1,798,291,291,1,1,NA,NA,NA,NA,NA,NA,NA,NA
NA,260017454,1,1,1,44.5312,5.0665,Dieulefit,Drôme,Auvergne-Rhône-Alpes,1,1,Non-profit facility (PSPH/EBNL),1,1,1742,252,252,1,1,NA,NA,NA,NA,NA,NA,NA,NA
NA,850023151,1,1,1,46.4639,-0.8259,Fontenay-le-Comte,Vendée,Pays de la Loire,1,1,Private,1,1,383,68,68,1,1,NA,NA,NA,NA,NA,NA,NA,NA
NA,910009919,0,0,1,NA,NA,NA,91,Île-de-France,1,1,Private,1,1,1266,236,236,1,0,NA,NA,NA,NA,NA,NA,NA,NA
NA,340008275,1,1,1,43.6278,3.8581,Montpellier,Hérault,Occitanie,1,1,Regional/University hospital (CHR/U),1,1,3748,343,343,1,1,NA,NA,NA,NA,NA,NA,NA,NA
NA,940813090,1,1,1,48.8049,2.4242,Alfortville,Val-de-Marne,Île-de-France,1,1,Private,1,1,919,246,246,1,1,NA,NA,NA,NA,NA,NA,NA,NA
NA,540003043,1,1,1,48.687,6.1917,Nancy,Meurthe-et-Moselle,Grand-Est,1,1,Regional/University hospital (CHR/U),1,1,358,201,201,1,1,NA,NA,NA,NA,NA,NA,NA,NA
NA,880780507,1,1,1,48.3976,6.9836,Senones,Vosges,Grand-Est,1,1,Private,1,1,1170,250,250,1,1,NA,NA,NA,NA,NA,NA,NA,NA
NA,930100011,1,1,1,48.9353,2.5085,Sevran,Seine-Saint-Denis,Île-de-France,1,1,Regional/University hospital (CHR/U),1,1,3236,291,291,1,1,NA,NA,NA,NA,NA,NA,NA,NA
NA,950000406,1,1,1,49.1142,2.2233,L'Isle-Adam,Val-d’Oise,Île-de-France,1,1,Non-profit facility (PSPH/EBNL),1,1,1467,255,255,1,1,NA,NA,NA,NA,NA,NA,NA,NA
NA,500000468,1,1,1,49.5032,-1.4646,Valognes,Manche,Normandie,1,1,General public hospital (CH),1,1,2159,324,324,1,1,NA,NA,NA,NA,NA,NA,NA,NA
NA,780018727,1,1,1,48.8975,2.0843,Saint-Germain-en-Laye,Yvelines,Île-de-France,1,1,Private,1,1,24947,352,352,1,1,NA,NA,NA,NA,NA,NA,NA,NA
NA,880000039,1,1,1,48.0735,6.879,Gérardmer,Vosges,Grand-Est,1,1,General public hospital (CH),1,1,501,266,266,1,1,NA,NA,NA,NA,NA,NA,NA,NA
NA,260000195,1,1,1,44.3581,5.1505,Nyons,Drôme,Auvergne-Rhône-Alpes,1,1,Non-profit facility (PSPH/EBNL),1,1,2287,278,278,1,1,NA,NA,NA,NA,NA,NA,NA,NA
NA,350000139,1,1,1,48.1008,-1.7117,Rennes,Ille-et-Vilaine,Bretagne,1,1,Non-profit facility (PSPH/EBNL),1,1,27812,366,366,1,1,NA,NA,NA,NA,NA,NA,NA,NA
NA,300017423,0,0,1,NA,NA,NA,30,Occitanie,1,1,Private,1,1,474,191,191,1,0,NA,NA,NA,NA,NA,NA,NA,NA
NA,440000412,1,1,1,47.2264,-1.5465,Nantes,Loire-Atlantique,Pays de la Loire,1,1,Private,1,1,22179,364,364,1,1,NA,NA,NA,NA,NA,NA,NA,NA
NA,100000140,1,1,1,48.1207,4.3736,Bar-sur-Seine,Aube,Grand-Est,1,1,General public hospital (CH),1,1,737,252,252,1,1,NA,NA,NA,NA,NA,NA,NA,NA
NA,290029669,1,1,1,47.985,-4.0988,Quimper,Finistère,Bretagne,1,1,Private,1,1,5482,314,314,1,1,NA,NA,NA,NA,NA,NA,NA,NA
NA,350044756,1,1,1,48.0409,-1.7074,Chartres-de-Bretagne,Ille-et-Vilaine,Bretagne,1,1,Private,1,1,239,160,160,1,1,NA,NA,NA,NA,NA,NA,NA,NA
NA,880000070,1,1,1,48.2061,5.9484,Vittel,Vosges,Grand-Est,1,1,General public hospital (CH),1,1,2939,361,361,1,1,NA,NA,NA,NA,NA,NA,NA,NA
NA,740000286,1,1,1,46.1325,6.4102,La Tour,Haute-Savoie,Auvergne-Rhône-Alpes,1,1,General public hospital (CH),1,1,489,223,223,1,1,NA,NA,NA,NA,NA,NA,NA,NA
NA,400780383,1,1,1,43.7839,-0.9902,Saint-Vincent-de-Paul,Landes,Nouvelle-Aquitaine,1,1,Non-profit facility (PSPH/EBNL),1,1,308,176,176,1,1,NA,NA,NA,NA,NA,NA,NA,NA
NA,330000217,1,1,1,44.8471,-0.607,Bordeaux,Gironde,Nouvelle-Aquitaine,1,1,Non-profit facility (PSPH/EBNL),1,1,1266,257,257,1,1,NA,NA,NA,NA,NA,NA,NA,NA
NA,920000569,1,1,1,48.901,2.2536,Courbevoie,Hauts-de-Seine,Île-de-France,1,1,General public hospital (CH),1,1,3078,339,339,1,1,NA,NA,NA,NA,NA,NA,NA,NA
NA,830200523,1,1,1,43.1398,5.8479,Ollioules,Var,Provence-Alpes-Côte d’Azur,1,1,Non-profit facility (PSPH/EBNL),1,1,13235,366,366,1,1,NA,NA,NA,NA,NA,NA,NA,NA
NA,260003017,1,1,1,44.5552,4.7361,Montélimar,Drôme,Auvergne-Rhône-Alpes,1,1,Private,1,1,20754,366,366,1,1,NA,NA,NA,NA,NA,NA,NA,NA
NA,720012509,1,1,1,48.0201,0.1563,Le Mans,Sarthe,Pays de la Loire,1,1,Private,1,1,1184,251,251,1,1,NA,NA,NA,NA,NA,NA,NA,NA
NA,560002974,1,1,1,47.7462,-3.4101,Ploemeur,Morbihan,Bretagne,1,1,Non-profit facility (PSPH/EBNL),1,1,784,252,252,1,1,NA,NA,NA,NA,NA,NA,NA,NA
NA,290002344,0,0,1,NA,NA,NA,29,Bretagne,1,1,Non-profit facility (PSPH/EBNL),1,1,780,238,238,1,0,NA,NA,NA,NA,NA,NA,NA,NA
NA,740780176,1,1,1,46.0775,6.553,Thyez,Haute-Savoie,Auvergne-Rhône-Alpes,1,1,Private,1,1,879,238,238,1,1,NA,NA,NA,NA,NA,NA,NA,NA
NA,060780145,1,1,1,43.7215,7.2634,Nice,Alpes-Maritimes,Provence-Alpes-Côte d’Azur,1,1,Private,1,1,1218,275,275,1,1,NA,NA,NA,NA,NA,NA,NA,NA
NA,440002459,1,1,1,47.4368,-2.0896,Pontchâteau,Loire-Atlantique,Pays de la Loire,1,1,Non-profit facility (PSPH/EBNL),1,1,414,189,189,1,1,NA,NA,NA,NA,NA,NA,NA,NA
NA,670798636,1,1,1,48.4828,7.224,Schirmeck,Bas-Rhin,Grand-Est,1,1,Non-profit facility (PSPH/EBNL),1,1,5212,351,351,1,1,NA,NA,NA,NA,NA,NA,NA,NA
NA,140004383,1,1,1,49.1894,-0.3467,Caen,Calvados,Normandie,1,1,Regional/University hospital (CHR/U),1,1,1607,280,280,1,1,NA,NA,NA,NA,NA,NA,NA,NA
NA,810000448,1,1,1,44.0555,2.1556,Carmaux,Tarn,Occitanie,1,1,Non-profit facility (PSPH/EBNL),1,1,1170,286,286,1,1,NA,NA,NA,NA,NA,NA,NA,NA
NA,670780188,1,1,1,48.5822,7.7355,Strasbourg,Bas-Rhin,Grand-Est,1,1,Non-profit facility (PSPH/EBNL),1,1,12963,363,363,1,1,NA,NA,NA,NA,NA,NA,NA,NA
NA,060010899,1,1,1,43.7247,7.2803,Nice,Alpes-Maritimes,Provence-Alpes-Côte d’Azur,1,1,Regional/University hospital (CHR/U),1,1,2310,333,333,1,1,NA,NA,NA,NA,NA,NA,NA,NA
NA,620100099,1,1,1,50.3041,2.7362,Arras,Pas-de-Calais,Hauts-de-France,1,1,Private,1,1,32638,360,360,1,1,NA,NA,NA,NA,NA,NA,NA,NA
NA,480780279,1,1,1,44.523,3.4928,Mende,Lozère,Occitanie,1,1,General public hospital (CH),1,1,273,175,175,1,1,NA,NA,NA,NA,NA,NA,NA,NA
NA,240000216,1,1,1,45.1905,0.727,Périgueux,Dordogne,Nouvelle-Aquitaine,1,1,Private,1,1,8904,280,280,1,1,NA,NA,NA,NA,NA,NA,NA,NA
NA,440000552,1,1,1,47.2431,-1.358,Le Loroux-Bottereau,Loire-Atlantique,Pays de la Loire,1,1,General public hospital (CH),1,1,373,201,201,1,1,NA,NA,NA,NA,NA,NA,NA,NA
NA,500000195,1,1,1,49.3061,-1.2446,Carentan les Marais,Manche,Normandie,1,1,General public hospital (CH),1,1,670,268,268,1,1,NA,NA,NA,NA,NA,NA,NA,NA
NA,950300103,1,1,1,48.9281,2.2285,Bezons,Val-d’Oise,Île-de-France,1,1,Private,1,1,1173,248,248,1,1,NA,NA,NA,NA,NA,NA,NA,NA
NA,690000021,1,1,1,45.7315,4.7941,Sainte-Foy-lès-Lyon,Rhône,Auvergne-Rhône-Alpes,1,1,General public hospital (CH),1,1,4340,365,365,1,1,NA,NA,NA,NA,NA,NA,NA,NA
NA,800000184,1,1,1,50.0017,2.6533,Albert,Somme,Hauts-de-France,1,1,General public hospital (CH),1,1,975,297,297,1,1,NA,NA,NA,NA,NA,NA,NA,NA
NA,330783721,1,1,1,44.8984,-0.228,Libourne,Gironde,Nouvelle-Aquitaine,1,1,General public hospital (CH),1,1,398,200,200,1,1,NA,NA,NA,NA,NA,NA,NA,NA
NA,690803044,1,1,1,45.7891,4.7042,Marcy-l'Étoile,Rhône,Auvergne-Rhône-Alpes,1,1,Private,1,1,2644,253,253,1,1,NA,NA,NA,NA,NA,NA,NA,NA
NA,400780425,1,1,1,43.6585,-1.4376,Soorts-Hossegor,Landes,Nouvelle-Aquitaine,1,1,Private,1,1,600,231,231,1,1,NA,NA,NA,NA,NA,NA,NA,NA
NA,440050433,1,1,1,47.2669,-2.2559,Saint-Nazaire,Loire-Atlantique,Pays de la Loire,1,1,Non-profit facility (PSPH/EBNL),1,1,45711,365,365,1,1,NA,NA,NA,NA,NA,NA,NA,NA
NA,600100283,1,1,1,49.1869,2.4586,Chantilly,Oise,Hauts-de-France,1,1,Non-profit facility (PSPH/EBNL),1,1,1199,245,245,1,1,NA,NA,NA,NA,NA,NA,NA,NA
NA,100010818,1,1,1,48.3062,4.0529,Troyes,Aube,Grand-Est,1,1,Non-profit facility (PSPH/EBNL),1,1,11119,324,324,1,1,NA,NA,NA,NA,NA,NA,NA,NA
NA,950000349,1,1,1,49.1549,1.7848,Magny-en-Vexin,Val-d’Oise,Île-de-France,1,1,General public hospital (CH),1,1,826,326,326,1,1,NA,NA,NA,NA,NA,NA,NA,NA
NA,140000258,1,1,1,49.3542,0.0704,Deauville,Calvados,Normandie,1,1,Private,1,1,1299,255,255,1,1,NA,NA,NA,NA,NA,NA,NA,NA
NA,690000773,1,1,1,45.8594,4.8334,Albigny-sur-Saône,Rhône,Auvergne-Rhône-Alpes,1,1,General public hospital (CH),1,1,1646,255,255,1,1,NA,NA,NA,NA,NA,NA,NA,NA
NA,570009670,1,1,1,49.2518,6.0456,Moyeuvre-Grande,Moselle,Grand-Est,1,1,Non-profit facility (PSPH/EBNL),1,1,793,246,246,1,1,NA,NA,NA,NA,NA,NA,NA,NA
NA,560002024,1,1,1,47.7227,-3.4095,Ploemeur,Morbihan,Bretagne,1,1,Non-profit facility (PSPH/EBNL),1,1,7242,274,274,1,1,NA,NA,NA,NA,NA,NA,NA,NA
NA,570003103,1,1,1,49.1164,7.0366,Sarreguemines,Moselle,Grand-Est,1,1,Non-profit facility (PSPH/EBNL),1,1,1556,249,249,1,1,NA,NA,NA,NA,NA,NA,NA,NA
NA,780000345,1,1,1,48.8086,2.1354,Versailles,Yvelines,Île-de-France,1,1,General public hospital (CH),1,1,898,250,250,1,1,NA,NA,NA,NA,NA,NA,NA,NA
NA,340009018,1,1,1,43.6518,3.8535,Montpellier,Hérault,Occitanie,1,1,Private,1,1,2295,253,253,1,1,NA,NA,NA,NA,NA,NA,NA,NA
NA,010000180,1,1,1,45.9756,5.6102,Hauteville-Lompnes,Ain,Auvergne-Rhône-Alpes,1,1,General public hospital (CH),1,1,625,199,199,1,1,NA,NA,NA,NA,NA,NA,NA,NA
NA,290004365,1,1,1,48.4222,-4.5585,Guilers,Finistère,Bretagne,1,1,Regional/University hospital (CHR/U),1,1,1461,273,273,1,1,NA,NA,NA,NA,NA,NA,NA,NA
NA,810000232,1,1,1,43.9264,2.1332,Albi,Tarn,Occitanie,1,1,Non-profit facility (PSPH/EBNL),1,1,1980,275,275,1,1,NA,NA,NA,NA,NA,NA,NA,NA
NA,560004004,1,1,1,47.7529,-3.3542,Lorient,Morbihan,Bretagne,1,1,Private,1,1,5456,313,313,1,1,NA,NA,NA,NA,NA,NA,NA,NA
NA,060021094,1,1,1,43.723,7.2801,Nice,Alpes-Maritimes,Provence-Alpes-Côte d’Azur,1,1,Private,1,1,425,205,205,1,1,NA,NA,NA,NA,NA,NA,NA,NA
NA,290032028,1,1,1,48.3997,-4.5294,Brest,Finistère,Bretagne,1,1,Private,1,1,7695,316,316,1,1,NA,NA,NA,NA,NA,NA,NA,NA
NA,310781695,1,1,1,43.4189,1.394,Lagardelle-sur-Lèze,Haute-Garonne,Occitanie,1,1,Private,1,1,1564,295,295,1,1,NA,NA,NA,NA,NA,NA,NA,NA
NA,470000555,1,1,1,44.3932,0.3025,Tonneins,Lot-et-Garonne,Nouvelle-Aquitaine,1,1,General public hospital (CH),1,1,455,226,226,1,1,NA,NA,NA,NA,NA,NA,NA,NA
NA,760000174,1,1,1,49.6199,0.7452,Yvetot,Seine-Maritime,Normandie,1,1,General public hospital (CH),1,1,660,254,254,1,1,NA,NA,NA,NA,NA,NA,NA,NA
NA,140018730,1,1,1,49.1453,0.2591,Lisieux,Calvados,Normandie,1,1,Private,1,1,9243,362,362,1,1,NA,NA,NA,NA,NA,NA,NA,NA
NA,540000668,1,1,1,48.587,6.0921,Bainville-sur-Madon,Meurthe-et-Moselle,Grand-Est,1,1,Non-profit facility (PSPH/EBNL),1,1,442,194,194,1,1,NA,NA,NA,NA,NA,NA,NA,NA
NA,630780310,1,1,1,45.5348,3.2522,Issoire,Puy-de-Dôme,Auvergne-Rhône-Alpes,1,1,Private,1,1,1304,250,250,1,1,NA,NA,NA,NA,NA,NA,NA,NA
NA,290036474,0,0,0,NA,NA,NA,NA,NA,1,1,Non-profit facility (PSPH/EBNL),1,1,203,78,78,1,0,NA,NA,NA,NA,NA,NA,NA,NA
NA,920300381,1,1,1,48.7864,2.2918,Fontenay-aux-Roses,Hauts-de-Seine,Île-de-France,1,1,Private,1,1,1045,252,252,1,1,NA,NA,NA,NA,NA,NA,NA,NA
NA,240000521,1,1,1,45.2042,0.1381,Saint Aulaye-Puymangou,Dordogne,Nouvelle-Aquitaine,1,1,General public hospital (CH),1,1,438,225,225,1,1,NA,NA,NA,NA,NA,NA,NA,NA
NA,310780366,1,1,1,43.403,1.7246,Villefranche-de-Lauragais,Haute-Garonne,Occitanie,1,1,Private,1,1,5247,285,285,1,1,NA,NA,NA,NA,NA,NA,NA,NA
NA,630785756,1,1,1,45.7555,3.0951,Beaumont,Puy-de-Dôme,Auvergne-Rhône-Alpes,1,1,Non-profit facility (PSPH/EBNL),1,1,992,253,253,1,1,NA,NA,NA,NA,NA,NA,NA,NA
NA,110007630,1,1,1,43.3168,1.9617,Castelnaudary,Aude,Occitanie,1,1,Non-profit facility (PSPH/EBNL),1,1,841,231,231,1,1,NA,NA,NA,NA,NA,NA,NA,NA
NA,380780379,1,1,1,45.3467,5.6581,La Sure en Chartreuse,Isère,Auvergne-Rhône-Alpes,1,1,Non-profit facility (PSPH/EBNL),1,1,739,242,242,1,1,NA,NA,NA,NA,NA,NA,NA,NA
NA,480000066,1,1,1,44.5637,3.2943,Marvejols,Lozère,Occitanie,1,1,General public hospital (CH),1,1,693,260,260,1,1,NA,NA,NA,NA,NA,NA,NA,NA
NA,540000395,1,1,1,48.6863,6.1833,Nancy,Meurthe-et-Moselle,Grand-Est,1,1,Non-profit facility (PSPH/EBNL),1,1,922,262,262,1,1,NA,NA,NA,NA,NA,NA,NA,NA
NA,920300183,1,1,1,48.8403,2.2478,Boulogne-Billancourt,Hauts-de-Seine,Île-de-France,1,1,Private,1,1,16336,261,261,1,1,NA,NA,NA,NA,NA,NA,NA,NA
NA,270000441,1,1,1,48.7417,0.9215,Verneuil d'Avre et d'Iton,Eure,Normandie,1,1,General public hospital (CH),1,1,1951,364,364,1,1,NA,NA,NA,NA,NA,NA,NA,NA
NA,440000883,1,1,1,47.1785,-1.4921,Vertou,Loire-Atlantique,Pays de la Loire,1,1,General public hospital (CH),1,1,851,249,249,1,1,NA,NA,NA,NA,NA,NA,NA,NA
NA,590000600,1,1,1,50.4454,3.4342,Saint-Amand-les-Eaux,Nord,Hauts-de-France,1,1,General public hospital (CH),1,1,3883,350,350,1,1,NA,NA,NA,NA,NA,NA,NA,NA
NA,590797387,1,1,1,50.6221,3.1222,Lille,Nord,Hauts-de-France,1,1,Private,1,1,2267,251,251,1,1,NA,NA,NA,NA,NA,NA,NA,NA
NA,730000049,1,1,1,45.4838,6.5342,Moûtiers,Savoie,Auvergne-Rhône-Alpes,1,1,General public hospital (CH),1,1,245,186,186,1,1,NA,NA,NA,NA,NA,NA,NA,NA
NA,560000200,1,1,1,47.6694,-2.9805,Auray,Morbihan,Bretagne,1,1,General public hospital (CH),1,1,4953,341,341,1,1,NA,NA,NA,NA,NA,NA,NA,NA
NA,440000701,1,1,1,47.2653,-1.5265,Nantes,Loire-Atlantique,Pays de la Loire,1,1,Private,1,1,1190,252,252,1,1,NA,NA,NA,NA,NA,NA,NA,NA
NA,750000507,1,1,1,48.8305,2.3116,Paris 14e Arrondissement,Paris,Île-de-France,1,1,Non-profit facility (PSPH/EBNL),1,1,2445,256,256,1,1,NA,NA,NA,NA,NA,NA,NA,NA
NA,340780444,1,1,1,43.6187,3.1612,Bédarieux,Hérault,Occitanie,1,1,General public hospital (CH),1,1,313,182,182,1,1,NA,NA,NA,NA,NA,NA,NA,NA
NA,690000047,1,1,1,45.4597,4.7612,Condrieu,Isère,Auvergne-Rhône-Alpes,1,1,General public hospital (CH),1,1,584,223,223,1,1,NA,NA,NA,NA,NA,NA,NA,NA
NA,930150057,1,1,1,48.8689,2.4263,Bagnolet,Seine-Saint-Denis,Île-de-France,1,1,Non-profit facility (PSPH/EBNL),1,1,407,200,200,1,1,NA,NA,NA,NA,NA,NA,NA,NA
NA,2B0005664,1,1,1,42.7092,9.4528,Ville-di-Pietrabugno,Haute-Corse,Corse,1,1,Private,1,1,495,221,221,1,1,NA,NA,NA,NA,NA,NA,NA,NA
NA,130789357,1,1,1,43.5298,5.4416,Aix-en-Provence,Bouches-du-Rhône,Provence-Alpes-Côte d’Azur,1,1,Private,1,1,2319,255,255,1,1,NA,NA,NA,NA,NA,NA,NA,NA
NA,380017095,1,1,1,45.5982,5.2454,Bourgoin-Jallieu,Isère,Auvergne-Rhône-Alpes,1,1,Private,1,1,834,228,228,1,1,NA,NA,NA,NA,NA,NA,NA,NA
NA,780150017,1,1,1,48.9513,2.1586,Maisons-Laffitte,Val-d’Oise,Île-de-France,1,1,Non-profit facility (PSPH/EBNL),1,1,15684,315,315,1,1,NA,NA,NA,NA,NA,NA,NA,NA
NA,330017989,1,1,1,44.8648,-0.5216,Lormont,Gironde,Nouvelle-Aquitaine,1,1,Private,1,1,1867,238,238,1,1,NA,NA,NA,NA,NA,NA,NA,NA
NA,670780170,1,1,1,48.588,7.7649,Strasbourg,Bas-Rhin,Grand-Est,1,1,Private,1,1,26075,347,347,1,1,NA,NA,NA,NA,NA,NA,NA,NA
NA,350032934,1,1,1,48.1169,-1.6962,Rennes,Ille-et-Vilaine,Bretagne,1,1,Private,1,1,14674,314,314,1,1,NA,NA,NA,NA,NA,NA,NA,NA
NA,330780750,1,1,1,44.8815,-0.5186,Lormont,Gironde,Nouvelle-Aquitaine,1,1,Non-profit facility (PSPH/EBNL),1,1,1724,251,251,1,1,NA,NA,NA,NA,NA,NA,NA,NA
NA,590815056,1,1,1,51.0039,2.3843,Coudekerque-Branche,Nord,Hauts-de-France,1,1,Private,1,1,22047,356,356,1,1,NA,NA,NA,NA,NA,NA,NA,NA
NA,910500040,1,1,1,48.6569,2.4074,Ris-Orangis,Essonne,Île-de-France,1,1,Non-profit facility (PSPH/EBNL),1,1,697,230,230,1,1,NA,NA,NA,NA,NA,NA,NA,NA
NA,870014859,1,1,1,45.8135,1.241,Limoges,Haute-Vienne,Nouvelle-Aquitaine,1,1,Regional/University hospital (CHR/U),1,1,17872,366,366,1,1,NA,NA,NA,NA,NA,NA,NA,NA
NA,340780436,1,1,1,43.2995,3.4829,Agde,Hérault,Occitanie,1,1,General public hospital (CH),1,1,1292,325,325,1,1,NA,NA,NA,NA,NA,NA,NA,NA
NA,750150187,1,1,1,48.8466,2.2897,Paris 15e Arrondissement,Paris,Île-de-France,1,1,Non-profit facility (PSPH/EBNL),1,1,1916,288,288,1,1,NA,NA,NA,NA,NA,NA,NA,NA
NA,690780259,1,1,1,45.77,4.8266,Lyon,Rhône,Auvergne-Rhône-Alpes,1,1,Private,1,1,10831,250,250,1,1,NA,NA,NA,NA,NA,NA,NA,NA
NA,270000342,1,1,1,49.2153,1.1685,Louviers,Eure,Normandie,1,1,Private,1,1,1052,235,235,1,1,NA,NA,NA,NA,NA,NA,NA,NA
NA,700000045,1,1,1,47.5048,5.6747,Beaujeu-Saint-Vallier-Pierrejux-et-Quitteur,Haute-Saône,Bourgogne-Franche-Comté,1,1,Non-profit facility (PSPH/EBNL),1,1,655,241,241,1,1,NA,NA,NA,NA,NA,NA,NA,NA
NA,110780194,1,1,1,42.9863,2.0096,Chalabre,Aude,Occitanie,1,1,Private,1,1,500,215,215,1,1,NA,NA,NA,NA,NA,NA,NA,NA
NA,440000560,1,1,1,46.9953,-1.8205,Machecoul-Saint-Même,Loire-Atlantique,Pays de la Loire,1,1,General public hospital (CH),1,1,2997,302,302,1,1,NA,NA,NA,NA,NA,NA,NA,NA
NA,500000302,1,1,1,48.6476,-0.9397,Mortain-Bocage,Manche,Normandie,1,1,General public hospital (CH),1,1,243,165,165,1,1,NA,NA,NA,NA,NA,NA,NA,NA
NA,750150252,1,1,1,48.8466,2.2653,Paris 16e Arrondissement,Hauts-de-Seine,Île-de-France,1,1,Non-profit facility (PSPH/EBNL),1,1,25706,338,338,1,1,NA,NA,NA,NA,NA,NA,NA,NA
NA,680000601,1,1,1,47.8135,7.0967,Thann,Haut-Rhin,Grand-Est,1,1,General public hospital (CH),1,1,1303,330,330,1,1,NA,NA,NA,NA,NA,NA,NA,NA
NA,530002898,1,1,1,48.0656,-0.7824,Laval,Mayenne,Pays de la Loire,1,1,Private,1,1,1084,217,217,1,1,NA,NA,NA,NA,NA,NA,NA,NA
NA,870000080,1,1,1,45.8112,1.2328,Isle,Haute-Vienne,Nouvelle-Aquitaine,1,1,Private,1,1,12602,366,366,1,1,NA,NA,NA,NA,NA,NA,NA,NA
NA,540000452,1,1,1,48.6609,6.1601,Vandœuvre-lès-Nancy,Meurthe-et-Moselle,Grand-Est,1,1,Private,1,1,16045,295,295,1,1,NA,NA,NA,NA,NA,NA,NA,NA
NA,450014956,1,1,1,47.9156,2.0287,Chécy,Loiret,Centre-Val de Loire,1,1,Non-profit facility (PSPH/EBNL),1,1,469,209,209,1,1,NA,NA,NA,NA,NA,NA,NA,NA
NA,570000109,1,1,1,48.7028,7.1231,Niderviller,Moselle,Grand-Est,1,1,General public hospital (CH),1,1,682,247,247,1,1,NA,NA,NA,NA,NA,NA,NA,NA
NA,860790419,1,1,1,46.5634,0.3682,Poitiers,Vienne,Nouvelle-Aquitaine,1,1,Private,1,1,1216,250,250,1,1,NA,NA,NA,NA,NA,NA,NA,NA
NA,920300423,1,1,1,48.9075,2.2531,La Garenne-Colombes,Hauts-de-Seine,Île-de-France,1,1,Private,1,1,875,243,243,1,1,NA,NA,NA,NA,NA,NA,NA,NA
NA,080000136,1,1,1,49.9406,4.6348,Revin,Ardennes,Grand-Est,1,1,Private,1,1,760,228,228,1,1,NA,NA,NA,NA,NA,NA,NA,NA
NA,560003055,1,1,1,47.8104,-2.813,Colpo,Morbihan,Bretagne,1,1,Non-profit facility (PSPH/EBNL),1,1,813,245,245,1,1,NA,NA,NA,NA,NA,NA,NA,NA
NA,440000024,1,1,1,47.2213,-1.6335,Saint-Herblain,Loire-Atlantique,Pays de la Loire,1,1,General public hospital (CH),1,1,1094,211,211,1,1,NA,NA,NA,NA,NA,NA,NA,NA
NA,210987046,1,1,1,47.3464,5.0354,Fontaine-lès-Dijon,Côte-d’Or,Bourgogne-Franche-Comté,1,1,Private,1,1,1231,252,252,1,1,NA,NA,NA,NA,NA,NA,NA,NA
NA,300782141,1,1,1,43.5528,4.1122,Le Grau-du-Roi,Gard,Occitanie,1,1,Regional/University hospital (CHR/U),1,1,5053,259,259,1,1,NA,NA,NA,NA,NA,NA,NA,NA
NA,230000838,1,1,1,45.9598,2.182,Aubusson,Creuse,Nouvelle-Aquitaine,1,1,General public hospital (CH),1,1,387,223,223,1,1,NA,NA,NA,NA,NA,NA,NA,NA
NA,380780312,1,1,1,45.2052,5.748,La Tronche,Isère,Auvergne-Rhône-Alpes,1,1,Non-profit facility (PSPH/EBNL),1,1,914,245,245,1,1,NA,NA,NA,NA,NA,NA,NA,NA
NA,380781138,1,1,1,45.4866,5.4757,Virieu,Isère,Auvergne-Rhône-Alpes,1,1,Non-profit facility (PSPH/EBNL),1,1,436,224,224,1,1,NA,NA,NA,NA,NA,NA,NA,NA
NA,340000249,1,1,1,43.6261,3.4373,Clermont-l'Hérault,Hérault,Occitanie,1,1,General public hospital (CH),1,1,459,205,205,1,1,NA,NA,NA,NA,NA,NA,NA,NA
NA,620100016,1,1,1,50.4031,1.5617,Berck,62,Hauts-de-France,1,1,Regional/University hospital (CHR/U),1,1,1061,249,249,1,1,NA,NA,NA,NA,NA,NA,NA,NA
NA,540000361,1,1,1,48.5896,6.5033,Lunéville,Meurthe-et-Moselle,Grand-Est,1,1,Private,1,1,8522,263,263,1,1,NA,NA,NA,NA,NA,NA,NA,NA
NA,640780623,1,1,1,43.3567,-1.4041,Cambo-les-Bains,Pyrénées-Atlantiques,Nouvelle-Aquitaine,1,1,Private,1,1,877,248,248,1,1,NA,NA,NA,NA,NA,NA,NA,NA
NA,520000076,1,1,1,48.6341,4.9551,Saint-Dizier,Haute-Marne,Grand-Est,1,1,General public hospital (CH),1,1,660,235,235,1,1,NA,NA,NA,NA,NA,NA,NA,NA
NA,730780475,1,1,1,45.6776,5.9023,Tresserve,Savoie,Auvergne-Rhône-Alpes,1,1,Non-profit facility (PSPH/EBNL),1,1,676,241,241,1,1,NA,NA,NA,NA,NA,NA,NA,NA
NA,560006348,1,1,1,48.0943,-2.9131,Noyal-Pontivy,Morbihan,Bretagne,1,1,Private,1,1,3602,313,313,1,1,NA,NA,NA,NA,NA,NA,NA,NA
NA,490020245,1,1,1,47.6782,-0.8667,Segré-en-Anjou Bleu,Maine-et-Loire,Pays de la Loire,1,1,General public hospital (CH),1,1,1118,335,335,1,1,NA,NA,NA,NA,NA,NA,NA,NA
NA,570000026,1,1,1,48.9981,7.0276,Sarralbe,Moselle,Grand-Est,1,1,Non-profit facility (PSPH/EBNL),1,1,535,274,274,1,1,NA,NA,NA,NA,NA,NA,NA,NA
NA,880000336,1,1,1,48.1952,6.4321,Golbey,Vosges,Grand-Est,1,1,General public hospital (CH),1,1,1536,258,258,1,1,NA,NA,NA,NA,NA,NA,NA,NA
NA,780008298,1,1,1,48.7142,2.0739,Saint-Rémy-lès-Chevreuse,Yvelines,Île-de-France,1,1,Private,1,1,555,227,227,1,1,NA,NA,NA,NA,NA,NA,NA,NA
NA,750047128,1,1,1,48.8709,2.3886,Paris 20e Arrondissement,Seine-Saint-Denis,Île-de-France,1,1,Private,1,1,820,242,242,1,1,NA,NA,NA,NA,NA,NA,NA,NA
NA,350002804,1,1,1,48.1462,-1.7562,Pacé,Ille-et-Vilaine,Bretagne,1,1,Private,1,1,11039,366,366,1,1,NA,NA,NA,NA,NA,NA,NA,NA
NA,920000627,1,1,1,48.821,2.2025,Sèvres,Hauts-de-Seine,Île-de-France,1,1,General public hospital (CH),1,1,4355,333,333,1,1,NA,NA,NA,NA,NA,NA,NA,NA
NA,370000515,1,1,1,47.4056,0.705,Tours,Indre-et-Loire,Centre-Val de Loire,1,1,Regional/University hospital (CHR/U),1,1,605,225,225,1,1,NA,NA,NA,NA,NA,NA,NA,NA
NA,640000402,1,1,1,43.4848,-0.7703,Orthez,Pyrénées-Atlantiques,Nouvelle-Aquitaine,1,1,General public hospital (CH),1,1,6554,366,366,1,1,NA,NA,NA,NA,NA,NA,NA,NA
NA,320000177,1,1,1,43.757,-0.0312,Nogaro,Gers,Occitanie,1,1,General public hospital (CH),1,1,419,216,216,1,1,NA,NA,NA,NA,NA,NA,NA,NA
NA,920300845,1,1,1,48.8704,2.1834,Rueil-Malmaison,Hauts-de-Seine,Île-de-France,1,1,Non-profit facility (PSPH/EBNL),1,1,558,233,233,1,1,NA,NA,NA,NA,NA,NA,NA,NA
NA,750150013,1,1,1,48.8431,2.4064,Paris 12e Arrondissement,Val-de-Marne,Île-de-France,1,1,Non-profit facility (PSPH/EBNL),1,1,12072,366,366,1,1,NA,NA,NA,NA,NA,NA,NA,NA
NA,780022737,1,1,1,48.9503,2.152,Maisons-Laffitte,Val-d’Oise,Île-de-France,1,1,Private,1,1,2292,331,331,1,1,NA,NA,NA,NA,NA,NA,NA,NA
NA,050000991,1,1,1,44.9186,6.6211,Briançon,Hautes-Alpes,Provence-Alpes-Côte d’Azur,1,1,Non-profit facility (PSPH/EBNL),1,1,1284,253,253,1,1,NA,NA,NA,NA,NA,NA,NA,NA
NA,270000367,1,1,1,49.2792,1.7641,Gisors,Oise,Hauts-de-France,1,1,General public hospital (CH),1,1,6756,366,366,1,1,NA,NA,NA,NA,NA,NA,NA,NA
NA,120000237,1,1,1,44.4518,2.4744,Salles-la-Source,Aveyron,Occitanie,1,1,General public hospital (CH),1,1,308,185,185,1,1,NA,NA,NA,NA,NA,NA,NA,NA
NA,420000028,1,1,1,45.8921,4.2353,Saint-Just-la-Pendue,Loire,Auvergne-Rhône-Alpes,1,1,General public hospital (CH),1,1,124,103,103,1,1,NA,NA,NA,NA,NA,NA,NA,NA
NA,290000827,1,1,1,48.3901,-4.4378,Brest,Finistère,Bretagne,1,1,Non-profit facility (PSPH/EBNL),1,1,3260,257,257,1,1,NA,NA,NA,NA,NA,NA,NA,NA
NA,760000042,1,1,1,50.0506,1.4215,Eu,Somme,Hauts-de-France,1,1,General public hospital (CH),1,1,1014,327,327,1,1,NA,NA,NA,NA,NA,NA,NA,NA
NA,390000057,1,1,1,46.5308,6.0204,Hauts de Bienne,Jura,Bourgogne-Franche-Comté,1,1,General public hospital (CH),1,1,775,318,318,1,1,NA,NA,NA,NA,NA,NA,NA,NA
NA,710006859,1,1,1,46.3164,4.8121,Mâcon,Saône-et-Loire,Bourgogne-Franche-Comté,1,1,Private,1,1,18378,345,345,1,1,NA,NA,NA,NA,NA,NA,NA,NA
NA,140025123,1,1,1,49.1817,-0.4084,Caen,Calvados,Normandie,1,1,Private,1,1,1053,248,248,1,1,NA,NA,NA,NA,NA,NA,NA,NA
NA,690000062,1,1,1,45.7405,4.4671,Saint-Laurent-de-Chamousset,Rhône,Auvergne-Rhône-Alpes,1,1,General public hospital (CH),1,1,178,143,143,1,1,NA,NA,NA,NA,NA,NA,NA,NA
NA,100000082,1,1,1,48.5178,3.7215,Romilly-sur-Seine,Aube,Grand-Est,1,1,Private,1,1,2099,149,149,1,1,NA,NA,NA,NA,NA,NA,NA,NA
NA,780001657,1,1,1,48.6335,2.0105,Bullion,Yvelines,Île-de-France,1,1,General public hospital (CH),1,1,954,275,275,1,1,NA,NA,NA,NA,NA,NA,NA,NA
NA,760780619,1,1,1,49.442,1.1132,Rouen,Seine-Maritime,Normandie,1,1,Private,1,1,34239,362,362,1,1,NA,NA,NA,NA,NA,NA,NA,NA
NA,680000692,1,1,1,47.8681,7.3505,Ensisheim,Haut-Rhin,Grand-Est,1,1,General public hospital (CH),1,1,222,169,169,1,1,NA,NA,NA,NA,NA,NA,NA,NA
NA,140000340,1,1,1,49.1929,-0.3273,Hérouville-Saint-Clair,Calvados,Normandie,1,1,Non-profit facility (PSPH/EBNL),1,1,877,256,256,1,1,NA,NA,NA,NA,NA,NA,NA,NA
NA,060000296,1,1,1,43.7285,7.1031,Vence,Alpes-Maritimes,Provence-Alpes-Côte d’Azur,1,1,Non-profit facility (PSPH/EBNL),1,1,977,247,247,1,1,NA,NA,NA,NA,NA,NA,NA,NA
NA,560000275,1,1,1,47.8011,-3.2982,Hennebont,Morbihan,Bretagne,1,1,General public hospital (CH),1,1,2335,255,255,1,1,NA,NA,NA,NA,NA,NA,NA,NA
NA,750300667,1,1,1,48.839,2.2889,Paris 15e Arrondissement,Hauts-de-Seine,Île-de-France,1,1,Private,1,1,5800,365,365,1,1,NA,NA,NA,NA,NA,NA,NA,NA
NA,610006421,1,1,1,48.4282,0.0749,Alençon,Orne,Normandie,1,1,Private,1,1,7889,293,293,1,1,NA,NA,NA,NA,NA,NA,NA,NA
NA,650000078,1,1,1,43.0832,0.079,Astugue,Hautes-Pyrénées,Occitanie,1,1,General public hospital (CH),1,1,755,247,247,1,1,NA,NA,NA,NA,NA,NA,NA,NA
NA,640780714,1,1,1,43.3535,-1.772,Hendaye,Pyrénées-Atlantiques,Nouvelle-Aquitaine,1,1,Non-profit facility (PSPH/EBNL),1,1,433,219,219,1,1,NA,NA,NA,NA,NA,NA,NA,NA
NA,270000417,1,1,1,49.2423,1.6794,Noyers,Eure,Normandie,1,1,Non-profit facility (PSPH/EBNL),1,1,729,230,230,1,1,NA,NA,NA,NA,NA,NA,NA,NA
NA,760920603,1,1,1,49.5079,0.0832,Sainte-Adresse,76,Normandie,1,1,Private,1,1,872,241,241,1,1,NA,NA,NA,NA,NA,NA,NA,NA
NA,690790472,1,1,1,45.7401,4.7727,Francheville,Rhône,Auvergne-Rhône-Alpes,1,1,Non-profit facility (PSPH/EBNL),1,1,1288,301,301,1,1,NA,NA,NA,NA,NA,NA,NA,NA
NA,760034637,1,1,1,49.5202,0.2031,Harfleur,Seine-Maritime,Normandie,1,1,Private,1,1,1231,237,237,1,1,NA,NA,NA,NA,NA,NA,NA,NA
NA,850000126,1,1,1,46.4658,-0.8258,Fontenay-le-Comte,Vendée,Pays de la Loire,1,1,Private,1,1,8967,353,353,1,1,NA,NA,NA,NA,NA,NA,NA,NA
NA,590000766,1,1,1,50.7373,2.7381,Bailleul,Nord,Hauts-de-France,1,1,General public hospital (CH),1,1,886,290,290,1,1,NA,NA,NA,NA,NA,NA,NA,NA
NA,130780083,1,1,1,43.291,5.4195,Marseille,Bouches-du-Rhône,Provence-Alpes-Côte d’Azur,1,1,Private,1,1,1333,252,252,1,1,NA,NA,NA,NA,NA,NA,NA,NA
NA,830200507,1,1,1,43.4627,6.7291,Fréjus,Var,Provence-Alpes-Côte d’Azur,1,1,Non-profit facility (PSPH/EBNL),1,1,960,232,232,1,1,NA,NA,NA,NA,NA,NA,NA,NA
NA,290001015,1,1,1,48.429,-4.6193,Saint-Renan,Finistère,Bretagne,1,1,General public hospital (CH),1,1,956,228,228,1,1,NA,NA,NA,NA,NA,NA,NA,NA
NA,330780206,1,1,1,44.6327,-1.1457,La Teste-de-Buch,Gironde,Nouvelle-Aquitaine,1,1,Private,1,1,16452,322,322,1,1,NA,NA,NA,NA,NA,NA,NA,NA
NA,220001259,1,1,1,48.7811,-3.2352,Tréguier,Côtes-d’Armor,Bretagne,1,1,General public hospital (CH),1,1,1498,271,271,1,1,NA,NA,NA,NA,NA,NA,NA,NA
NA,160013207,1,1,1,45.6376,0.2016,Soyaux,Charente,Nouvelle-Aquitaine,1,1,Private,1,1,33167,366,366,1,1,NA,NA,NA,NA,NA,NA,NA,NA
NA,370100539,1,1,1,47.3291,0.6149,Ballan-Miré,Indre-et-Loire,Centre-Val de Loire,1,1,Non-profit facility (PSPH/EBNL),1,1,1864,254,254,1,1,NA,NA,NA,NA,NA,NA,NA,NA
NA,110780236,1,1,1,42.881100000000004,2.1854,Quillan,Aude,Occitanie,1,1,General public hospital (CH),1,1,389,210,210,1,1,NA,NA,NA,NA,NA,NA,NA,NA
NA,570000083,1,1,1,49.122,6.7223,Saint-Avold,Moselle,Grand-Est,1,1,Private,1,1,12815,364,364,1,1,NA,NA,NA,NA,NA,NA,NA,NA
NA,210987673,1,1,1,47.6245,4.3405,Montbard,Côte-d’Or,Bourgogne-Franche-Comté,1,1,General public hospital (CH),1,1,1465,296,296,1,1,NA,NA,NA,NA,NA,NA,NA,NA
NA,640000428,1,1,1,43.218,-0.8895,Mauléon-Licharre,Pyrénées-Atlantiques,Nouvelle-Aquitaine,1,1,General public hospital (CH),1,1,438,214,214,1,1,NA,NA,NA,NA,NA,NA,NA,NA
NA,040000036,1,1,1,44.3875,6.6495,Barcelonnette,Alpes-de-Haute-Provence,Provence-Alpes-Côte d’Azur,1,1,General public hospital (CH),1,1,203,137,137,1,1,NA,NA,NA,NA,NA,NA,NA,NA
NA,710781410,1,1,1,46.9509,4.2945,Autun,Saône-et-Loire,Bourgogne-Franche-Comté,1,1,Private,1,1,3345,288,288,1,1,NA,NA,NA,NA,NA,NA,NA,NA
NA,780300208,1,1,1,48.9305,2.0374,Poissy,Yvelines,Île-de-France,1,1,Private,1,1,12473,298,298,1,1,NA,NA,NA,NA,NA,NA,NA,NA
NA,690010848,1,1,1,45.7165,4.925,Saint-Priest,Rhône,Auvergne-Rhône-Alpes,1,1,Private,1,1,1024,248,248,1,1,NA,NA,NA,NA,NA,NA,NA,NA
NA,600010862,1,1,1,49.1791,2.4557,Chantilly,Oise,Hauts-de-France,1,1,Private,1,1,7399,254,254,1,1,NA,NA,NA,NA,NA,NA,NA,NA
NA,670780378,1,1,1,48.8195,7.7883,Haguenau,Bas-Rhin,Grand-Est,1,1,Private,1,1,22872,357,357,1,1,NA,NA,NA,NA,NA,NA,NA,NA
NA,060800166,1,1,1,43.6085,7.0114,Mougins,Alpes-Maritimes,Provence-Alpes-Côte d’Azur,1,1,Private,1,1,36321,356,356,1,1,NA,NA,NA,NA,NA,NA,NA,NA
NA,130785389,1,1,1,43.3178,5.4599,Marseille,Bouches-du-Rhône,Provence-Alpes-Côte d’Azur,1,1,Private,1,1,12524,295,295,1,1,NA,NA,NA,NA,NA,NA,NA,NA
NA,010000214,1,1,1,45.9756,5.6102,Hauteville-Lompnes,Ain,Auvergne-Rhône-Alpes,1,1,General public hospital (CH),1,1,1281,256,256,1,1,NA,NA,NA,NA,NA,NA,NA,NA
NA,690787478,1,1,1,45.7472,4.7896,Lyon,Rhône,Auvergne-Rhône-Alpes,1,1,Regional/University hospital (CHR/U),1,1,1611,257,257,1,1,NA,NA,NA,NA,NA,NA,NA,NA
NA,170780043,1,1,1,46.1539,-1.1752,La Rochelle,17,Nouvelle-Aquitaine,1,1,Non-profit facility (PSPH/EBNL),1,1,2120,252,252,1,1,NA,NA,NA,NA,NA,NA,NA,NA
NA,600010094,1,1,1,49.6082,2.0766,Crèvecœur-le-Grand,Oise,Hauts-de-France,1,1,General public hospital (CH),1,1,266,176,176,1,1,NA,NA,NA,NA,NA,NA,NA,NA
NA,700784887,1,1,1,47.6105,6.1575,Navenne,Haute-Saône,Bourgogne-Franche-Comté,1,1,Private,1,1,794,227,227,1,1,NA,NA,NA,NA,NA,NA,NA,NA
NA,940300163,1,1,1,48.7779,2.336,L'Haÿ-les-Roses,Val-de-Marne,Île-de-France,1,1,Private,1,1,1946,298,298,1,1,NA,NA,NA,NA,NA,NA,NA,NA
NA,760920918,1,1,1,49.4248,1.0856,Rouen,Seine-Maritime,Normandie,1,1,Private,1,1,1419,250,250,1,1,NA,NA,NA,NA,NA,NA,NA,NA
NA,510000201,1,1,1,49.2522,4.0596,Reims,Marne,Grand-Est,1,1,Non-profit facility (PSPH/EBNL),1,1,253,176,176,1,1,NA,NA,NA,NA,NA,NA,NA,NA
NA,670780592,1,1,1,48.9498,7.6426,Niederbronn-les-Bains,Bas-Rhin,Grand-Est,1,1,Non-profit facility (PSPH/EBNL),1,1,389,221,221,1,1,NA,NA,NA,NA,NA,NA,NA,NA
NA,750100067,1,1,1,48.8817,2.3585,Paris 10e Arrondissement,Seine-Saint-Denis,Île-de-France,1,1,Regional/University hospital (CHR/U),1,1,1325,252,252,1,1,NA,NA,NA,NA,NA,NA,NA,NA
NA,290000975,1,1,1,48.7159,-4.0082,Roscoff,29,Bretagne,1,1,Non-profit facility (PSPH/EBNL),1,1,5982,283,283,1,1,NA,NA,NA,NA,NA,NA,NA,NA
NA,940100035,1,1,1,48.8039,2.3957,Ivry-sur-Seine,Val-de-Marne,Île-de-France,1,1,Regional/University hospital (CHR/U),1,1,5189,323,323,1,1,NA,NA,NA,NA,NA,NA,NA,NA
NA,770300218,1,1,1,48.8571,2.783,Serris,Seine-et-Marne,Île-de-France,1,1,Private,1,1,1041,247,247,1,1,NA,NA,NA,NA,NA,NA,NA,NA
NA,510000359,1,1,1,48.8772,3.5454,Montmirail,Marne,Grand-Est,1,1,General public hospital (CH),1,1,341,194,194,1,1,NA,NA,NA,NA,NA,NA,NA,NA
NA,660780099,1,1,1,42.4845,2.6552,Montbolo,Pyrénées-Orientales,Occitanie,1,1,Private,1,1,451,218,218,1,1,NA,NA,NA,NA,NA,NA,NA,NA
NA,770016491,1,1,1,48.8538,2.7603,Montévrain,Seine-et-Marne,Île-de-France,1,1,Private,1,1,1391,244,244,1,1,NA,NA,NA,NA,NA,NA,NA,NA
NA,060788957,1,1,1,43.7208,7.2723,Nice,Alpes-Maritimes,Provence-Alpes-Côte d’Azur,1,1,Regional/University hospital (CHR/U),1,1,9556,333,333,1,1,NA,NA,NA,NA,NA,NA,NA,NA
NA,290018563,1,1,1,47.9776,-4.0829,Quimper,Finistère,Bretagne,1,1,Private,1,1,8761,366,366,1,1,NA,NA,NA,NA,NA,NA,NA,NA
NA,330057654,1,1,1,44.8065,-0.5731,Talence,Gironde,Nouvelle-Aquitaine,1,1,Private,1,1,1350,251,251,1,1,NA,NA,NA,NA,NA,NA,NA,NA
NA,050002351,1,1,1,44.5677,6.0691,Gap,Hautes-Alpes,Provence-Alpes-Côte d’Azur,1,1,Non-profit facility (PSPH/EBNL),1,1,807,248,248,1,1,NA,NA,NA,NA,NA,NA,NA,NA
NA,180010209,1,1,1,46.7253,2.496,Saint-Amand-Montrond,Cher,Centre-Val de Loire,1,1,Non-profit facility (PSPH/EBNL),1,1,2631,281,281,1,1,NA,NA,NA,NA,NA,NA,NA,NA
NA,750100083,1,1,1,48.8428,2.398,Paris 12e Arrondissement,Paris,Île-de-France,1,1,Regional/University hospital (CHR/U),1,1,4574,298,298,1,1,NA,NA,NA,NA,NA,NA,NA,NA
NA,480002948,1,1,1,44.5637,3.2943,Marvejols,Lozère,Occitanie,1,1,General public hospital (CH),1,1,3083,277,277,1,1,NA,NA,NA,NA,NA,NA,NA,NA
NA,180004145,1,1,1,47.1065,2.3565,Saint-Doulchard,Cher,Centre-Val de Loire,1,1,Private,1,1,28044,355,355,1,1,NA,NA,NA,NA,NA,NA,NA,NA
NA,690050687,1,1,1,46.0039,4.6883,Gleizé,Rhône,Auvergne-Rhône-Alpes,1,1,Private,1,1,742,242,242,1,1,NA,NA,NA,NA,NA,NA,NA,NA
NA,520004714,1,1,1,47.8664,5.3365,Langres,Haute-Marne,Grand-Est,1,1,Non-profit facility (PSPH/EBNL),1,1,3174,349,349,1,1,NA,NA,NA,NA,NA,NA,NA,NA
NA,410005284,1,1,1,47.6164,1.3408,La Chaussée-Saint-Victor,Loir-et-Cher,Centre-Val de Loire,1,1,Private,1,1,2589,295,295,1,1,NA,NA,NA,NA,NA,NA,NA,NA
NA,120780143,1,1,1,44.2724,2.5236,Calmont,Aveyron,Occitanie,1,1,Private,1,1,1332,253,253,1,1,NA,NA,NA,NA,NA,NA,NA,NA
NA,640780185,1,1,1,43.4351,-1.5957,Bidart,Pyrénées-Atlantiques,Nouvelle-Aquitaine,1,1,Non-profit facility (PSPH/EBNL),1,1,1220,247,247,1,1,NA,NA,NA,NA,NA,NA,NA,NA
NA,510000466,1,1,1,49.0927,4.9077,Sainte-Menehould,Marne,Grand-Est,1,1,General public hospital (CH),1,1,305,181,181,1,1,NA,NA,NA,NA,NA,NA,NA,NA
NA,620000059,1,1,1,50.1038,2.8576,Bapaume,Pas-de-Calais,Hauts-de-France,1,1,General public hospital (CH),1,1,486,225,225,1,1,NA,NA,NA,NA,NA,NA,NA,NA
NA,680013778,1,1,1,47.7244,7.3405,Mulhouse,Haut-Rhin,Grand-Est,1,1,Private,1,1,16952,313,313,1,1,NA,NA,NA,NA,NA,NA,NA,NA
NA,830100459,1,1,1,43.1224,5.9547,Toulon,Var,Provence-Alpes-Côte d’Azur,1,1,Private,1,1,19843,318,318,1,1,NA,NA,NA,NA,NA,NA,NA,NA
NA,130784580,1,1,1,43.3003,5.5029,Marseille,Bouches-du-Rhône,Provence-Alpes-Côte d’Azur,1,1,Private,1,1,924,247,247,1,1,NA,NA,NA,NA,NA,NA,NA,NA
NA,620100842,1,1,1,50.4682,2.9912,Oignies,Pas-de-Calais,Hauts-de-France,1,1,Non-profit facility (PSPH/EBNL),1,1,2403,255,255,1,1,NA,NA,NA,NA,NA,NA,NA,NA
NA,650780182,1,1,1,43.3874,0.0528,Vic-en-Bigorre,Hautes-Pyrénées,Occitanie,1,1,General public hospital (CH),1,1,774,258,258,1,1,NA,NA,NA,NA,NA,NA,NA,NA
NA,600000152,1,1,1,49.2697,1.8884,Chaumont-en-Vexin,Oise,Hauts-de-France,1,1,General public hospital (CH),1,1,600,268,268,1,1,NA,NA,NA,NA,NA,NA,NA,NA
NA,070000484,1,1,1,44.6562,4.369,Vals-les-Bains,Ardèche,Auvergne-Rhône-Alpes,1,1,General public hospital (CH),1,1,2329,267,267,1,1,NA,NA,NA,NA,NA,NA,NA,NA
NA,300780491,1,1,1,43.7299,4.1711,Gallargues-le-Montueux,Gard,Occitanie,1,1,Private,1,1,2498,256,256,1,1,NA,NA,NA,NA,NA,NA,NA,NA
NA,720000314,1,1,1,47.6495,0.155,Le Lude,Sarthe,Pays de la Loire,1,1,General public hospital (CH),1,1,211,168,168,1,1,NA,NA,NA,NA,NA,NA,NA,NA
NA,010000131,1,1,1,46.1721,4.8044,Thoissey,Ain,Auvergne-Rhône-Alpes,1,1,General public hospital (CH),1,1,477,228,228,1,1,NA,NA,NA,NA,NA,NA,NA,NA
NA,530000140,1,1,1,48.296,-0.9228,Ernée,Mayenne,Pays de la Loire,1,1,General public hospital (CH),1,1,880,273,273,1,1,NA,NA,NA,NA,NA,NA,NA,NA
NA,570003079,1,1,1,49.3626,6.1452,Thionville,Moselle,Grand-Est,1,1,Non-profit facility (PSPH/EBNL),1,1,3645,355,355,1,1,NA,NA,NA,NA,NA,NA,NA,NA
NA,420014110,1,1,1,45.4751,4.3692,Saint-Priest-en-Jarez,Loire,Auvergne-Rhône-Alpes,1,1,Non-profit facility (PSPH/EBNL),1,1,48,38,38,1,1,NA,NA,NA,NA,NA,NA,NA,NA
NA,720023068,1,1,1,48.0152,0.1816,Le Mans,Sarthe,Pays de la Loire,1,1,General public hospital (CH),1,1,17776,314,314,1,1,NA,NA,NA,NA,NA,NA,NA,NA
NA,410000442,1,1,1,47.3507,1.1553,Chissay-en-Touraine,Loir-et-Cher,Centre-Val de Loire,1,1,Non-profit facility (PSPH/EBNL),1,1,958,245,245,1,1,NA,NA,NA,NA,NA,NA,NA,NA
NA,140026709,1,1,1,49.384,0.1269,Villerville,14,Normandie,1,1,Private,1,1,7089,346,346,1,1,NA,NA,NA,NA,NA,NA,NA,NA
NA,340019090,1,1,1,43.6254,3.9114,Castelnau-le-Lez,Hérault,Occitanie,1,1,Private,1,1,1385,233,233,1,1,NA,NA,NA,NA,NA,NA,NA,NA
NA,480780287,1,1,1,44.5525,3.2886,Marvejols,Lozère,Occitanie,1,1,Non-profit facility (PSPH/EBNL),1,1,393,213,213,1,1,NA,NA,NA,NA,NA,NA,NA,NA
NA,300780137,1,1,1,44.1214,4.0867000000000004,Alès,Gard,Occitanie,1,1,Private,1,1,16306,342,342,1,1,NA,NA,NA,NA,NA,NA,NA,NA
NA,600100168,1,1,1,49.1791,2.4557,Chantilly,Oise,Hauts-de-France,1,1,Non-profit facility (PSPH/EBNL),1,1,8854,313,313,1,1,NA,NA,NA,NA,NA,NA,NA,NA
NA,620034058,1,1,1,50.2922,2.7276,Dainville,Pas-de-Calais,Hauts-de-France,1,1,General public hospital (CH),1,1,908,241,241,1,1,NA,NA,NA,NA,NA,NA,NA,NA
NA,440001964,1,1,1,47.0915,-1.2908,Clisson,Loire-Atlantique,Pays de la Loire,1,1,General public hospital (CH),1,1,224,155,155,1,1,NA,NA,NA,NA,NA,NA,NA,NA
NA,220020507,1,1,1,48.7241,-3.4639,Lannion,Côtes-d’Armor,Bretagne,1,1,Private,1,1,10361,314,314,1,1,NA,NA,NA,NA,NA,NA,NA,NA
NA,290005131,1,1,1,48.566,-3.8291,Plourin-lès-Morlaix,Finistère,Bretagne,1,1,Private,1,1,5141,313,313,1,1,NA,NA,NA,NA,NA,NA,NA,NA
NA,700000011,1,1,1,47.4468,5.5872,Gray,Haute-Saône,Bourgogne-Franche-Comté,1,1,General public hospital (CH),1,1,2084,363,363,1,1,NA,NA,NA,NA,NA,NA,NA,NA
NA,540000270,1,1,1,48.7651,6.1199,Pompey,Meurthe-et-Moselle,Grand-Est,1,1,General public hospital (CH),1,1,191,140,140,1,1,NA,NA,NA,NA,NA,NA,NA,NA
NA,620105940,1,1,1,50.3869,2.3371,Saint-Pol-sur-Ternoise,Pas-de-Calais,Hauts-de-France,1,1,Private,1,1,922,231,231,1,1,NA,NA,NA,NA,NA,NA,NA,NA
NA,430000158,1,1,1,45.0529,3.8804,Aiguilhe,Haute-Loire,Auvergne-Rhône-Alpes,1,1,Private,1,1,749,237,237,1,1,NA,NA,NA,NA,NA,NA,NA,NA
NA,900000035,1,1,1,47.6445,6.8651,Belfort,Territoire de Belfort,Bourgogne-Franche-Comté,1,1,Private,1,1,13280,258,258,1,1,NA,NA,NA,NA,NA,NA,NA,NA
NA,130008048,1,1,1,43.2599,5.4078,Marseille,Bouches-du-Rhône,Provence-Alpes-Côte d’Azur,1,1,Private,1,1,745,237,237,1,1,NA,NA,NA,NA,NA,NA,NA,NA
NA,610784423,1,1,1,48.554,-0.4243,Bagnoles de l'Orne Normandie,Orne,Normandie,1,1,Non-profit facility (PSPH/EBNL),1,1,1147,240,240,1,1,NA,NA,NA,NA,NA,NA,NA,NA
NA,930013818,1,1,1,48.9257,2.3669,Saint-Denis,Seine-Saint-Denis,Île-de-France,1,1,Private,1,1,1073,247,247,1,1,NA,NA,NA,NA,NA,NA,NA,NA
NA,800000200,1,1,1,49.914,2.5147,Corbie,Somme,Hauts-de-France,1,1,General public hospital (CH),1,1,3585,292,292,1,1,NA,NA,NA,NA,NA,NA,NA,NA
NA,680000122,1,1,1,47.8068,7.1725,Cernay,Haut-Rhin,Grand-Est,1,1,General public hospital (CH),1,1,1872,247,247,1,1,NA,NA,NA,NA,NA,NA,NA,NA
NA,540000726,1,1,1,48.5915,6.8445,Blâmont,Meurthe-et-Moselle,Grand-Est,1,1,Non-profit facility (PSPH/EBNL),1,1,50,37,37,1,1,NA,NA,NA,NA,NA,NA,NA,NA
NA,220016778,1,1,1,48.4928,-2.7489,Saint-Brieuc,Côtes-d’Armor,Bretagne,1,1,Private,1,1,246,207,207,1,1,NA,NA,NA,NA,NA,NA,NA,NA
NA,670000371,1,1,1,48.4948,7.4628,Rosheim,Bas-Rhin,Grand-Est,1,1,General public hospital (CH),1,1,156,130,130,1,1,NA,NA,NA,NA,NA,NA,NA,NA
NA,330804501,1,1,1,44.4337,-0.2058,Bazas,Gironde,Nouvelle-Aquitaine,1,1,General public hospital (CH),1,1,994,304,304,1,1,NA,NA,NA,NA,NA,NA,NA,NA
NA,670013341,1,1,1,48.7431,7.3629,Saverne,Bas-Rhin,Grand-Est,1,1,Private,1,1,2621,226,226,1,1,NA,NA,NA,NA,NA,NA,NA,NA
NA,850022013,1,1,1,47.003,-2.234,Noirmoutier-en-l'Île,Vendée,Pays de la Loire,1,1,General public hospital (CH),1,1,116,106,106,1,1,NA,NA,NA,NA,NA,NA,NA,NA
NA,560000291,1,1,1,47.345,-3.1611,Le Palais,Morbihan,Bretagne,1,1,General public hospital (CH),1,1,1026,334,334,1,1,NA,NA,NA,NA,NA,NA,NA,NA
NA,340019603,1,1,1,43.6203,3.904,Montpellier,Hérault,Occitanie,1,1,Private,1,1,8435,313,313,1,1,NA,NA,NA,NA,NA,NA,NA,NA
NA,210987574,1,1,1,47.1321,4.4854,Arnay-le-Duc,Côte-d’Or,Bourgogne-Franche-Comté,1,1,General public hospital (CH),1,1,133,109,109,1,1,NA,NA,NA,NA,NA,NA,NA,NA
NA,270000912,1,1,1,49.0014,1.0783,Saint-Sébastien-de-Morsent,Eure,Normandie,1,1,Non-profit facility (PSPH/EBNL),1,1,5419,260,260,1,1,NA,NA,NA,NA,NA,NA,NA,NA
NA,630010510,1,1,1,45.773,3.0598,Chamalières,Puy-de-Dôme,Auvergne-Rhône-Alpes,1,1,Private,1,1,899,254,254,1,1,NA,NA,NA,NA,NA,NA,NA,NA
NA,110780202,1,1,1,43.265,2.4039,Conques-sur-Orbiel,Aude,Occitanie,1,1,Private,1,1,1318,248,248,1,1,NA,NA,NA,NA,NA,NA,NA,NA
NA,080000268,1,1,1,49.7637,4.7002,Charleville-Mézières,Ardennes,Grand-Est,1,1,Non-profit facility (PSPH/EBNL),1,1,366,178,178,1,1,NA,NA,NA,NA,NA,NA,NA,NA
NA,150780732,1,1,1,44.9101,2.4255,Aurillac,Cantal,Auvergne-Rhône-Alpes,1,1,Private,1,1,17631,346,346,1,1,NA,NA,NA,NA,NA,NA,NA,NA
NA,520000035,1,1,1,48.4382,5.1369,Joinville,Haute-Marne,Grand-Est,1,1,General public hospital (CH),1,1,378,211,211,1,1,NA,NA,NA,NA,NA,NA,NA,NA
NA,310784830,1,1,1,43.6543,1.3238,Cornebarrieu,Haute-Garonne,Occitanie,1,1,Private,1,1,919,245,245,1,1,NA,NA,NA,NA,NA,NA,NA,NA
NA,180003287,1,1,1,47.0938,2.3959,Bourges,Cher,Centre-Val de Loire,1,1,General public hospital (CH),1,1,477,210,210,1,1,NA,NA,NA,NA,NA,NA,NA,NA
NA,750055287,1,1,1,48.8302,2.3112,Paris 14e Arrondissement,Paris,Île-de-France,1,1,Non-profit facility (PSPH/EBNL),1,1,5101,328,328,1,1,NA,NA,NA,NA,NA,NA,NA,NA
NA,600101679,1,1,1,49.4116,2.1137,Beauvais,Oise,Hauts-de-France,1,1,Non-profit facility (PSPH/EBNL),1,1,1052,232,232,1,1,NA,NA,NA,NA,NA,NA,NA,NA
NA,510000177,1,1,1,48.7227,3.7264,Sézanne,Marne,Grand-Est,1,1,General public hospital (CH),1,1,673,277,277,1,1,NA,NA,NA,NA,NA,NA,NA,NA
NA,600000046,1,1,1,49.2956,2.6072,Pont-Sainte-Maxence,Oise,Hauts-de-France,1,1,General public hospital (CH),1,1,390,212,212,1,1,NA,NA,NA,NA,NA,NA,NA,NA
NA,670783133,1,1,1,48.6018,7.7913,Strasbourg,Bas-Rhin,Grand-Est,1,1,Regional/University hospital (CHR/U),1,1,2350,256,256,1,1,NA,NA,NA,NA,NA,NA,NA,NA
NA,510002470,1,1,1,49.2308,4.0168,Reims,Marne,Grand-Est,1,1,Regional/University hospital (CHR/U),1,1,13907,366,366,1,1,NA,NA,NA,NA,NA,NA,NA,NA
NA,400780250,1,1,1,43.8344,-0.4695,Bretagne-de-Marsan,Landes,Nouvelle-Aquitaine,1,1,General public hospital (CH),1,1,1571,260,260,1,1,NA,NA,NA,NA,NA,NA,NA,NA
NA,470000522,1,1,1,44.1359,0.3366,Nérac,Lot-et-Garonne,Nouvelle-Aquitaine,1,1,General public hospital (CH),1,1,791,275,275,1,1,NA,NA,NA,NA,NA,NA,NA,NA
NA,590060901,1,1,1,50.6022,3.0327,Loos,Nord,Hauts-de-France,1,1,Regional/University hospital (CHR/U),1,1,5082,313,313,1,1,NA,NA,NA,NA,NA,NA,NA,NA
NA,210987632,1,1,1,47.3217,5.0111,Dijon,Côte-d’Or,Bourgogne-Franche-Comté,1,1,General public hospital (CH),1,1,626,193,193,1,1,NA,NA,NA,NA,NA,NA,NA,NA
NA,250000627,1,1,1,47.0602,6.6034,Morteau,Doubs,Bourgogne-Franche-Comté,1,1,General public hospital (CH),1,1,986,248,248,1,1,NA,NA,NA,NA,NA,NA,NA,NA
NA,640780938,1,1,1,43.3039,-0.3648,Pau,Pyrénées-Atlantiques,Nouvelle-Aquitaine,1,1,Private,1,1,15204,287,287,1,1,NA,NA,NA,NA,NA,NA,NA,NA
NA,590791729,1,1,1,50.7432,3.182,Tourcoing,Nord,Hauts-de-France,1,1,General public hospital (CH),1,1,637,230,230,1,1,NA,NA,NA,NA,NA,NA,NA,NA
NA,910300045,1,1,1,48.7021,2.5107,Brunoy,Essonne,Île-de-France,1,1,Private,1,1,680,233,233,1,1,NA,NA,NA,NA,NA,NA,NA,NA
NA,690780481,1,1,1,45.7385,4.7869,Sainte-Foy-lès-Lyon,Rhône,Auvergne-Rhône-Alpes,1,1,Private,1,1,1402,254,254,1,1,NA,NA,NA,NA,NA,NA,NA,NA
NA,590052056,1,1,1,50.168,3.2404,Cambrai,Nord,Hauts-de-France,1,1,Non-profit facility (PSPH/EBNL),1,1,17495,365,365,1,1,NA,NA,NA,NA,NA,NA,NA,NA
NA,740014691,1,1,1,45.9344,6.6401,Sallanches,Haute-Savoie,Auvergne-Rhône-Alpes,1,1,Non-profit facility (PSPH/EBNL),1,1,3953,265,265,1,1,NA,NA,NA,NA,NA,NA,NA,NA
NA,930022603,1,1,1,48.8982,2.5743,Montfermeil,Seine-Saint-Denis,Île-de-France,1,1,Private,1,1,1502,255,255,1,1,NA,NA,NA,NA,NA,NA,NA,NA
NA,440000644,1,1,1,46.9582,-1.5668,Corcoué-sur-Logne,Loire-Atlantique,Pays de la Loire,1,1,General public hospital (CH),1,1,420,193,193,1,1,NA,NA,NA,NA,NA,NA,NA,NA
NA,330781121,1,1,1,44.7772,-0.4451,Cénac,Gironde,Nouvelle-Aquitaine,1,1,Non-profit facility (PSPH/EBNL),1,1,501,161,161,1,1,NA,NA,NA,NA,NA,NA,NA,NA
NA,830100624,1,1,1,43.1329,5.9852,La Valette-du-Var,Var,Provence-Alpes-Côte d’Azur,1,1,Private,1,1,2237,254,254,1,1,NA,NA,NA,NA,NA,NA,NA,NA
NA,690023239,1,1,1,45.7719,4.859,Lyon,Rhône,Auvergne-Rhône-Alpes,1,1,Private,1,1,19565,301,301,1,1,NA,NA,NA,NA,NA,NA,NA,NA
NA,720000124,1,1,1,47.6908,0.4202,Montval-sur-Loir,Sarthe,Pays de la Loire,1,1,General public hospital (CH),1,1,1300,342,342,1,1,NA,NA,NA,NA,NA,NA,NA,NA
NA,830100806,1,1,1,43.5381,6.4632,Draguignan,Var,Provence-Alpes-Côte d’Azur,1,1,Private,1,1,1369,254,254,1,1,NA,NA,NA,NA,NA,NA,NA,NA
NA,430000166,1,1,1,45.0519,3.8876,Aiguilhe,Haute-Loire,Auvergne-Rhône-Alpes,1,1,Private,1,1,975,240,240,1,1,NA,NA,NA,NA,NA,NA,NA,NA
NA,810003954,1,1,1,44.0147,2.3865,Valence-d'Albigeois,Tarn,Occitanie,1,1,Non-profit facility (PSPH/EBNL),1,1,546,234,234,1,1,NA,NA,NA,NA,NA,NA,NA,NA
NA,570000661,1,1,1,49.0469,7.4223,Bitche,Moselle,Grand-Est,1,1,General public hospital (CH),1,1,894,323,323,1,1,NA,NA,NA,NA,NA,NA,NA,NA
NA,910000330,1,1,1,48.4397,2.1569,Étampes,Essonne,Île-de-France,1,1,General public hospital (CH),1,1,1565,251,251,1,1,NA,NA,NA,NA,NA,NA,NA,NA
NA,020000097,1,1,1,49.6634,3.3603,La Fère,Aisne,Hauts-de-France,1,1,General public hospital (CH),1,1,935,295,295,1,1,NA,NA,NA,NA,NA,NA,NA,NA
NA,810000547,1,1,1,43.4951,2.3699,Mazamet,Tarn,Occitanie,1,1,General public hospital (CH),1,1,607,233,233,1,1,NA,NA,NA,NA,NA,NA,NA,NA
NA,670000041,1,1,1,48.7288,7.7202,Brumath,Bas-Rhin,Grand-Est,1,1,General public hospital (CH),1,1,287,197,197,1,1,NA,NA,NA,NA,NA,NA,NA,NA
NA,750300071,1,1,1,48.8435,2.355,Paris 5e Arrondissement,Paris,Île-de-France,1,1,Private,1,1,24273,311,311,1,1,NA,NA,NA,NA,NA,NA,NA,NA
NA,350006771,1,1,1,48.1382,-1.6593,Rennes,Ille-et-Vilaine,Bretagne,1,1,Regional/University hospital (CHR/U),1,1,963,290,290,1,1,NA,NA,NA,NA,NA,NA,NA,NA
NA,250000544,1,1,1,47.2416,6.0398,Besançon,Doubs,Bourgogne-Franche-Comté,1,1,Non-profit facility (PSPH/EBNL),1,1,758,175,175,1,1,NA,NA,NA,NA,NA,NA,NA,NA
NA,780825816,1,1,1,48.826,1.6334,Richebourg,Yvelines,Île-de-France,1,1,Non-profit facility (PSPH/EBNL),1,1,678,228,228,1,1,NA,NA,NA,NA,NA,NA,NA,NA
NA,130784598,1,1,1,43.3013,5.5041,Marseille,Bouches-du-Rhône,Provence-Alpes-Côte d’Azur,1,1,Private,1,1,1138,254,254,1,1,NA,NA,NA,NA,NA,NA,NA,NA
NA,100000124,1,1,1,48.285,4.0573,Saint-André-les-Vergers,Aube,Grand-Est,1,1,Private,1,1,18802,332,332,1,1,NA,NA,NA,NA,NA,NA,NA,NA
NA,830013819,1,1,1,43.1324,5.9324,Toulon,Var,Provence-Alpes-Côte d’Azur,1,1,Private,1,1,997,173,173,1,1,NA,NA,NA,NA,NA,NA,NA,NA
NA,290000553,1,1,1,48.5208,-3.7127,Plougonven,Finistère,Bretagne,1,1,General public hospital (CH),1,1,1259,267,267,1,1,NA,NA,NA,NA,NA,NA,NA,NA
NA,630780179,1,1,1,45.8189,3.026,Chanat-la-Mouteyre,Puy-de-Dôme,Auvergne-Rhône-Alpes,1,1,Non-profit facility (PSPH/EBNL),1,1,714,216,216,1,1,NA,NA,NA,NA,NA,NA,NA,NA
NA,340000025,1,1,1,43.5246,3.9236,Palavas-les-Flots,Hérault,Occitanie,1,1,Non-profit facility (PSPH/EBNL),1,1,7494,257,257,1,1,NA,NA,NA,NA,NA,NA,NA,NA
NA,650006638,1,1,1,43.102,-0.0524,Lourdes,Hautes-Pyrénées,Occitanie,1,1,General public hospital (CH),1,1,509,233,233,1,1,NA,NA,NA,NA,NA,NA,NA,NA
NA,910150077,1,1,1,48.6773,2.5581,Varennes-Jarcy,Essonne,Île-de-France,1,1,Non-profit facility (PSPH/EBNL),1,1,444,181,181,1,1,NA,NA,NA,NA,NA,NA,NA,NA
NA,490016235,1,1,1,47.2455,-0.0605,Saumur,Maine-et-Loire,Pays de la Loire,1,1,Private,1,1,526,106,106,1,1,NA,NA,NA,NA,NA,NA,NA,NA
NA,590788865,1,1,1,50.6804,3.211,Roubaix,Nord,Hauts-de-France,1,1,General public hospital (CH),1,1,325,178,178,1,1,NA,NA,NA,NA,NA,NA,NA,NA
NA,860780436,1,1,1,46.7789,0.7751,La Roche-Posay,Vienne,Nouvelle-Aquitaine,1,1,Non-profit facility (PSPH/EBNL),1,1,598,221,221,1,1,NA,NA,NA,NA,NA,NA,NA,NA
NA,040780405,1,1,1,44.059,6.1483,Aiglun,Alpes-de-Haute-Provence,Provence-Alpes-Côte d’Azur,1,1,Private,1,1,724,238,238,1,1,NA,NA,NA,NA,NA,NA,NA,NA
NA,290004142,1,1,1,48.4203,-4.4921,Brest,Finistère,Bretagne,1,1,Private,1,1,10034,324,324,1,1,NA,NA,NA,NA,NA,NA,NA,NA
NA,130786924,1,1,1,43.2591,5.4129,Marseille,Bouches-du-Rhône,Provence-Alpes-Côte d’Azur,1,1,Non-profit facility (PSPH/EBNL),1,1,1204,248,248,1,1,NA,NA,NA,NA,NA,NA,NA,NA
NA,440000255,1,1,1,47.2196,-1.6241,Saint-Herblain,Loire-Atlantique,Pays de la Loire,1,1,Non-profit facility (PSPH/EBNL),1,1,1835,254,254,1,1,NA,NA,NA,NA,NA,NA,NA,NA
NA,470000308,1,1,1,44.5034,0.2503,Virazeil,Lot-et-Garonne,Nouvelle-Aquitaine,1,1,Non-profit facility (PSPH/EBNL),1,1,626,200,200,1,1,NA,NA,NA,NA,NA,NA,NA,NA
NA,590791323,1,1,1,50.6869,2.8802,Armentières,Nord,Hauts-de-France,1,1,General public hospital (CH),1,1,331,172,172,1,1,NA,NA,NA,NA,NA,NA,NA,NA
NA,100000116,1,1,1,48.2313,4.715,Bar-sur-Aube,Aube,Grand-Est,1,1,General public hospital (CH),1,1,839,272,272,1,1,NA,NA,NA,NA,NA,NA,NA,NA
NA,760000380,1,1,1,49.5274,0.3607,Saint-Romain-de-Colbosc,Seine-Maritime,Normandie,1,1,General public hospital (CH),1,1,171,129,129,1,1,NA,NA,NA,NA,NA,NA,NA,NA
NA,330780354,1,1,1,44.8593,-0.6249,Bordeaux,Gironde,Nouvelle-Aquitaine,1,1,Private,1,1,5871,320,320,1,1,NA,NA,NA,NA,NA,NA,NA,NA
NA,920150018,1,1,1,48.9019,2.3108,Clichy,Seine-Saint-Denis,Île-de-France,1,1,Non-profit facility (PSPH/EBNL),1,1,1596,259,259,1,1,NA,NA,NA,NA,NA,NA,NA,NA
NA,590000543,1,1,1,50.1372,4.0826,Felleries,Nord,Hauts-de-France,1,1,General public hospital (CH),1,1,2496,253,253,1,1,NA,NA,NA,NA,NA,NA,NA,NA
NA,640780607,1,1,1,43.3616,-1.4025,Cambo-les-Bains,Pyrénées-Atlantiques,Nouvelle-Aquitaine,1,1,Private,1,1,887,246,246,1,1,NA,NA,NA,NA,NA,NA,NA,NA
NA,350000196,1,1,1,48.6258,-1.9835,Saint-Malo,Ille-et-Vilaine,Bretagne,1,1,Private,1,1,19172,333,333,1,1,NA,NA,NA,NA,NA,NA,NA,NA
NA,500012687,1,1,1,49.1802,-1.3323,Saint-Martin-d'Aubigny,Manche,Normandie,1,1,Private,1,1,1296,297,297,1,1,NA,NA,NA,NA,NA,NA,NA,NA
NA,940300551,1,1,1,48.7939,2.3811,Vitry-sur-Seine,Val-de-Marne,Île-de-France,1,1,Private,1,1,2163,256,256,1,1,NA,NA,NA,NA,NA,NA,NA,NA
NA,640780672,1,1,1,43.3494,-1.3993,Cambo-les-Bains,Pyrénées-Atlantiques,Nouvelle-Aquitaine,1,1,Private,1,1,2577,254,254,1,1,NA,NA,NA,NA,NA,NA,NA,NA
NA,130809981,1,1,1,43.2539,5.4193,Marseille,Bouches-du-Rhône,Provence-Alpes-Côte d’Azur,1,1,Private,1,1,1004,244,244,1,1,NA,NA,NA,NA,NA,NA,NA,NA
NA,040000119,1,1,1,43.819,6.0896,Riez,Alpes-de-Haute-Provence,Provence-Alpes-Côte d’Azur,1,1,General public hospital (CH),1,1,409,208,208,1,1,NA,NA,NA,NA,NA,NA,NA,NA
NA,610000077,1,1,1,48.5226,0.5505,Mortagne-au-Perche,Orne,Normandie,1,1,General public hospital (CH),1,1,2769,362,362,1,1,NA,NA,NA,NA,NA,NA,NA,NA
NA,840017172,1,1,1,44.0556,5.0488,Carpentras,Vaucluse,Provence-Alpes-Côte d’Azur,1,1,Private,1,1,10768,363,363,1,1,NA,NA,NA,NA,NA,NA,NA,NA
NA,440043123,1,1,1,47.1854,-1.5239,Nantes,Loire-Atlantique,Pays de la Loire,1,1,Non-profit facility (PSPH/EBNL),1,1,2034,281,281,1,1,NA,NA,NA,NA,NA,NA,NA,NA
NA,060780459,1,1,1,43.6525,6.9171,Grasse,Alpes-Maritimes,Provence-Alpes-Côte d’Azur,1,1,Non-profit facility (PSPH/EBNL),1,1,997,249,249,1,1,NA,NA,NA,NA,NA,NA,NA,NA
NA,340780741,1,1,1,43.4085,3.7041,Sète,Hérault,Occitanie,1,1,Private,1,1,12444,359,359,1,1,NA,NA,NA,NA,NA,NA,NA,NA
NA,890975568,1,1,1,47.8538,3.9816,Tonnerre,Yonne,Bourgogne-Franche-Comté,1,1,General public hospital (CH),1,1,2501,364,364,1,1,NA,NA,NA,NA,NA,NA,NA,NA
NA,950420042,1,1,1,49.0758,2.074,Osny,Val-d’Oise,Île-de-France,1,1,Private,1,1,774,239,239,1,1,NA,NA,NA,NA,NA,NA,NA,NA
NA,130809015,1,1,1,43.3113,5.4098,Marseille,Bouches-du-Rhône,Provence-Alpes-Côte d’Azur,1,1,General public hospital (CH),1,1,2466,259,259,1,1,NA,NA,NA,NA,NA,NA,NA,NA
NA,750150146,1,1,1,48.8302,2.3112,Paris 14e Arrondissement,Paris,Île-de-France,1,1,Non-profit facility (PSPH/EBNL),1,1,3340,359,359,1,1,NA,NA,NA,NA,NA,NA,NA,NA
NA,220000467,1,1,1,48.5239,-2.2322,Plancoët,Côtes-d’Armor,Bretagne,1,1,Private,1,1,1348,242,242,1,1,NA,NA,NA,NA,NA,NA,NA,NA
NA,680020427,1,1,1,48.0865,7.338,Colmar,Haut-Rhin,Grand-Est,1,1,General public hospital (CH),1,1,248,195,195,1,1,NA,NA,NA,NA,NA,NA,NA,NA
NA,750300840,1,1,1,48.8603,2.2778,Paris 16e Arrondissement,Hauts-de-Seine,Île-de-France,1,1,Private,1,1,11938,354,354,1,1,NA,NA,NA,NA,NA,NA,NA,NA
NA,450002456,1,1,1,47.8873,1.8378,La Chapelle-Saint-Mesmin,Loiret,Centre-Val de Loire,1,1,Non-profit facility (PSPH/EBNL),1,1,1178,248,248,1,1,NA,NA,NA,NA,NA,NA,NA,NA
NA,780023164,1,1,1,49.0014,1.6717,Mantes-la-Jolie,Yvelines,Île-de-France,1,1,Private,1,1,1908,253,253,1,1,NA,NA,NA,NA,NA,NA,NA,NA
NA,060780723,1,1,1,43.7029,7.2519,Nice,Alpes-Maritimes,Provence-Alpes-Côte d’Azur,1,1,Private,1,1,22037,366,366,1,1,NA,NA,NA,NA,NA,NA,NA,NA
NA,650780679,1,1,1,43.2245,0.0778,Tarbes,Hautes-Pyrénées,Occitanie,1,1,Private,1,1,18146,366,366,1,1,NA,NA,NA,NA,NA,NA,NA,NA
NA,710781824,1,1,1,46.7981,4.7808,Dracy-le-Fort,Saône-et-Loire,Bourgogne-Franche-Comté,1,1,Private,1,1,6507,310,310,1,1,NA,NA,NA,NA,NA,NA,NA,NA
NA,130781867,1,1,1,43.1795,5.6077,La Ciotat,13,Provence-Alpes-Côte d'Azur,1,1,Private,1,1,10946,262,262,1,1,NA,NA,NA,NA,NA,NA,NA,NA
NA,590812186,1,1,1,50.6831,3.1974,Roubaix,Nord,Hauts-de-France,1,1,General public hospital (CH),1,1,2608,255,255,1,1,NA,NA,NA,NA,NA,NA,NA,NA
NA,780300075,1,1,1,49.0104,1.9365,Évecquemont,Yvelines,Île-de-France,1,1,Private,1,1,5968,361,361,1,1,NA,NA,NA,NA,NA,NA,NA,NA
NA,060790177,1,1,1,44.0897,7.595,Tende,Alpes-Maritimes,Provence-Alpes-Côte d’Azur,1,1,Regional/University hospital (CHR/U),1,1,174,115,115,1,1,NA,NA,NA,NA,NA,NA,NA,NA
NA,590008041,1,1,1,50.3602,3.5122,Valenciennes,Nord,Hauts-de-France,1,1,Private,1,1,38850,366,366,1,1,NA,NA,NA,NA,NA,NA,NA,NA
NA,690780655,1,1,1,45.7172,4.926,Saint-Priest,Rhône,Auvergne-Rhône-Alpes,1,1,Private,1,1,16273,365,365,1,1,NA,NA,NA,NA,NA,NA,NA,NA
NA,060780350,1,1,1,43.807,7.3484,Contes,Alpes-Maritimes,Provence-Alpes-Côte d’Azur,1,1,Private,1,1,395,199,199,1,1,NA,NA,NA,NA,NA,NA,NA,NA
NA,430000216,1,1,1,45.1858,3.5159,Couteuges,Haute-Loire,Auvergne-Rhône-Alpes,1,1,Non-profit facility (PSPH/EBNL),1,1,409,224,224,1,1,NA,NA,NA,NA,NA,NA,NA,NA
NA,2B0000400,1,1,1,42.6319,9.358,Oletta,Haute-Corse,Corse,1,1,Private,1,1,292,175,175,1,1,NA,NA,NA,NA,NA,NA,NA,NA
NA,650780398,1,1,1,43.0616,0.1447,Bagnères-de-Bigorre,Hautes-Pyrénées,Occitanie,1,1,Non-profit facility (PSPH/EBNL),1,1,1074,251,251,1,1,NA,NA,NA,NA,NA,NA,NA,NA
NA,380005918,1,1,1,45.1526,5.7284,Échirolles,Isère,Auvergne-Rhône-Alpes,1,1,Private,1,1,1002,245,245,1,1,NA,NA,NA,NA,NA,NA,NA,NA
NA,500000419,1,1,1,49.5705,-1.8418,Siouville-Hague,50,Normandie,1,1,Private,1,1,1425,252,252,1,1,NA,NA,NA,NA,NA,NA,NA,NA
NA,680000882,1,1,1,48.0661,7.3467,Colmar,Haut-Rhin,Grand-Est,1,1,Non-profit facility (PSPH/EBNL),1,1,1328,306,306,1,1,NA,NA,NA,NA,NA,NA,NA,NA
NA,820003218,1,1,1,43.9663,1.4256,Saint-Nauphary,Tarn-et-Garonne,Occitanie,1,1,Private,1,1,1319,249,249,1,1,NA,NA,NA,NA,NA,NA,NA,NA
NA,420000242,1,1,1,45.3908,4.3222,Le Chambon-Feugerolles,Loire,Auvergne-Rhône-Alpes,1,1,General public hospital (CH),1,1,585,225,225,1,1,NA,NA,NA,NA,NA,NA,NA,NA
NA,800016727,1,1,1,49.885,2.3023,Amiens,Somme,Hauts-de-France,1,1,Private,1,1,359,189,189,1,1,NA,NA,NA,NA,NA,NA,NA,NA
NA,670780600,1,1,1,48.9512,7.7671,Gœrsdorf,Bas-Rhin,Grand-Est,1,1,Non-profit facility (PSPH/EBNL),1,1,406,223,223,1,1,NA,NA,NA,NA,NA,NA,NA,NA
NA,260000203,1,1,1,45.1756,4.8204,Saint-Vallier,Ardèche,Auvergne-Rhône-Alpes,1,1,General public hospital (CH),1,1,1045,286,286,1,1,NA,NA,NA,NA,NA,NA,NA,NA
NA,640020715,1,1,1,43.1709,-1.2332,Ispoure,Pyrénées-Atlantiques,Nouvelle-Aquitaine,1,1,General public hospital (CH),1,1,648,268,268,1,1,NA,NA,NA,NA,NA,NA,NA,NA
NA,040000127,1,1,1,44.3505,6.3786,Seyne,Alpes-de-Haute-Provence,Provence-Alpes-Côte d’Azur,1,1,General public hospital (CH),1,1,82,64,64,1,1,NA,NA,NA,NA,NA,NA,NA,NA
NA,760780676,1,1,1,49.4,1.0747,Saint-Étienne-du-Rouvray,Seine-Maritime,Normandie,1,1,Non-profit facility (PSPH/EBNL),1,1,235,153,153,1,1,NA,NA,NA,NA,NA,NA,NA,NA
NA,760000182,1,1,1,49.4585,1.0812,Mont-Saint-Aignan,Seine-Maritime,Normandie,1,1,General public hospital (CH),1,1,8332,366,366,1,1,NA,NA,NA,NA,NA,NA,NA,NA
NA,210987681,1,1,1,47.2819,4.2293,Saulieu,Côte-d’Or,Bourgogne-Franche-Comté,1,1,General public hospital (CH),1,1,1045,309,309,1,1,NA,NA,NA,NA,NA,NA,NA,NA
NA,580971349,1,1,1,47.3443,3.6716,Saizy,Nièvre,Bourgogne-Franche-Comté,1,1,Private,1,1,577,237,237,1,1,NA,NA,NA,NA,NA,NA,NA,NA
NA,670000215,1,1,1,48.8718,7.4836,Ingwiller,Bas-Rhin,Grand-Est,1,1,Non-profit facility (PSPH/EBNL),1,1,2031,317,317,1,1,NA,NA,NA,NA,NA,NA,NA,NA
NA,130008238,1,1,1,43.2599,5.4078,Marseille,Bouches-du-Rhône,Provence-Alpes-Côte d’Azur,1,1,Private,1,1,1066,247,247,1,1,NA,NA,NA,NA,NA,NA,NA,NA
NA,690054713,1,1,1,45.6887,4.8655,Vénissieux,Rhône,Auvergne-Rhône-Alpes,1,1,Private,1,1,7930,347,347,1,1,NA,NA,NA,NA,NA,NA,NA,NA
NA,340015999,1,1,1,43.3426,3.2545,Béziers,Hérault,Occitanie,1,1,Private,1,1,4400,303,303,1,1,NA,NA,NA,NA,NA,NA,NA,NA
NA,360000129,1,1,1,46.8154,1.6968,Châteauroux,Indre,Centre-Val de Loire,1,1,Private,1,1,10722,309,309,1,1,NA,NA,NA,NA,NA,NA,NA,NA
NA,110000262,1,1,1,43.0068,3.0441,Port-la-Nouvelle,Aude,Occitanie,1,1,General public hospital (CH),1,1,562,220,220,1,1,NA,NA,NA,NA,NA,NA,NA,NA
NA,460785900,1,1,1,44.4867,1.3518,Caillac,Lot,Occitanie,1,1,Private,1,1,433,133,133,1,1,NA,NA,NA,NA,NA,NA,NA,NA
NA,490529005,1,1,1,47.4809,-0.5544,Angers,Maine-et-Loire,Pays de la Loire,1,1,Regional/University hospital (CHR/U),1,1,841,231,231,1,1,NA,NA,NA,NA,NA,NA,NA,NA
NA,570012369,1,1,1,49.0542,5.9958,Gorze,Moselle,Grand-Est,1,1,General public hospital (CH),1,1,243,143,143,1,1,NA,NA,NA,NA,NA,NA,NA,NA
NA,590817441,1,1,1,50.7426,2.7448,Bailleul,Nord,Hauts-de-France,1,1,Non-profit facility (PSPH/EBNL),1,1,849,241,241,1,1,NA,NA,NA,NA,NA,NA,NA,NA
NA,340000439,1,1,1,43.6239,3.9083,Castelnau-le-Lez,Hérault,Occitanie,1,1,Non-profit facility (PSPH/EBNL),1,1,958,249,249,1,1,NA,NA,NA,NA,NA,NA,NA,NA
NA,630000487,1,1,1,45.7773,3.072,Chamalières,Puy-de-Dôme,Auvergne-Rhône-Alpes,1,1,Non-profit facility (PSPH/EBNL),1,1,1061,248,248,1,1,NA,NA,NA,NA,NA,NA,NA,NA
NA,660780347,1,1,1,42.4196,1.9818,Osséja,Pyrénées-Orientales,Occitanie,1,1,Private,1,1,1554,256,256,1,1,NA,NA,NA,NA,NA,NA,NA,NA
NA,290023779,1,1,1,48.2744,-3.5782,Carhaix-Plouguer,Finistère,Bretagne,1,1,Private,1,1,7069,314,314,1,1,NA,NA,NA,NA,NA,NA,NA,NA
NA,100010545,1,1,1,48.2772,4.0372,Saint-André-les-Vergers,Aube,Grand-Est,1,1,Private,1,1,1328,253,253,1,1,NA,NA,NA,NA,NA,NA,NA,NA
NA,330780560,1,1,1,44.706,-1.2239,NA,33,Nouvelle-Aquitaine,1,1,Non-profit facility (PSPH/EBNL),1,1,886,251,251,1,1,NA,NA,NA,NA,NA,NA,NA,NA
NA,070000112,1,1,1,44.4139,4.1406,Chambonas,Ardèche,Auvergne-Rhône-Alpes,1,1,General public hospital (CH),1,1,336,196,196,1,1,NA,NA,NA,NA,NA,NA,NA,NA
NA,760000620,1,1,1,49.4453,1.1485,Darnétal,Seine-Maritime,Normandie,1,1,General public hospital (CH),1,1,467,231,231,1,1,NA,NA,NA,NA,NA,NA,NA,NA
NA,560003006,0,0,0,NA,NA,NA,NA,NA,1,1,Non-profit facility (PSPH/EBNL),1,1,101,63,63,1,0,NA,NA,NA,NA,NA,NA,NA,NA
NA,010000115,1,1,1,46.2605,4.8828,Pont-de-Veyle,Ain,Auvergne-Rhône-Alpes,1,1,General public hospital (CH),1,1,310,197,197,1,1,NA,NA,NA,NA,NA,NA,NA,NA
NA,670013895,1,1,1,48.7473,7.3513,Saverne,Bas-Rhin,Grand-Est,1,1,Private,1,1,9223,313,313,1,1,NA,NA,NA,NA,NA,NA,NA,NA
NA,050007533,1,1,1,44.5564,6.0733,Gap,Hautes-Alpes,Provence-Alpes-Côte d’Azur,1,1,Cancer centre (CLCC),1,1,9648,248,248,1,1,NA,NA,NA,NA,NA,NA,NA,NA
NA,910300060,1,1,1,48.7032,2.5187,Brunoy,Essonne,Île-de-France,1,1,Private,1,1,1042,307,307,1,1,NA,NA,NA,NA,NA,NA,NA,NA
NA,830017372,1,1,1,43.1197,6.13,Hyères,Var,Provence-Alpes-Côte d’Azur,1,1,Non-profit facility (PSPH/EBNL),1,1,483,229,229,1,1,NA,NA,NA,NA,NA,NA,NA,NA
NA,670002278,1,1,1,48.6223,7.7716,Schiltigheim,Bas-Rhin,Grand-Est,1,1,Private,1,1,872,230,230,1,1,NA,NA,NA,NA,NA,NA,NA,NA
NA,730780681,1,1,1,45.5811,5.9526,Saint-Alban-Leysse,Savoie,Auvergne-Rhône-Alpes,1,1,Non-profit facility (PSPH/EBNL),1,1,1195,251,251,1,1,NA,NA,NA,NA,NA,NA,NA,NA
NA,800012528,1,1,1,49.9156,2.5159,Corbie,Somme,Hauts-de-France,1,1,Private,1,1,1608,245,245,1,1,NA,NA,NA,NA,NA,NA,NA,NA
NA,640789426,1,1,1,43.2532,-0.3919,Gan,Pyrénées-Atlantiques,Nouvelle-Aquitaine,1,1,Private,1,1,796,246,246,1,1,NA,NA,NA,NA,NA,NA,NA,NA
NA,060792900,1,1,1,43.6085,7.0114,Mougins,Alpes-Maritimes,Provence-Alpes-Côte d’Azur,1,1,Private,1,1,3463,157,157,1,1,NA,NA,NA,NA,NA,NA,NA,NA
NA,590040267,1,1,1,50.7425,2.7438,Bailleul,Nord,Hauts-de-France,1,1,General public hospital (CH),1,1,153,123,123,1,1,NA,NA,NA,NA,NA,NA,NA,NA
NA,830100814,1,1,1,43.4273,6.7557,Fréjus,Var,Provence-Alpes-Côte d’Azur,1,1,Private,1,1,1111,249,249,1,1,NA,NA,NA,NA,NA,NA,NA,NA
NA,800016735,1,1,1,49.885,2.3023,Amiens,Somme,Hauts-de-France,1,1,Regional/University hospital (CHR/U),1,1,326,182,182,1,1,NA,NA,NA,NA,NA,NA,NA,NA
NA,370001158,1,1,1,47.1064,0.6132,Sainte-Maure-de-Touraine,Indre-et-Loire,Centre-Val de Loire,1,1,General public hospital (CH),1,1,466,253,253,1,1,NA,NA,NA,NA,NA,NA,NA,NA
NA,060780343,1,1,1,43.6607,7.1364,Cagnes-sur-Mer,Alpes-Maritimes,Provence-Alpes-Côte d’Azur,1,1,Private,1,1,686,238,238,1,1,NA,NA,NA,NA,NA,NA,NA,NA
NA,710781535,1,1,1,46.6157,3.7664,Bourbon-Lancy,Saône-et-Loire,Bourgogne-Franche-Comté,1,1,Non-profit facility (PSPH/EBNL),1,1,1318,224,224,1,1,NA,NA,NA,NA,NA,NA,NA,NA
NA,690780499,1,1,1,45.7493,4.7963,Lyon,Rhône,Auvergne-Rhône-Alpes,1,1,Private,1,1,3865,294,294,1,1,NA,NA,NA,NA,NA,NA,NA,NA
NA,760029017,1,1,1,49.4643,1.1168,Bois-Guillaume,Seine-Maritime,Normandie,1,1,Private,1,1,832,240,240,1,1,NA,NA,NA,NA,NA,NA,NA,NA
NA,330780370,1,1,1,44.7761,-0.6067,Gradignan,Gironde,Nouvelle-Aquitaine,1,1,Non-profit facility (PSPH/EBNL),1,1,1280,241,241,1,1,NA,NA,NA,NA,NA,NA,NA,NA
NA,620102954,1,1,1,50.459,2.7153,Bully-les-Mines,Pas-de-Calais,Hauts-de-France,1,1,Non-profit facility (PSPH/EBNL),1,1,427,214,214,1,1,NA,NA,NA,NA,NA,NA,NA,NA
NA,750000481,1,1,1,48.8513,2.3722,Paris 12e Arrondissement,Paris,Île-de-France,1,1,General public hospital (CH),1,1,23076,366,366,1,1,NA,NA,NA,NA,NA,NA,NA,NA
NA,070780390,1,1,1,45.3196,4.7639,Serrières,Ardèche,Auvergne-Rhône-Alpes,1,1,General public hospital (CH),1,1,249,189,189,1,1,NA,NA,NA,NA,NA,NA,NA,NA
NA,810099838,1,1,1,43.6065,2.2323,Castres,Tarn,Occitanie,1,1,General public hospital (CH),1,1,354,214,214,1,1,NA,NA,NA,NA,NA,NA,NA,NA
NA,610000101,1,1,1,48.9238,0.2032,Vimoutiers,Orne,Normandie,1,1,General public hospital (CH),1,1,316,187,187,1,1,NA,NA,NA,NA,NA,NA,NA,NA
NA,740016696,1,1,1,45.8918,6.1069,Annecy,Haute-Savoie,Auvergne-Rhône-Alpes,1,1,Non-profit facility (PSPH/EBNL),1,1,1171,249,249,1,1,NA,NA,NA,NA,NA,NA,NA,NA
NA,400000261,1,1,1,43.5903,-1.4401,Labenne,Landes,Nouvelle-Aquitaine,1,1,Non-profit facility (PSPH/EBNL),1,1,551,202,202,1,1,NA,NA,NA,NA,NA,NA,NA,NA
NA,280505264,1,1,1,48.4546,1.5702,Nogent-le-Phaye,Eure-et-Loir,Centre-Val de Loire,1,1,Private,1,1,769,241,241,1,1,NA,NA,NA,NA,NA,NA,NA,NA
NA,680000296,1,1,1,47.5048,7.3447,Bouxwiller,Haut-Rhin,Grand-Est,1,1,Non-profit facility (PSPH/EBNL),1,1,312,201,201,1,1,NA,NA,NA,NA,NA,NA,NA,NA
NA,660005166,1,1,1,42.7156,2.8945,Perpignan,Pyrénées-Orientales,Occitanie,1,1,Private,1,1,657,242,242,1,1,NA,NA,NA,NA,NA,NA,NA,NA
NA,680000312,1,1,1,47.7338,7.3392,Mulhouse,Haut-Rhin,Grand-Est,1,1,Non-profit facility (PSPH/EBNL),1,1,289,176,176,1,1,NA,NA,NA,NA,NA,NA,NA,NA
NA,800006231,1,1,1,50.1078,1.8521,Abbeville,Somme,Hauts-de-France,1,1,General public hospital (CH),1,1,429,212,212,1,1,NA,NA,NA,NA,NA,NA,NA,NA
NA,630783538,1,1,1,45.8423,3.1154,Cébazat,Puy-de-Dôme,Auvergne-Rhône-Alpes,1,1,Regional/University hospital (CHR/U),1,1,7021,292,292,1,1,NA,NA,NA,NA,NA,NA,NA,NA
NA,450000120,1,1,1,47.7816,1.6218,Beaugency,Loiret,Centre-Val de Loire,1,1,General public hospital (CH),1,1,288,144,144,1,1,NA,NA,NA,NA,NA,NA,NA,NA
NA,430000182,1,1,1,44.9374,3.9956,Le Monastier-sur-Gazeille,Haute-Loire,Auvergne-Rhône-Alpes,1,1,Private,1,1,372,198,198,1,1,NA,NA,NA,NA,NA,NA,NA,NA
NA,280000266,1,1,1,48.309,1.2922,Blandainville,Eure-et-Loir,Centre-Val de Loire,1,1,Non-profit facility (PSPH/EBNL),1,1,1310,252,252,1,1,NA,NA,NA,NA,NA,NA,NA,NA
NA,170780621,1,1,1,45.6033,-0.994,Saint-Georges-de-Didonne,Charente-Maritime,Nouvelle-Aquitaine,1,1,Private,1,1,5270,323,323,1,1,NA,NA,NA,NA,NA,NA,NA,NA
NA,360000160,1,1,1,46.6329,1.0582,Le Blanc,Indre,Centre-Val de Loire,1,1,General public hospital (CH),1,1,3142,361,361,1,1,NA,NA,NA,NA,NA,NA,NA,NA
NA,920014099,1,1,1,48.909,2.2932,Asnières-sur-Seine,Hauts-de-Seine,Île-de-France,1,1,Private,1,1,1356,255,255,1,1,NA,NA,NA,NA,NA,NA,NA,NA
NA,130012768,1,1,1,43.2873,5.5611,Aubagne,Bouches-du-Rhône,Provence-Alpes-Côte d’Azur,1,1,General public hospital (CH),1,1,266,154,154,1,1,NA,NA,NA,NA,NA,NA,NA,NA
NA,820000198,1,1,1,44.0352,1.1124,Castelsarrasin,Tarn-et-Garonne,Occitanie,1,1,General public hospital (CH),1,1,308,211,211,1,1,NA,NA,NA,NA,NA,NA,NA,NA
NA,800002503,1,1,1,50.0988,1.8626,Abbeville,Somme,Hauts-de-France,1,1,Private,1,1,13355,337,337,1,1,NA,NA,NA,NA,NA,NA,NA,NA
NA,090000019,1,1,1,42.7198,1.8397,Ax-les-Thermes,Ariège,Occitanie,1,1,General public hospital (CH),1,1,487,193,193,1,1,NA,NA,NA,NA,NA,NA,NA,NA
NA,570000166,1,1,1,49.1846,6.913,Forbach,Moselle,Grand-Est,1,1,Non-profit facility (PSPH/EBNL),1,1,1262,245,245,1,1,NA,NA,NA,NA,NA,NA,NA,NA
NA,060798881,1,1,1,43.7341,7.2783,Nice,Alpes-Maritimes,Provence-Alpes-Côte d’Azur,1,1,Private,1,1,1532,252,252,1,1,NA,NA,NA,NA,NA,NA,NA,NA
NA,580972008,1,1,1,47.4046,2.9287,Cosne-Cours-sur-Loire,Nièvre,Bourgogne-Franche-Comté,1,1,Private,1,1,1081,246,246,1,1,NA,NA,NA,NA,NA,NA,NA,NA
NA,530008671,1,1,1,48.0581,-0.7869,Laval,Mayenne,Pays de la Loire,1,1,General public hospital (CH),1,1,3023,253,253,1,1,NA,NA,NA,NA,NA,NA,NA,NA
NA,370000986,1,1,1,47.4393,0.6456,La Membrolle-sur-Choisille,Indre-et-Loire,Centre-Val de Loire,1,1,General public hospital (CH),1,1,605,167,167,1,1,NA,NA,NA,NA,NA,NA,NA,NA
NA,590781951,1,1,1,50.6663,3.101,Marcq-en-Barœul,Nord,Hauts-de-France,1,1,Private,1,1,10262,309,309,1,1,NA,NA,NA,NA,NA,NA,NA,NA
NA,860780311,1,1,1,46.8193,0.5389,Châtellerault,Vienne,Nouvelle-Aquitaine,1,1,Private,1,1,5408,296,296,1,1,NA,NA,NA,NA,NA,NA,NA,NA
NA,430000299,1,1,1,45.3278,3.8413,Craponne-sur-Arzon,Haute-Loire,Auvergne-Rhône-Alpes,1,1,General public hospital (CH),1,1,623,283,283,1,1,NA,NA,NA,NA,NA,NA,NA,NA
NA,410005391,1,1,1,47.7535,0.875,Montoire-sur-le-Loir,Loir-et-Cher,Centre-Val de Loire,1,1,Non-profit facility (PSPH/EBNL),1,1,163,107,107,1,1,NA,NA,NA,NA,NA,NA,NA,NA
NA,130044753,1,1,1,43.2684,5.3952,Marseille,Bouches-du-Rhône,Provence-Alpes-Côte d’Azur,1,1,Private,1,1,16564,232,232,1,1,NA,NA,NA,NA,NA,NA,NA,NA
NA,670002187,1,1,1,48.5904,7.7114,Strasbourg,Bas-Rhin,Grand-Est,1,1,Private,1,1,29221,366,366,1,1,NA,NA,NA,NA,NA,NA,NA,NA
NA,830100392,1,1,1,43.5331,6.4524,Draguignan,Var,Provence-Alpes-Côte d’Azur,1,1,Private,1,1,13903,336,336,1,1,NA,NA,NA,NA,NA,NA,NA,NA
NA,310786702,1,1,1,43.6572,1.4249,Toulouse,Haute-Garonne,Occitanie,1,1,Private,1,1,752,237,237,1,1,NA,NA,NA,NA,NA,NA,NA,NA
NA,100006493,1,1,1,48.2786,4.0722,Troyes,Aube,Grand-Est,1,1,General public hospital (CH),1,1,663,250,250,1,1,NA,NA,NA,NA,NA,NA,NA,NA
NA,910150010,1,1,1,48.6295,2.3609,Fleury-Mérogis,Essonne,Île-de-France,1,1,Non-profit facility (PSPH/EBNL),1,1,13850,321,321,1,1,NA,NA,NA,NA,NA,NA,NA,NA
NA,710978107,1,1,1,46.9102,4.7506,Chagny,Saône-et-Loire,Bourgogne-Franche-Comté,1,1,General public hospital (CH),1,1,484,217,217,1,1,NA,NA,NA,NA,NA,NA,NA,NA
NA,130782162,1,1,1,43.4013,5.053,Martigues,Bouches-du-Rhône,Provence-Alpes-Côte d’Azur,1,1,Private,1,1,11175,265,265,1,1,NA,NA,NA,NA,NA,NA,NA,NA
NA,130782675,1,1,1,43.6382,5.0902,Salon-de-Provence,Bouches-du-Rhône,Provence-Alpes-Côte d’Azur,1,1,Private,1,1,9519,260,260,1,1,NA,NA,NA,NA,NA,NA,NA,NA
NA,940006679,1,1,1,48.8389,2.5379,Noisy-le-Grand,Seine-Saint-Denis,Île-de-France,1,1,Private,1,1,27987,366,366,1,1,NA,NA,NA,NA,NA,NA,NA,NA
NA,750300881,1,1,1,48.8604,2.2809,Paris 16e Arrondissement,Hauts-de-Seine,Île-de-France,1,1,Private,1,1,13401,302,302,1,1,NA,NA,NA,NA,NA,NA,NA,NA
NA,910805357,1,1,1,48.626,2.4241,Courcouronnes,Essonne,Île-de-France,1,1,Private,1,1,16505,357,357,1,1,NA,NA,NA,NA,NA,NA,NA,NA
NA,350040044,1,1,1,48.6385,-2.0084,Saint-Malo,Ille-et-Vilaine,Bretagne,1,1,Private,1,1,10858,315,315,1,1,NA,NA,NA,NA,NA,NA,NA,NA
NA,910150085,1,1,1,48.6639,2.4217,Draveil,Essonne,Île-de-France,1,1,Non-profit facility (PSPH/EBNL),1,1,822,248,248,1,1,NA,NA,NA,NA,NA,NA,NA,NA
NA,390780559,1,1,1,46.6716,5.557,Lons-le-Saunier,Jura,Bourgogne-Franche-Comté,1,1,Private,1,1,4191,220,220,1,1,NA,NA,NA,NA,NA,NA,NA,NA
NA,620105973,1,1,1,50.4574,2.816,Vendin-le-Vieil,Pas-de-Calais,Hauts-de-France,1,1,Non-profit facility (PSPH/EBNL),1,1,522,189,189,1,1,NA,NA,NA,NA,NA,NA,NA,NA
NA,720017839,1,1,1,47.9695,0.2278,Le Mans,Sarthe,Pays de la Loire,1,1,Private,1,1,2079,279,279,1,1,NA,NA,NA,NA,NA,NA,NA,NA
NA,940700032,1,1,1,48.7443,2.4696,Valenton,Val-de-Marne,Île-de-France,1,1,Non-profit facility (PSPH/EBNL),1,1,2646,257,257,1,1,NA,NA,NA,NA,NA,NA,NA,NA
NA,660780156,1,1,1,42.5142,2.8329,Le Boulou,Pyrénées-Orientales,Occitanie,1,1,Non-profit facility (PSPH/EBNL),1,1,1180,253,253,1,1,NA,NA,NA,NA,NA,NA,NA,NA
NA,450012968,1,1,1,48.0042,2.7329,Montargis,Loiret,Centre-Val de Loire,1,1,Private,1,1,6229,275,275,1,1,NA,NA,NA,NA,NA,NA,NA,NA
NA,750301160,1,1,1,48.8772,2.4042,Paris 19e Arrondissement,Seine-Saint-Denis,Île-de-France,1,1,Private,1,1,7982,327,327,1,1,NA,NA,NA,NA,NA,NA,NA,NA
NA,270000870,1,1,1,49.104,1.1347,Brosville,Eure,Normandie,1,1,Private,1,1,554,218,218,1,1,NA,NA,NA,NA,NA,NA,NA,NA
NA,130781438,1,1,1,43.2837,5.5946,Aubagne,Bouches-du-Rhône,Provence-Alpes-Côte d’Azur,1,1,Private,1,1,1677,254,254,1,1,NA,NA,NA,NA,NA,NA,NA,NA
NA,500000575,1,1,1,48.552,-1.5187,Pontorson,Ille-et-Vilaine,Bretagne,1,1,General public hospital (CH),1,1,166,118,118,1,1,NA,NA,NA,NA,NA,NA,NA,NA
NA,060000494,1,1,1,44.0383,7.5822,La Brigue,Alpes-Maritimes,Provence-Alpes-Côte d’Azur,1,1,General public hospital (CH),1,1,52,45,45,1,1,NA,NA,NA,NA,NA,NA,NA,NA
NA,210010443,1,1,1,47.3285,5.046,Dijon,Côte-d’Or,Bourgogne-Franche-Comté,1,1,Private,1,1,428,145,145,1,1,NA,NA,NA,NA,NA,NA,NA,NA
NA,720016823,1,1,1,48.0129,0.2003,Le Mans,Sarthe,Pays de la Loire,1,1,Non-profit facility (PSPH/EBNL),1,1,573,228,228,1,1,NA,NA,NA,NA,NA,NA,NA,NA
NA,590781571,1,1,1,50.1809,3.2334,Cambrai,Nord,Hauts-de-France,1,1,Private,1,1,3901,299,299,1,1,NA,NA,NA,NA,NA,NA,NA,NA
NA,840013445,1,1,1,43.9856,4.8897,Sorgues,Vaucluse,Provence-Alpes-Côte d’Azur,1,1,Private,1,1,22863,365,365,1,1,NA,NA,NA,NA,NA,NA,NA,NA
NA,760017079,1,1,1,49.5203,0.0872,Le Havre,Seine-Maritime,Normandie,1,1,Private,1,1,1285,243,243,1,1,NA,NA,NA,NA,NA,NA,NA,NA
NA,950300202,1,1,1,49.129,2.236,L'Isle-Adam,Val-d’Oise,Île-de-France,1,1,Private,1,1,21901,366,366,1,1,NA,NA,NA,NA,NA,NA,NA,NA
NA,660790163,1,1,1,42.7232,2.8474,Saint-Estève,Pyrénées-Orientales,Occitanie,1,1,Private,1,1,2411,254,254,1,1,NA,NA,NA,NA,NA,NA,NA,NA
NA,590791091,1,1,1,50.6461,3.064,Lille,Nord,Hauts-de-France,1,1,Regional/University hospital (CHR/U),1,1,1140,244,244,1,1,NA,NA,NA,NA,NA,NA,NA,NA
NA,630781755,1,1,1,45.7274,3.0953,Romagnat,Puy-de-Dôme,Auvergne-Rhône-Alpes,1,1,Non-profit facility (PSPH/EBNL),1,1,885,262,262,1,1,NA,NA,NA,NA,NA,NA,NA,NA
NA,510002454,1,1,1,49.2648,4.0476,Reims,Marne,Grand-Est,1,1,Regional/University hospital (CHR/U),1,1,2615,268,268,1,1,NA,NA,NA,NA,NA,NA,NA,NA
NA,850000357,1,1,1,46.6924,-1.9418,Saint-Gilles-Croix-de-Vie,Vendée,Pays de la Loire,1,1,Non-profit facility (PSPH/EBNL),1,1,1412,252,252,1,1,NA,NA,NA,NA,NA,NA,NA,NA
NA,550000202,1,1,1,48.8894,5.5406,Saint-Mihiel,Meuse,Grand-Est,1,1,General public hospital (CH),1,1,207,155,155,1,1,NA,NA,NA,NA,NA,NA,NA,NA
NA,940300080,1,1,1,48.7625,2.4051,Choisy-le-Roi,Val-de-Marne,Île-de-France,1,1,Private,1,1,657,222,222,1,1,NA,NA,NA,NA,NA,NA,NA,NA
NA,840000327,1,1,1,43.9365,4.8071,Avignon,Vaucluse,Provence-Alpes-Côte d’Azur,1,1,Private,1,1,2350,274,274,1,1,NA,NA,NA,NA,NA,NA,NA,NA
NA,170803431,1,1,1,46.1914,-1.1003,Puilboreau,Charente-Maritime,Nouvelle-Aquitaine,1,1,Private,1,1,1789,359,359,1,1,NA,NA,NA,NA,NA,NA,NA,NA
NA,130781768,1,1,1,43.6422,5.102,Salon-de-Provence,Bouches-du-Rhône,Provence-Alpes-Côte d’Azur,1,1,Private,1,1,900,241,241,1,1,NA,NA,NA,NA,NA,NA,NA,NA
NA,710978230,1,1,1,46.7264,4.8308,Sevrey,Saône-et-Loire,Bourgogne-Franche-Comté,1,1,General public hospital (CH),1,1,98,85,85,1,1,NA,NA,NA,NA,NA,NA,NA,NA
NA,070000195,1,1,1,45.0549,4.8546,Tournon-sur-Rhône,Drôme,Auvergne-Rhône-Alpes,1,1,General public hospital (CH),1,1,1807,341,341,1,1,NA,NA,NA,NA,NA,NA,NA,NA
NA,020010047,1,1,1,49.8597,3.3088,Saint-Quentin,Aisne,Hauts-de-France,1,1,Private,1,1,18779,364,364,1,1,NA,NA,NA,NA,NA,NA,NA,NA
NA,220000483,1,1,1,48.1799,-2.7527,Loudéac,Côtes-d’Armor,Bretagne,1,1,General public hospital (CH),1,1,311,167,167,1,1,NA,NA,NA,NA,NA,NA,NA,NA
NA,590790473,1,1,1,50.3911,3.1739,Lallaing,Nord,Hauts-de-France,1,1,Non-profit facility (PSPH/EBNL),1,1,317,163,163,1,1,NA,NA,NA,NA,NA,NA,NA,NA
NA,310792635,1,1,1,43.6485,1.5204,Saint-Jean,Haute-Garonne,Occitanie,1,1,Private,1,1,1089,247,247,1,1,NA,NA,NA,NA,NA,NA,NA,NA
NA,250000726,1,1,1,47.1074,6.1438,Ornans,Doubs,Bourgogne-Franche-Comté,1,1,General public hospital (CH),1,1,501,228,228,1,1,NA,NA,NA,NA,NA,NA,NA,NA
NA,840017214,1,1,1,44.0532,5.0398,Carpentras,Vaucluse,Provence-Alpes-Côte d’Azur,1,1,Private,1,1,1285,251,251,1,1,NA,NA,NA,NA,NA,NA,NA,NA
NA,830100327,1,1,1,43.4344,6.759,Fréjus,Var,Provence-Alpes-Côte d’Azur,1,1,Private,1,1,10875,265,265,1,1,NA,NA,NA,NA,NA,NA,NA,NA
NA,170780647,1,1,1,45.7498,-0.6436,Saintes,Charente-Maritime,Nouvelle-Aquitaine,1,1,Private,1,1,8690,283,283,1,1,NA,NA,NA,NA,NA,NA,NA,NA
NA,940300577,1,1,1,48.8522,2.5122,Neuilly-Plaisance,Seine-Saint-Denis,Île-de-France,1,1,Private,1,1,1125,250,250,1,1,NA,NA,NA,NA,NA,NA,NA,NA
NA,410000053,1,1,1,47.2615,1.347,Saint-Aignan,Loir-et-Cher,Centre-Val de Loire,1,1,General public hospital (CH),1,1,733,261,261,1,1,NA,NA,NA,NA,NA,NA,NA,NA
NA,060780590,1,1,1,43.6574,6.9296,Grasse,Alpes-Maritimes,Provence-Alpes-Côte d’Azur,1,1,Private,1,1,8714,300,300,1,1,NA,NA,NA,NA,NA,NA,NA,NA
NA,450000526,1,1,1,47.9985,2.7714,Amilly,Loiret,Centre-Val de Loire,1,1,Non-profit facility (PSPH/EBNL),1,1,911,233,233,1,1,NA,NA,NA,NA,NA,NA,NA,NA
NA,380000059,1,1,1,45.3526,5.4993,Rives,Isère,Auvergne-Rhône-Alpes,1,1,General public hospital (CH),1,1,625,267,267,1,1,NA,NA,NA,NA,NA,NA,NA,NA
NA,610000093,1,1,1,48.6022,0.1716,Sées,Orne,Normandie,1,1,General public hospital (CH),1,1,616,251,251,1,1,NA,NA,NA,NA,NA,NA,NA,NA
NA,290000272,1,1,1,48.2464,-4.4857,Crozon,29,Bretagne,1,1,General public hospital (CH),1,1,238,153,153,1,1,NA,NA,NA,NA,NA,NA,NA,NA
NA,930817333,1,1,1,48.9355,2.3795,Saint-Denis,Seine-Saint-Denis,Île-de-France,1,1,Private,1,1,6030,295,295,1,1,NA,NA,NA,NA,NA,NA,NA,NA
NA,860780568,1,1,1,46.5704,0.3399,Poitiers,Vienne,Nouvelle-Aquitaine,1,1,Private,1,1,8128,360,360,1,1,NA,NA,NA,NA,NA,NA,NA,NA
NA,920150075,1,1,1,48.8999,2.2387,Courbevoie,Hauts-de-Seine,Île-de-France,1,1,Non-profit facility (PSPH/EBNL),1,1,969,238,238,1,1,NA,NA,NA,NA,NA,NA,NA,NA
NA,510000219,1,1,1,48.9671,4.367,Châlons-en-Champagne,Marne,Grand-Est,1,1,General public hospital (CH),1,1,539,194,194,1,1,NA,NA,NA,NA,NA,NA,NA,NA
NA,240000307,1,1,1,45.0198,0.3362,Saint-Médard-de-Mussidan,Dordogne,Nouvelle-Aquitaine,1,1,Non-profit facility (PSPH/EBNL),1,1,586,222,222,1,1,NA,NA,NA,NA,NA,NA,NA,NA
NA,340780253,1,1,1,43.6032,3.079,Lamalou-les-Bains,Hérault,Occitanie,1,1,Private,1,1,649,239,239,1,1,NA,NA,NA,NA,NA,NA,NA,NA
NA,070000203,1,1,1,45.0868,4.6292,Saint-Félicien,Ardèche,Auvergne-Rhône-Alpes,1,1,General public hospital (CH),1,1,420,227,227,1,1,NA,NA,NA,NA,NA,NA,NA,NA
NA,740004148,1,1,1,45.9478,6.1492000000000004,Argonay,Haute-Savoie,Auvergne-Rhône-Alpes,1,1,Private,1,1,991,244,244,1,1,NA,NA,NA,NA,NA,NA,NA,NA
NA,640010518,0,0,1,NA,NA,NA,64,Nouvelle-Aquitaine,1,1,Private,1,1,548,208,208,1,0,NA,NA,NA,NA,NA,NA,NA,NA
NA,670799667,1,1,1,48.6151,7.7867,Strasbourg,Bas-Rhin,Grand-Est,1,1,Private,1,1,10605,364,364,1,1,NA,NA,NA,NA,NA,NA,NA,NA
NA,940813033,1,1,1,48.8227,2.3972,Charenton-le-Pont,Val-de-Marne,Île-de-France,1,1,Private,1,1,18540,278,278,1,1,NA,NA,NA,NA,NA,NA,NA,NA
NA,130008253,1,1,1,43.448,5.2498,Vitrolles,Bouches-du-Rhône,Provence-Alpes-Côte d’Azur,1,1,Private,1,1,8263,363,363,1,1,NA,NA,NA,NA,NA,NA,NA,NA
NA,580006286,1,1,1,47.0015,3.1723,Nevers,Nièvre,Bourgogne-Franche-Comté,1,1,Private,1,1,759,231,231,1,1,NA,NA,NA,NA,NA,NA,NA,NA
NA,840017222,1,1,1,44.0556,5.0488,Carpentras,Vaucluse,Provence-Alpes-Côte d’Azur,1,1,Private,1,1,4369,283,283,1,1,NA,NA,NA,NA,NA,NA,NA,NA
NA,2A0002614,1,1,1,41.6137,8.9263,Sartène,Corse-du-Sud,Corse,1,1,General public hospital (CH),1,1,285,193,193,1,1,NA,NA,NA,NA,NA,NA,NA,NA
NA,300000064,1,1,1,44.0103,4.4198,Uzès,Gard,Occitanie,1,1,General public hospital (CH),1,1,865,256,256,1,1,NA,NA,NA,NA,NA,NA,NA,NA
NA,610008815,0,0,1,NA,NA,NA,61,Normandie,1,1,General public hospital (CH),1,1,330,194,194,1,0,NA,NA,NA,NA,NA,NA,NA,NA
NA,950300327,1,1,1,49.0281,2.2253,Taverny,Val-d’Oise,Île-de-France,1,1,Private,1,1,792,237,237,1,1,NA,NA,NA,NA,NA,NA,NA,NA
NA,830100418,1,1,1,43.4205,6.7744,Saint-Raphaël,Var,Provence-Alpes-Côte d’Azur,1,1,Private,1,1,6904,237,237,1,1,NA,NA,NA,NA,NA,NA,NA,NA
NA,220019061,1,1,1,48.5124,-2.7719,Saint-Brieuc,Côtes-d’Armor,Bretagne,1,1,General public hospital (CH),1,1,424,223,223,1,1,NA,NA,NA,NA,NA,NA,NA,NA
NA,920300415,1,1,1,48.908,2.2417,La Garenne-Colombes,Hauts-de-Seine,Île-de-France,1,1,Private,1,1,29091,366,366,1,1,NA,NA,NA,NA,NA,NA,NA,NA
NA,590817839,1,1,1,50.7251,3.1479,Tourcoing,Nord,Hauts-de-France,1,1,Private,1,1,589,229,229,1,1,NA,NA,NA,NA,NA,NA,NA,NA
NA,890000250,1,1,1,47.9637,3.5111,Migennes,Yonne,Bourgogne-Franche-Comté,1,1,Non-profit facility (PSPH/EBNL),1,1,375,212,212,1,1,NA,NA,NA,NA,NA,NA,NA,NA
NA,840000467,1,1,1,44.1298,4.8218,Orange,Vaucluse,Provence-Alpes-Côte d’Azur,1,1,Private,1,1,7999,277,277,1,1,NA,NA,NA,NA,NA,NA,NA,NA
NA,750801441,1,1,1,48.8348,2.3478,Paris 13e Arrondissement,Paris,Île-de-France,1,1,Regional/University hospital (CHR/U),1,1,5735,345,345,1,1,NA,NA,NA,NA,NA,NA,NA,NA
NA,770300143,1,1,1,48.5563,2.6403,Melun,Seine-et-Marne,Île-de-France,1,1,Private,1,1,23462,366,366,1,1,NA,NA,NA,NA,NA,NA,NA,NA
NA,070006804,1,1,1,44.6128,4.3936,Aubenas,Ardèche,Auvergne-Rhône-Alpes,1,1,General public hospital (CH),1,1,371,207,207,1,1,NA,NA,NA,NA,NA,NA,NA,NA
NA,670780915,1,1,1,48.4867,7.2168,Schirmeck,Bas-Rhin,Grand-Est,1,1,Non-profit facility (PSPH/EBNL),1,1,576,235,235,1,1,NA,NA,NA,NA,NA,NA,NA,NA
NA,820000461,1,1,1,44.1098,0.8873,Valence,Tarn-et-Garonne,Occitanie,1,1,General public hospital (CH),1,1,357,215,215,1,1,NA,NA,NA,NA,NA,NA,NA,NA
NA,770020055,1,1,1,48.8493,2.7717,Jossigny,Seine-et-Marne,Île-de-France,1,1,Private,1,1,5948,316,316,1,1,NA,NA,NA,NA,NA,NA,NA,NA
NA,310780234,1,1,1,43.5978,1.3287,Colomiers,Haute-Garonne,Occitanie,1,1,Private,1,1,1142,249,249,1,1,NA,NA,NA,NA,NA,NA,NA,NA
NA,720000744,1,1,1,48.06,0.165,Saint-Saturnin,Sarthe,Pays de la Loire,1,1,Non-profit facility (PSPH/EBNL),1,1,3800,283,283,1,1,NA,NA,NA,NA,NA,NA,NA,NA
NA,640020681,1,1,1,43.4808,-0.7737,Orthez,Pyrénées-Atlantiques,Nouvelle-Aquitaine,1,1,Non-profit facility (PSPH/EBNL),1,1,2350,315,315,1,1,NA,NA,NA,NA,NA,NA,NA,NA
NA,760027292,1,1,1,49.8955,1.0778,Saint-Aubin-sur-Scie,Seine-Maritime,Normandie,1,1,Private,1,1,9653,277,277,1,1,NA,NA,NA,NA,NA,NA,NA,NA
NA,830012548,1,1,1,43.118,6.1131,Hyères,Var,Provence-Alpes-Côte d’Azur,1,1,Private,1,1,3315,305,305,1,1,NA,NA,NA,NA,NA,NA,NA,NA
NA,290000686,1,1,1,48.4286,-4.517,Bohars,Finistère,Bretagne,1,1,Non-profit facility (PSPH/EBNL),1,1,520,229,229,1,1,NA,NA,NA,NA,NA,NA,NA,NA
NA,390780575,1,1,1,47.0969,5.5066,Dole,Jura,Bourgogne-Franche-Comté,1,1,Private,1,1,7208,332,332,1,1,NA,NA,NA,NA,NA,NA,NA,NA
NA,770803989,1,1,1,48.817,2.7951,Villeneuve-Saint-Denis,Seine-et-Marne,Île-de-France,1,1,Private,1,1,1595,293,293,1,1,NA,NA,NA,NA,NA,NA,NA,NA
NA,250000288,1,1,1,46.9056,6.3492,Pontarlier,Doubs,Bourgogne-Franche-Comté,1,1,Private,1,1,662,222,222,1,1,NA,NA,NA,NA,NA,NA,NA,NA
NA,500002357,1,1,1,49.6351,-1.6567,Cherbourg-en-Cotentin,Manche,Normandie,1,1,Private,1,1,10035,360,360,1,1,NA,NA,NA,NA,NA,NA,NA,NA
NA,050001064,1,1,1,44.4618,6.0615,Tallard,Hautes-Alpes,Provence-Alpes-Côte d’Azur,1,1,Non-profit facility (PSPH/EBNL),1,1,742,246,246,1,1,NA,NA,NA,NA,NA,NA,NA,NA
NA,690784194,1,1,1,45.7714,4.8645,Villeurbanne,Rhône,Auvergne-Rhône-Alpes,1,1,Regional/University hospital (CHR/U),1,1,3136,286,286,1,1,NA,NA,NA,NA,NA,NA,NA,NA
NA,330781154,1,1,1,44.8542,-0.623,Bordeaux,Gironde,Nouvelle-Aquitaine,1,1,Private,1,1,2945,254,254,1,1,NA,NA,NA,NA,NA,NA,NA,NA
NA,340780220,1,1,1,43.593,3.0808,Lamalou-les-Bains,Hérault,Occitanie,1,1,General public hospital (CH),1,1,1573,252,252,1,1,NA,NA,NA,NA,NA,NA,NA,NA
NA,300014040,0,0,0,NA,NA,NA,NA,NA,1,1,Private,1,1,221,53,53,1,0,NA,NA,NA,NA,NA,NA,NA,NA
NA,010780799,1,1,1,45.9805,5.606,Hauteville-Lompnes,Ain,Auvergne-Rhône-Alpes,1,1,Non-profit facility (PSPH/EBNL),1,1,248,156,156,1,1,NA,NA,NA,NA,NA,NA,NA,NA
NA,440053387,1,1,1,47.2618,-2.268,Saint-Nazaire,44,Pays de la Loire,1,1,Non-profit facility (PSPH/EBNL),1,1,3110,253,253,1,1,NA,NA,NA,NA,NA,NA,NA,NA
NA,380000356,1,1,1,45.5699,5.4473,La Tour-du-Pin,Isère,Auvergne-Rhône-Alpes,1,1,General public hospital (CH),1,1,31,24,24,1,1,NA,NA,NA,NA,NA,NA,NA,NA
NA,410004063,1,1,1,47.798,1.0594,Vendôme,Loir-et-Cher,Centre-Val de Loire,1,1,General public hospital (CH),1,1,454,237,237,1,1,NA,NA,NA,NA,NA,NA,NA,NA
NA,750042830,1,1,1,48.8418,2.3982,Paris 12e Arrondissement,Val-de-Marne,Île-de-France,1,1,Private,1,1,517,231,231,1,1,NA,NA,NA,NA,NA,NA,NA,NA
NA,930300140,1,1,1,48.9107,2.4769,Bondy,Seine-Saint-Denis,Île-de-France,1,1,Private,1,1,776,232,232,1,1,NA,NA,NA,NA,NA,NA,NA,NA
NA,510000243,1,1,1,49.0486,3.9505,Épernay,Marne,Grand-Est,1,1,Private,1,1,8342,313,313,1,1,NA,NA,NA,NA,NA,NA,NA,NA
NA,330780487,1,1,1,44.8452,-0.5522,Bordeaux,Gironde,Nouvelle-Aquitaine,1,1,Private,1,1,10045,233,233,1,1,NA,NA,NA,NA,NA,NA,NA,NA
NA,010000099,1,1,1,45.9066,5.1947,Meximieux,Ain,Auvergne-Rhône-Alpes,1,1,General public hospital (CH),1,1,501,236,236,1,1,NA,NA,NA,NA,NA,NA,NA,NA
NA,750300857,1,1,1,48.8479,2.2712,Paris 16e Arrondissement,Hauts-de-Seine,Île-de-France,1,1,Private,1,1,5314,228,228,1,1,NA,NA,NA,NA,NA,NA,NA,NA
NA,890000169,1,1,1,48.2069,3.2934,Sens,Yonne,Bourgogne-Franche-Comté,1,1,Private,1,1,18949,299,299,1,1,NA,NA,NA,NA,NA,NA,NA,NA
NA,710780081,1,1,1,46.3523,4.7938,Hurigny,Saône-et-Loire,Bourgogne-Franche-Comté,1,1,Private,1,1,708,250,250,1,1,NA,NA,NA,NA,NA,NA,NA,NA
NA,210780789,1,1,1,47.3351,5.0117,Talant,Côte-d’Or,Bourgogne-Franche-Comté,1,1,Private,1,1,20224,362,362,1,1,NA,NA,NA,NA,NA,NA,NA,NA
NA,560023152,1,1,1,47.6584,-2.7609,Vannes,Morbihan,Bretagne,1,1,Private,1,1,1698,259,259,1,1,NA,NA,NA,NA,NA,NA,NA,NA
NA,640789624,1,1,1,43.4038,-0.9315,Sauveterre-de-Béarn,Pyrénées-Atlantiques,Nouvelle-Aquitaine,1,1,Non-profit facility (PSPH/EBNL),1,1,235,181,181,1,1,NA,NA,NA,NA,NA,NA,NA,NA
NA,790000103,1,1,1,46.6522,-0.2204,Parthenay,Deux-Sèvres,Nouvelle-Aquitaine,1,1,General public hospital (CH),1,1,1332,236,236,1,1,NA,NA,NA,NA,NA,NA,NA,NA
NA,690791082,1,1,1,45.9626,4.5151,Létra,Rhône,Auvergne-Rhône-Alpes,1,1,Private,1,1,1411,201,201,1,1,NA,NA,NA,NA,NA,NA,NA,NA
NA,350000212,1,1,1,47.9451,-1.2433,La Guerche-de-Bretagne,Ille-et-Vilaine,Bretagne,1,1,General public hospital (CH),1,1,480,228,228,1,1,NA,NA,NA,NA,NA,NA,NA,NA
NA,250000718,1,1,1,47.2858,6.1344,Novillars,Doubs,Bourgogne-Franche-Comté,1,1,General public hospital (CH),1,1,181,136,136,1,1,NA,NA,NA,NA,NA,NA,NA,NA
NA,130045263,1,1,1,43.4417,5.4696,Gardanne,Bouches-du-Rhône,Provence-Alpes-Côte d’Azur,1,1,Non-profit facility (PSPH/EBNL),1,1,660,221,221,1,1,NA,NA,NA,NA,NA,NA,NA,NA
NA,380000166,1,1,1,45.3391,5.0576,Beaurepaire,Isère,Auvergne-Rhône-Alpes,1,1,General public hospital (CH),1,1,300,179,179,1,1,NA,NA,NA,NA,NA,NA,NA,NA
NA,310782339,1,1,1,43.1048,0.9614,Salies-du-Salat,Haute-Garonne,Occitanie,1,1,Regional/University hospital (CHR/U),1,1,735,191,191,1,1,NA,NA,NA,NA,NA,NA,NA,NA
NA,950300087,1,1,1,49.0919,2.3661,Belloy-en-France,Val-d’Oise,Île-de-France,1,1,Private,1,1,449,202,202,1,1,NA,NA,NA,NA,NA,NA,NA,NA
NA,510000292,1,1,1,49.0384,3.9642,Épernay,Marne,Grand-Est,1,1,Non-profit facility (PSPH/EBNL),1,1,626,220,220,1,1,NA,NA,NA,NA,NA,NA,NA,NA
NA,660780842,1,1,1,42.5009,2.0335,Font-Romeu-Odeillo-Via,Pyrénées-Orientales,Occitanie,1,1,Private,1,1,651,163,163,1,1,NA,NA,NA,NA,NA,NA,NA,NA
NA,640780904,1,1,1,43.324,-0.3542,Pau,Pyrénées-Atlantiques,Nouvelle-Aquitaine,1,1,Non-profit facility (PSPH/EBNL),1,1,245,125,125,1,1,NA,NA,NA,NA,NA,NA,NA,NA
NA,220000574,1,1,1,48.4073,-2.9168,Quintin,Côtes-d’Armor,Bretagne,1,1,General public hospital (CH),1,1,395,214,214,1,1,NA,NA,NA,NA,NA,NA,NA,NA
NA,600111124,1,1,1,49.1932,2.4637,Chantilly,Oise,Hauts-de-France,1,1,Non-profit facility (PSPH/EBNL),1,1,277,175,175,1,1,NA,NA,NA,NA,NA,NA,NA,NA
NA,590783171,1,1,1,50.1614,3.4846,Briastre,Nord,Hauts-de-France,1,1,Non-profit facility (PSPH/EBNL),1,1,584,239,239,1,1,NA,NA,NA,NA,NA,NA,NA,NA
NA,010780492,1,1,1,45.8228,4.9473,Miribel,Ain,Auvergne-Rhône-Alpes,1,1,Non-profit facility (PSPH/EBNL),1,1,4108,306,306,1,1,NA,NA,NA,NA,NA,NA,NA,NA
NA,830100764,1,1,1,43.0765,5.8796,La Seyne-sur-Mer,Var,Provence-Alpes-Côte d’Azur,1,1,Private,1,1,985,245,245,1,1,NA,NA,NA,NA,NA,NA,NA,NA
NA,850025156,1,1,1,46.5155,-1.7512,Olonne-sur-Mer,Vendée,Pays de la Loire,1,1,Private,1,1,1397,212,212,1,1,NA,NA,NA,NA,NA,NA,NA,NA
NA,850000118,1,1,1,46.6587,-1.4132,La Roche-sur-Yon,Vendée,Pays de la Loire,1,1,Private,1,1,22652,365,365,1,1,NA,NA,NA,NA,NA,NA,NA,NA
NA,340780840,1,1,1,43.6343,3.8915,Castelnau-le-Lez,Hérault,Occitanie,1,1,Private,1,1,3917,299,299,1,1,NA,NA,NA,NA,NA,NA,NA,NA
NA,490000817,1,1,1,47.1012,-1.1288,Sèvremoine,Maine-et-Loire,Pays de la Loire,1,1,Non-profit facility (PSPH/EBNL),1,1,361,208,208,1,1,NA,NA,NA,NA,NA,NA,NA,NA
NA,560000184,1,1,1,47.8115,-2.3848,Malestroit,Morbihan,Bretagne,1,1,Non-profit facility (PSPH/EBNL),1,1,4761,316,316,1,1,NA,NA,NA,NA,NA,NA,NA,NA
NA,060781374,1,1,1,43.5647,7.0278,Cannes,Alpes-Maritimes,Provence-Alpes-Côte d’Azur,1,1,Private,1,1,1458,249,249,1,1,NA,NA,NA,NA,NA,NA,NA,NA
NA,370000374,1,1,1,47.4406,0.6463,La Membrolle-sur-Choisille,Indre-et-Loire,Centre-Val de Loire,1,1,Non-profit facility (PSPH/EBNL),1,1,1164,236,236,1,1,NA,NA,NA,NA,NA,NA,NA,NA
NA,330802752,1,1,1,44.8238,-0.5751,Bordeaux,Gironde,Nouvelle-Aquitaine,1,1,Regional/University hospital (CHR/U),1,1,3279,288,288,1,1,NA,NA,NA,NA,NA,NA,NA,NA
NA,440059335,1,1,1,47.195,-1.5471,Rezé,Loire-Atlantique,Pays de la Loire,1,1,Private,1,1,122,88,88,1,1,NA,NA,NA,NA,NA,NA,NA,NA
NA,340020221,1,1,1,43.6481,3.8309,Grabels,Hérault,Occitanie,1,1,Private,1,1,2217,178,178,1,1,NA,NA,NA,NA,NA,NA,NA,NA
NA,560027377,1,1,1,47.808,-2.384,Malestroit,Morbihan,Bretagne,1,1,Non-profit facility (PSPH/EBNL),1,1,135,129,129,1,1,NA,NA,NA,NA,NA,NA,NA,NA
NA,790000137,1,1,1,46.2269,-0.1516,Melle,Deux-Sèvres,Nouvelle-Aquitaine,1,1,General public hospital (CH),1,1,446,234,234,1,1,NA,NA,NA,NA,NA,NA,NA,NA
NA,840000434,1,1,1,43.9201,5.0494,L'Isle-sur-la-Sorgue,Vaucluse,Provence-Alpes-Côte d’Azur,1,1,General public hospital (CH),1,1,423,225,225,1,1,NA,NA,NA,NA,NA,NA,NA,NA
NA,400015236,1,1,1,43.8714,-0.4835,Saint-Pierre-du-Mont,Landes,Nouvelle-Aquitaine,1,1,General public hospital (CH),1,1,7655,238,238,1,1,NA,NA,NA,NA,NA,NA,NA,NA
NA,430000356,1,1,1,45.1441,4.1259,Yssingeaux,Haute-Loire,Auvergne-Rhône-Alpes,1,1,General public hospital (CH),1,1,648,255,255,1,1,NA,NA,NA,NA,NA,NA,NA,NA
NA,190000034,1,1,1,45.3927,2.4973,Bort-les-Orgues,Cantal,Auvergne-Rhône-Alpes,1,1,General public hospital (CH),1,1,435,232,232,1,1,NA,NA,NA,NA,NA,NA,NA,NA
NA,730012499,1,1,1,45.6853,5.9217,Aix-les-Bains,Savoie,Auvergne-Rhône-Alpes,1,1,Private,1,1,5980,316,316,1,1,NA,NA,NA,NA,NA,NA,NA,NA
NA,710978206,1,1,1,46.5451,4.4444,La Guiche,Saône-et-Loire,Bourgogne-Franche-Comté,1,1,General public hospital (CH),1,1,495,228,228,1,1,NA,NA,NA,NA,NA,NA,NA,NA
NA,420784845,1,1,1,46.0861,4.0626,Mably,Loire,Auvergne-Rhône-Alpes,1,1,General public hospital (CH),1,1,552,224,224,1,1,NA,NA,NA,NA,NA,NA,NA,NA
NA,360000202,1,1,1,46.9888,1.1645,Châtillon-sur-Indre,Indre,Centre-Val de Loire,1,1,General public hospital (CH),1,1,518,235,235,1,1,NA,NA,NA,NA,NA,NA,NA,NA
NA,230780157,1,1,1,46.1791,1.8801,Guéret,Creuse,Nouvelle-Aquitaine,1,1,Private,1,1,5888,284,284,1,1,NA,NA,NA,NA,NA,NA,NA,NA
NA,920000593,1,1,1,48.8785,2.242,Puteaux,Hauts-de-Seine,Île-de-France,1,1,General public hospital (CH),1,1,242,184,184,1,1,NA,NA,NA,NA,NA,NA,NA,NA
NA,480000074,1,1,1,44.7249,3.8444,Langogne,Lozère,Occitanie,1,1,General public hospital (CH),1,1,381,218,218,1,1,NA,NA,NA,NA,NA,NA,NA,NA
NA,660009689,1,1,1,42.442,2.0274,Err,Pyrénées-Orientales,Occitanie,1,1,Non-profit facility (PSPH/EBNL),1,1,697,243,243,1,1,NA,NA,NA,NA,NA,NA,NA,NA
NA,460000227,1,1,1,44.7807,1.7349,Gramat,Lot,Occitanie,1,1,General public hospital (CH),1,1,230,157,157,1,1,NA,NA,NA,NA,NA,NA,NA,NA
NA,2A0000261,1,1,1,41.9662,8.8133,Sarrola-Carcopino,Corse-du-Sud,Corse,1,1,Private,1,1,449,216,216,1,1,NA,NA,NA,NA,NA,NA,NA,NA
NA,130786445,1,1,1,43.5299,5.4474,Aix-en-Provence,Bouches-du-Rhône,Provence-Alpes-Côte d’Azur,1,1,Non-profit facility (PSPH/EBNL),1,1,7439,366,366,1,1,NA,NA,NA,NA,NA,NA,NA,NA
NA,690782420,1,1,1,46.0039,4.6883,Gleizé,Rhône,Auvergne-Rhône-Alpes,1,1,Non-profit facility (PSPH/EBNL),1,1,324,199,199,1,1,NA,NA,NA,NA,NA,NA,NA,NA
NA,630000131,1,1,1,45.7943,3.0527,Durtol,Puy-de-Dôme,Auvergne-Rhône-Alpes,1,1,Non-profit facility (PSPH/EBNL),1,1,1009,244,244,1,1,NA,NA,NA,NA,NA,NA,NA,NA
NA,470000175,1,1,1,44.393,0.8091,Penne-d'Agenais,Lot-et-Garonne,Nouvelle-Aquitaine,1,1,Non-profit facility (PSPH/EBNL),1,1,596,228,228,1,1,NA,NA,NA,NA,NA,NA,NA,NA
NA,930020987,1,1,1,48.9529,2.323,Épinay-sur-Seine,Seine-Saint-Denis,Île-de-France,1,1,Private,1,1,639,181,181,1,1,NA,NA,NA,NA,NA,NA,NA,NA
NA,690025366,0,0,0,NA,NA,NA,NA,NA,1,1,Private,1,1,558,115,115,1,0,NA,NA,NA,NA,NA,NA,NA,NA
NA,380000109,1,1,1,45.3884,5.7385,Saint-Laurent-du-Pont,Isère,Auvergne-Rhône-Alpes,1,1,General public hospital (CH),1,1,394,213,213,1,1,NA,NA,NA,NA,NA,NA,NA,NA
NA,830206983,1,1,1,43.3944,6.3152,Le Luc,Var,Provence-Alpes-Côte d’Azur,1,1,General public hospital (CH),1,1,274,193,193,1,1,NA,NA,NA,NA,NA,NA,NA,NA
NA,590782546,1,1,1,50.6536,3.1561,Villeneuve-d'Ascq,Nord,Hauts-de-France,1,1,Private,1,1,8125,295,295,1,1,NA,NA,NA,NA,NA,NA,NA,NA
NA,360000178,1,1,1,47.1621,1.5729,Valençay,Indre,Centre-Val de Loire,1,1,General public hospital (CH),1,1,297,179,179,1,1,NA,NA,NA,NA,NA,NA,NA,NA
NA,020003877,1,1,1,49.5526,3.5971,Laon,Aisne,Hauts-de-France,1,1,General public hospital (CH),1,1,453,231,231,1,1,NA,NA,NA,NA,NA,NA,NA,NA
NA,750150377,1,1,1,48.8402,2.2582,Paris 16e Arrondissement,Hauts-de-Seine,Île-de-France,1,1,Non-profit facility (PSPH/EBNL),1,1,930,316,316,1,1,NA,NA,NA,NA,NA,NA,NA,NA
NA,070780242,1,1,1,44.6746,4.2211,Thueyts,Ardèche,Auvergne-Rhône-Alpes,1,1,Private,1,1,386,198,198,1,1,NA,NA,NA,NA,NA,NA,NA,NA
NA,590000444,1,1,1,50.2893,4.1024,Jeumont,Nord,Hauts-de-France,1,1,General public hospital (CH),1,1,297,185,185,1,1,NA,NA,NA,NA,NA,NA,NA,NA
NA,420000275,1,1,1,45.4243,4.0673,Saint-Bonnet-le-Château,Loire,Auvergne-Rhône-Alpes,1,1,General public hospital (CH),1,1,233,143,143,1,1,NA,NA,NA,NA,NA,NA,NA,NA
NA,170000178,1,1,1,45.1985,-0.0855,Boscamnant,Charente-Maritime,Nouvelle-Aquitaine,1,1,General public hospital (CH),1,1,1010,253,253,1,1,NA,NA,NA,NA,NA,NA,NA,NA
NA,710978255,1,1,1,46.6188,3.7664,Bourbon-Lancy,Saône-et-Loire,Bourgogne-Franche-Comté,1,1,General public hospital (CH),1,1,794,276,276,1,1,NA,NA,NA,NA,NA,NA,NA,NA
NA,840000558,1,1,1,43.758,5.3044,Lauris,Vaucluse,Provence-Alpes-Côte d’Azur,1,1,General public hospital (CH),1,1,398,210,210,1,1,NA,NA,NA,NA,NA,NA,NA,NA
NA,120000088,1,1,1,44.4677,2.9755,Saint Geniez d'Olt et d'Aubrac,Aveyron,Occitanie,1,1,General public hospital (CH),1,1,299,179,179,1,1,NA,NA,NA,NA,NA,NA,NA,NA
NA,330781337,1,1,1,44.7911,-0.6572,Pessac,Gironde,Nouvelle-Aquitaine,1,1,Regional/University hospital (CHR/U),1,1,1103,259,259,1,1,NA,NA,NA,NA,NA,NA,NA,NA
NA,550000038,1,1,1,48.7605,5.5877,Commercy,Meuse,Grand-Est,1,1,General public hospital (CH),1,1,802,304,304,1,1,NA,NA,NA,NA,NA,NA,NA,NA
NA,800000150,1,1,1,50.004,2.6563,Albert,Somme,Hauts-de-France,1,1,Private,1,1,439,186,186,1,1,NA,NA,NA,NA,NA,NA,NA,NA
NA,650780141,1,1,1,43.2345,0.0674,Tarbes,Hautes-Pyrénées,Occitanie,1,1,General public hospital (CH),1,1,418,208,208,1,1,NA,NA,NA,NA,NA,NA,NA,NA
NA,630000149,1,1,1,45.9055,3.0432,Châtel-Guyon,Puy-de-Dôme,Auvergne-Rhône-Alpes,1,1,General public hospital (CH),1,1,903,253,253,1,1,NA,NA,NA,NA,NA,NA,NA,NA
NA,470000548,1,1,1,44.3883,0.8189,Penne-d'Agenais,Lot-et-Garonne,Nouvelle-Aquitaine,1,1,General public hospital (CH),1,1,740,234,234,1,1,NA,NA,NA,NA,NA,NA,NA,NA
NA,720000389,1,1,1,47.8647,0.4658,Le Grand-Lucé,Sarthe,Pays de la Loire,1,1,Non-profit facility (PSPH/EBNL),1,1,885,246,246,1,1,NA,NA,NA,NA,NA,NA,NA,NA
NA,590813382,1,1,1,51.0336,2.3941,Dunkerque,Nord,Hauts-de-France,1,1,Private,1,1,4093,265,265,1,1,NA,NA,NA,NA,NA,NA,NA,NA
NA,390000081,1,1,1,46.9,5.7756,Arbois,Jura,Bourgogne-Franche-Comté,1,1,General public hospital (CH),1,1,262,180,180,1,1,NA,NA,NA,NA,NA,NA,NA,NA
NA,130050917,1,1,1,43.6771,4.6396,Arles,Bouches-du-Rhône,Provence-Alpes-Côte d’Azur,1,1,Non-profit facility (PSPH/EBNL),1,1,7795,290,290,1,1,NA,NA,NA,NA,NA,NA,NA,NA
NA,680000767,1,1,1,47.8902,7.2259,Soultz-Haut-Rhin,Haut-Rhin,Grand-Est,1,1,General public hospital (CH),1,1,188,153,153,1,1,NA,NA,NA,NA,NA,NA,NA,NA
NA,950300194,1,1,1,48.992,2.17,Herblay,Val-d’Oise,Île-de-France,1,1,Private,1,1,933,245,245,1,1,NA,NA,NA,NA,NA,NA,NA,NA
NA,060780392,1,1,1,43.6062,7.1126,Antibes,Alpes-Maritimes,Provence-Alpes-Côte d’Azur,1,1,Private,1,1,936,252,252,1,1,NA,NA,NA,NA,NA,NA,NA,NA
NA,320000169,1,1,1,43.5109,0.4036,Mirande,Gers,Occitanie,1,1,General public hospital (CH),1,1,245,185,185,1,1,NA,NA,NA,NA,NA,NA,NA,NA
NA,370000150,1,1,1,47.4066,0.6887,Tours,Indre-et-Loire,Centre-Val de Loire,1,1,Private,1,1,897,251,251,1,1,NA,NA,NA,NA,NA,NA,NA,NA
NA,920300191,1,1,1,48.8353,2.2448,Boulogne-Billancourt,Hauts-de-Seine,Île-de-France,1,1,Private,1,1,11692,287,287,1,1,NA,NA,NA,NA,NA,NA,NA,NA
NA,910300359,1,1,1,48.7002,2.3762,Athis-Mons,Essonne,Île-de-France,1,1,Private,1,1,12782,328,328,1,1,NA,NA,NA,NA,NA,NA,NA,NA
NA,630780369,1,1,1,45.8024,3.1101,Clermont-Ferrand,Puy-de-Dôme,Auvergne-Rhône-Alpes,1,1,Private,1,1,16556,239,239,1,1,NA,NA,NA,NA,NA,NA,NA,NA
NA,400780482,1,1,1,43.7009,-0.8512,Montfort-en-Chalosse,Landes,Nouvelle-Aquitaine,1,1,Private,1,1,1192,269,269,1,1,NA,NA,NA,NA,NA,NA,NA,NA
NA,2B0000038,1,1,1,42.3016,9.1554,Corte,Haute-Corse,Corse,1,1,General public hospital (CH),1,1,3501,341,341,1,1,NA,NA,NA,NA,NA,NA,NA,NA
NA,690000583,1,1,1,46.1111,4.7475,Saint-Jean-d'Ardières,Rhône,Auvergne-Rhône-Alpes,1,1,General public hospital (CH),1,1,615,238,238,1,1,NA,NA,NA,NA,NA,NA,NA,NA
NA,350000204,1,1,1,48.411,-1.7255,Combourg,Ille-et-Vilaine,Bretagne,1,1,Non-profit facility (PSPH/EBNL),1,1,1622,269,269,1,1,NA,NA,NA,NA,NA,NA,NA,NA
NA,380780288,1,1,1,45.3631,5.5878,Voiron,Isère,Auvergne-Rhône-Alpes,1,1,Private,1,1,10224,248,248,1,1,NA,NA,NA,NA,NA,NA,NA,NA
NA,560007510,1,1,1,48.0943,-2.9131,Noyal-Pontivy,Morbihan,Bretagne,1,1,Private,1,1,7745,280,280,1,1,NA,NA,NA,NA,NA,NA,NA,NA
NA,590780094,1,1,1,50.3379,3.0992,Dechy,Nord,Hauts-de-France,1,1,Private,1,1,13205,252,252,1,1,NA,NA,NA,NA,NA,NA,NA,NA
NA,780000386,1,1,1,48.8053,1.9031,Jouars-Pontchartrain,Yvelines,Île-de-France,1,1,General public hospital (CH),1,1,243,163,163,1,1,NA,NA,NA,NA,NA,NA,NA,NA
NA,010011641,1,1,1,45.9756,5.5995,Hauteville-Lompnes,Ain,Auvergne-Rhône-Alpes,1,1,Private,1,1,831,247,247,1,1,NA,NA,NA,NA,NA,NA,NA,NA
NA,790008064,1,1,1,46.4207,-0.3762,Cherveux,Deux-Sèvres,Nouvelle-Aquitaine,1,1,Non-profit facility (PSPH/EBNL),1,1,714,241,241,1,1,NA,NA,NA,NA,NA,NA,NA,NA
NA,150000149,1,1,1,44.8547,3.0052,Chaudes-Aigues,Cantal,Auvergne-Rhône-Alpes,1,1,General public hospital (CH),1,1,374,194,194,1,1,NA,NA,NA,NA,NA,NA,NA,NA
NA,500000435,1,1,1,48.5244,-1.329,Saint-James,Manche,Normandie,1,1,General public hospital (CH),1,1,349,197,197,1,1,NA,NA,NA,NA,NA,NA,NA,NA
NA,600100796,1,1,1,49.2608,1.8822,Chaumont-en-Vexin,Oise,Hauts-de-France,1,1,Non-profit facility (PSPH/EBNL),1,1,690,228,228,1,1,NA,NA,NA,NA,NA,NA,NA,NA
NA,050000066,1,1,1,44.6483,6.2001,Saint-Léger-les-Mélèzes,Hautes-Alpes,Provence-Alpes-Côte d’Azur,1,1,Private,1,1,533,248,248,1,1,NA,NA,NA,NA,NA,NA,NA,NA
NA,340008176,1,1,1,43.4912,2.7526,Saint-Pons-de-Thomières,Hérault,Occitanie,1,1,General public hospital (CH),1,1,214,75,75,1,1,NA,NA,NA,NA,NA,NA,NA,NA
NA,130784903,1,1,1,43.3029,5.4754,Marseille,Bouches-du-Rhône,Provence-Alpes-Côte d’Azur,1,1,Private,1,1,5889,254,254,1,1,NA,NA,NA,NA,NA,NA,NA,NA
NA,690000054,1,1,1,45.8677,4.8469,Neuville-sur-Saône,Rhône,Auvergne-Rhône-Alpes,1,1,General public hospital (CH),1,1,343,197,197,1,1,NA,NA,NA,NA,NA,NA,NA,NA
NA,080000250,1,1,1,49.7637,4.7002,Charleville-Mézières,Ardennes,Grand-Est,1,1,Non-profit facility (PSPH/EBNL),1,1,2095,250,250,1,1,NA,NA,NA,NA,NA,NA,NA,NA
NA,590782280,1,1,1,50.3326,3.4009,Denain,Nord,Hauts-de-France,1,1,Private,1,1,396,193,193,1,1,NA,NA,NA,NA,NA,NA,NA,NA
NA,350000071,1,1,1,48.6326,-2.0659,Dinard,35,Bretagne,1,1,Non-profit facility (PSPH/EBNL),1,1,1329,258,258,1,1,NA,NA,NA,NA,NA,NA,NA,NA
NA,630783348,1,1,1,46.1084,2.695,Pionsat,Puy-de-Dôme,Auvergne-Rhône-Alpes,1,1,Non-profit facility (PSPH/EBNL),1,1,401,150,150,1,1,NA,NA,NA,NA,NA,NA,NA,NA
NA,070780168,1,1,1,44.6016,4.3924,Aubenas,Ardèche,Auvergne-Rhône-Alpes,1,1,Private,1,1,7101,320,320,1,1,NA,NA,NA,NA,NA,NA,NA,NA
NA,740011481,1,1,1,45.8918,6.1069,Annecy,Haute-Savoie,Auvergne-Rhône-Alpes,1,1,General public hospital (CH),1,1,691,233,233,1,1,NA,NA,NA,NA,NA,NA,NA,NA
NA,780000303,1,1,1,48.8259,1.9401,Plaisir,Yvelines,Île-de-France,1,1,General public hospital (CH),1,1,2922,344,344,1,1,NA,NA,NA,NA,NA,NA,NA,NA
NA,340023142,1,1,1,43.6024,3.9146,Montpellier,Hérault,Occitanie,1,1,Private,1,1,1115,186,186,1,1,NA,NA,NA,NA,NA,NA,NA,NA
NA,590791653,1,1,1,50.6106,3.0301,Lille,Nord,Hauts-de-France,1,1,Regional/University hospital (CHR/U),1,1,3353,256,256,1,1,NA,NA,NA,NA,NA,NA,NA,NA
NA,640005591,1,1,1,43.3279,-0.3528,Pau,Pyrénées-Atlantiques,Nouvelle-Aquitaine,1,1,Private,1,1,1605,261,261,1,1,NA,NA,NA,NA,NA,NA,NA,NA
NA,680004553,1,1,1,47.7268,7.3423,Mulhouse,Haut-Rhin,Grand-Est,1,1,General public hospital (CH),1,1,2384,256,256,1,1,NA,NA,NA,NA,NA,NA,NA,NA
NA,260000237,1,1,1,44.3596,5.137,Nyons,Drôme,Auvergne-Rhône-Alpes,1,1,General public hospital (CH),1,1,348,201,201,1,1,NA,NA,NA,NA,NA,NA,NA,NA
NA,890000300,1,1,1,47.9596,3.5306,Migennes,Yonne,Bourgogne-Franche-Comté,1,1,Non-profit facility (PSPH/EBNL),1,1,276,61,61,1,1,NA,NA,NA,NA,NA,NA,NA,NA
NA,490000239,1,1,1,47.5365,-0.104,Baugé-en-Anjou,Maine-et-Loire,Pays de la Loire,1,1,General public hospital (CH),1,1,328,210,210,1,1,NA,NA,NA,NA,NA,NA,NA,NA
NA,570029801,1,1,1,49.1118,6.1922,Metz,Moselle,Grand-Est,1,1,Regional/University hospital (CHR/U),1,1,266,147,147,1,1,NA,NA,NA,NA,NA,NA,NA,NA
NA,810000158,1,1,1,43.4899,2.3776,Mazamet,Tarn,Occitanie,1,1,Non-profit facility (PSPH/EBNL),1,1,350,213,213,1,1,NA,NA,NA,NA,NA,NA,NA,NA
NA,240002402,1,1,1,45.172,0.5744,Annesse-et-Beaulieu,Dordogne,Nouvelle-Aquitaine,1,1,Private,1,1,1802,255,255,1,1,NA,NA,NA,NA,NA,NA,NA,NA
NA,870006137,1,1,1,45.8155,1.2408,Limoges,Haute-Vienne,Nouvelle-Aquitaine,1,1,General public hospital (CH),1,1,502,227,227,1,1,NA,NA,NA,NA,NA,NA,NA,NA
NA,340798552,1,1,1,43.3712,3.2496,Boujan-sur-Libron,Hérault,Occitanie,1,1,Private,1,1,841,256,256,1,1,NA,NA,NA,NA,NA,NA,NA,NA
NA,750300089,1,1,1,48.839,2.3581,Paris 13e Arrondissement,Paris,Île-de-France,1,1,Private,1,1,7054,254,254,1,1,NA,NA,NA,NA,NA,NA,NA,NA
NA,800000614,1,1,1,49.9045,2.317,Amiens,Somme,Hauts-de-France,1,1,Regional/University hospital (CHR/U),1,1,690,262,262,1,1,NA,NA,NA,NA,NA,NA,NA,NA
NA,340782002,1,1,1,43.5963,3.08,Lamalou-les-Bains,Hérault,Occitanie,1,1,Private,1,1,764,243,243,1,1,NA,NA,NA,NA,NA,NA,NA,NA
NA,950150052,1,1,1,49.0467,2.2981,Bouffémont,Val-d’Oise,Île-de-France,1,1,Non-profit facility (PSPH/EBNL),1,1,375,168,168,1,1,NA,NA,NA,NA,NA,NA,NA,NA
NA,590001582,1,1,1,50.6878,3.1161,Wasquehal,Nord,Hauts-de-France,1,1,General public hospital (CH),1,1,467,221,221,1,1,NA,NA,NA,NA,NA,NA,NA,NA
NA,340797596,1,1,1,43.6373,3.8347,Montpellier,Hérault,Occitanie,1,1,Private,1,1,637,233,233,1,1,NA,NA,NA,NA,NA,NA,NA,NA
NA,480000033,1,1,1,44.8101,3.2874,Saint-Chély-d'Apcher,Lozère,Occitanie,1,1,General public hospital (CH),1,1,237,169,169,1,1,NA,NA,NA,NA,NA,NA,NA,NA
NA,790000681,1,1,1,46.3427,-0.4817,Niort,Deux-Sèvres,Nouvelle-Aquitaine,1,1,Non-profit facility (PSPH/EBNL),1,1,1362,243,243,1,1,NA,NA,NA,NA,NA,NA,NA,NA
NA,730000270,1,1,1,45.5685,6.1545,Saint-Pierre-d'Albigny,Savoie,Auvergne-Rhône-Alpes,1,1,General public hospital (CH),1,1,344,204,204,1,1,NA,NA,NA,NA,NA,NA,NA,NA
NA,070784897,1,1,1,44.351,4.4026,Labastide-de-Virac,Ardèche,Auvergne-Rhône-Alpes,1,1,Non-profit facility (PSPH/EBNL),1,1,186,101,101,1,1,NA,NA,NA,NA,NA,NA,NA,NA
NA,570000950,1,1,1,49.3503,6.1982,Yutz,Moselle,Grand-Est,1,1,Non-profit facility (PSPH/EBNL),1,1,4234,319,319,1,1,NA,NA,NA,NA,NA,NA,NA,NA
NA,760000398,1,1,1,49.5681,0.4684,Bolbec,Seine-Maritime,Normandie,1,1,General public hospital (CH),1,1,616,245,245,1,1,NA,NA,NA,NA,NA,NA,NA,NA
NA,190005694,1,1,1,45.1611,1.5014,Brive-la-Gaillarde,Corrèze,Nouvelle-Aquitaine,1,1,Private,1,1,1040,253,253,1,1,NA,NA,NA,NA,NA,NA,NA,NA
NA,380000125,1,1,1,45.4606,5.6315,Saint-Geoire-en-Valdaine,Isère,Auvergne-Rhône-Alpes,1,1,General public hospital (CH),1,1,247,182,182,1,1,NA,NA,NA,NA,NA,NA,NA,NA
NA,350000410,1,1,1,47.9628,-1.4993,Janzé,Ille-et-Vilaine,Bretagne,1,1,General public hospital (CH),1,1,513,232,232,1,1,NA,NA,NA,NA,NA,NA,NA,NA
NA,530008788,1,1,1,48.3063,-0.6208,Mayenne,Mayenne,Pays de la Loire,1,1,Private,1,1,392,91,91,1,1,NA,NA,NA,NA,NA,NA,NA,NA
NA,950700021,1,1,1,49.0297,1.9774,Menucourt,Val-d’Oise,Île-de-France,1,1,Non-profit facility (PSPH/EBNL),1,1,1219,250,250,1,1,NA,NA,NA,NA,NA,NA,NA,NA
NA,750038739,1,1,1,48.8355,2.3402,Paris 14e Arrondissement,Paris,Île-de-France,1,1,Private,1,1,1089,245,245,1,1,NA,NA,NA,NA,NA,NA,NA,NA
NA,360003149,1,1,1,46.7929,1.7063,Châteauroux,Indre,Centre-Val de Loire,1,1,General public hospital (CH),1,1,664,227,227,1,1,NA,NA,NA,NA,NA,NA,NA,NA
NA,630000016,1,1,1,45.5746,2.8086,Mont-Dore,Puy-de-Dôme,Auvergne-Rhône-Alpes,1,1,General public hospital (CH),1,1,458,230,230,1,1,NA,NA,NA,NA,NA,NA,NA,NA
NA,940030836,1,1,1,48.8335,2.5279,Bry-sur-Marne,Seine-Saint-Denis,Île-de-France,1,1,General public hospital (CH),1,1,580,233,233,1,1,NA,NA,NA,NA,NA,NA,NA,NA
NA,760000026,1,1,1,49.8665,0.7069,Saint-Valery-en-Caux,76,Normandie,1,1,General public hospital (CH),1,1,187,119,119,1,1,NA,NA,NA,NA,NA,NA,NA,NA
NA,920301033,1,1,1,48.8396,2.248,Boulogne-Billancourt,Hauts-de-Seine,Île-de-France,1,1,Private,1,1,6295,252,252,1,1,NA,NA,NA,NA,NA,NA,NA,NA
NA,050000058,1,1,1,44.4252,6.0046,La Saulce,Hautes-Alpes,Provence-Alpes-Côte d’Azur,1,1,Non-profit facility (PSPH/EBNL),1,1,563,242,242,1,1,NA,NA,NA,NA,NA,NA,NA,NA
NA,930023692,1,1,1,48.9185,2.5238,Livry-Gargan,Seine-Saint-Denis,Île-de-France,1,1,Private,1,1,657,230,230,1,1,NA,NA,NA,NA,NA,NA,NA,NA
NA,420782591,1,1,1,45.6063,4.0505,Montbrison,Loire,Auvergne-Rhône-Alpes,1,1,Private,1,1,4402,253,253,1,1,NA,NA,NA,NA,NA,NA,NA,NA
NA,440044451,1,1,1,47.2126,-1.5718,Nantes,Loire-Atlantique,Pays de la Loire,1,1,Private,1,1,751,228,228,1,1,NA,NA,NA,NA,NA,NA,NA,NA
NA,540009701,1,1,1,48.687,6.1952,Nancy,Meurthe-et-Moselle,Grand-Est,1,1,Non-profit facility (PSPH/EBNL),1,1,6004,264,264,1,1,NA,NA,NA,NA,NA,NA,NA,NA
NA,130043508,1,1,1,43.2677,5.416,Marseille,Bouches-du-Rhône,Provence-Alpes-Côte d’Azur,1,1,Non-profit facility (PSPH/EBNL),1,1,309,163,163,1,1,NA,NA,NA,NA,NA,NA,NA,NA
NA,850000191,1,1,1,46.7219,-2.3517,L'Île-d'Yeu,85,Pays de la Loire,1,1,General public hospital (CH),1,1,495,268,268,1,1,NA,NA,NA,NA,NA,NA,NA,NA
NA,440055945,1,1,1,47.2244,-1.5423,Nantes,Loire-Atlantique,Pays de la Loire,1,1,Non-profit facility (PSPH/EBNL),1,1,487,239,239,1,1,NA,NA,NA,NA,NA,NA,NA,NA
NA,440001295,1,1,1,47.3575,-1.9415,Savenay,Loire-Atlantique,Pays de la Loire,1,1,General public hospital (CH),1,1,295,176,176,1,1,NA,NA,NA,NA,NA,NA,NA,NA
NA,520000019,1,1,1,47.9537,5.7456,Bourbonne-les-Bains,Haute-Marne,Grand-Est,1,1,General public hospital (CH),1,1,629,221,221,1,1,NA,NA,NA,NA,NA,NA,NA,NA
NA,920300837,1,1,1,48.8851,2.1724,Rueil-Malmaison,Yvelines,Île-de-France,1,1,Private,1,1,25893,318,318,1,1,NA,NA,NA,NA,NA,NA,NA,NA
NA,340780139,1,1,1,43.3132,3.1449,Colombiers,Hérault,Occitanie,1,1,Private,1,1,9581,288,288,1,1,NA,NA,NA,NA,NA,NA,NA,NA
NA,2A0000287,1,1,1,41.9279,8.7366,Ajaccio,Corse-du-Sud,Corse,1,1,General public hospital (CH),1,1,14880,278,278,1,1,NA,NA,NA,NA,NA,NA,NA,NA
NA,840017461,1,1,1,44.1453,4.8234,Orange,Vaucluse,Provence-Alpes-Côte d’Azur,1,1,Private,1,1,3783,263,263,1,1,NA,NA,NA,NA,NA,NA,NA,NA
NA,620100495,1,1,1,50.5088,1.6056,Le Touquet-Paris-Plage,Pas-de-Calais,Hauts-de-France,1,1,Private,1,1,847,240,240,1,1,NA,NA,NA,NA,NA,NA,NA,NA
NA,470000159,1,1,1,44.2031,0.6162,Agen,Lot-et-Garonne,Nouvelle-Aquitaine,1,1,Private,1,1,7199,252,252,1,1,NA,NA,NA,NA,NA,NA,NA,NA
NA,060000486,1,1,1,43.8783,7.4512,Sospel,Alpes-Maritimes,Provence-Alpes-Côte d’Azur,1,1,General public hospital (CH),1,1,417,232,232,1,1,NA,NA,NA,NA,NA,NA,NA,NA
NA,620000299,1,1,1,50.6418,2.4002,Aire-sur-la-Lys,Pas-de-Calais,Hauts-de-France,1,1,General public hospital (CH),1,1,318,186,186,1,1,NA,NA,NA,NA,NA,NA,NA,NA
NA,590784484,1,1,1,50.2799,3.9891,Maubeuge,Nord,Hauts-de-France,1,1,Private,1,1,3229,272,272,1,1,NA,NA,NA,NA,NA,NA,NA,NA
NA,590033429,1,1,1,50.6767,3.1727,Roubaix,Nord,Hauts-de-France,1,1,General public hospital (CH),1,1,334,154,154,1,1,NA,NA,NA,NA,NA,NA,NA,NA
NA,100010362,1,1,1,48.3036,4.0614,Troyes,Aube,Grand-Est,1,1,Private,1,1,862,232,232,1,1,NA,NA,NA,NA,NA,NA,NA,NA
NA,750150260,1,1,1,48.8448,2.3916,Paris 12e Arrondissement,Paris,Île-de-France,1,1,Non-profit facility (PSPH/EBNL),1,1,7745,366,366,1,1,NA,NA,NA,NA,NA,NA,NA,NA
NA,340000215,1,1,1,43.7311,3.3162,Lodève,Hérault,Occitanie,1,1,General public hospital (CH),1,1,891,307,307,1,1,NA,NA,NA,NA,NA,NA,NA,NA
NA,950787135,1,1,1,49.1447,2.3109,Beaumont-sur-Oise,Val-d’Oise,Île-de-France,1,1,General public hospital (CH),1,1,124,89,89,1,1,NA,NA,NA,NA,NA,NA,NA,NA
NA,710978248,1,1,1,46.9521,4.3026,Autun,Saône-et-Loire,Bourgogne-Franche-Comté,1,1,General public hospital (CH),1,1,246,160,160,1,1,NA,NA,NA,NA,NA,NA,NA,NA
NA,250000759,1,1,1,47.235,5.9627,Besançon,Doubs,Bourgogne-Franche-Comté,1,1,General public hospital (CH),1,1,707,234,234,1,1,NA,NA,NA,NA,NA,NA,NA,NA
NA,440007607,1,1,1,47.2618,-2.268,Saint-Nazaire,44,Pays de la Loire,1,1,General public hospital (CH),1,1,298,215,215,1,1,NA,NA,NA,NA,NA,NA,NA,NA
NA,540020146,1,1,1,48.6884,6.1979,Nancy,Meurthe-et-Moselle,Grand-Est,1,1,Non-profit facility (PSPH/EBNL),1,1,989,233,233,1,1,NA,NA,NA,NA,NA,NA,NA,NA
NA,670014992,1,1,1,48.6092,7.6903,Oberhausbergen,Bas-Rhin,Grand-Est,1,1,Non-profit facility (PSPH/EBNL),1,1,220,161,161,1,1,NA,NA,NA,NA,NA,NA,NA,NA
NA,590000691,1,1,1,50.7009,3.2212,Wattrelos,Nord,Hauts-de-France,1,1,General public hospital (CH),1,1,2746,351,351,1,1,NA,NA,NA,NA,NA,NA,NA,NA
NA,2A0000212,1,1,1,41.3873,9.1557,Bonifacio,2A,Corse,1,1,General public hospital (CH),1,1,512,228,228,1,1,NA,NA,NA,NA,NA,NA,NA,NA
NA,040780470,1,1,1,43.821,5.7796,Manosque,Alpes-de-Haute-Provence,Provence-Alpes-Côte d’Azur,1,1,Private,1,1,5941,227,227,1,1,NA,NA,NA,NA,NA,NA,NA,NA
NA,930300264,1,1,1,48.8791,2.4223,Les Lilas,Seine-Saint-Denis,Île-de-France,1,1,Private,1,1,4089,263,263,1,1,NA,NA,NA,NA,NA,NA,NA,NA
NA,260000278,1,1,1,44.277,5.275,Buis-les-Baronnies,Drôme,Auvergne-Rhône-Alpes,1,1,General public hospital (CH),1,1,335,189,189,1,1,NA,NA,NA,NA,NA,NA,NA,NA
NA,840011043,1,1,1,43.9225,4.8029,Avignon,Vaucluse,Provence-Alpes-Côte d’Azur,1,1,Private,1,1,6121,307,307,1,1,NA,NA,NA,NA,NA,NA,NA,NA
NA,350002234,1,1,1,48.1227,-1.6382,Rennes,Ille-et-Vilaine,Bretagne,1,1,Non-profit facility (PSPH/EBNL),1,1,1257,260,260,1,1,NA,NA,NA,NA,NA,NA,NA,NA
NA,830100012,1,1,1,43.1197,6.13,Hyères,Var,Provence-Alpes-Côte d’Azur,1,1,Regional/University hospital (CHR/U),1,1,692,228,228,1,1,NA,NA,NA,NA,NA,NA,NA,NA
NA,580780203,1,1,1,47.287,3.3534,Champlemy,Nièvre,Bourgogne-Franche-Comté,1,1,Private,1,1,449,192,192,1,1,NA,NA,NA,NA,NA,NA,NA,NA
NA,880780465,1,1,1,48.4035,6.9766,Senones,Vosges,Grand-Est,1,1,Non-profit facility (PSPH/EBNL),1,1,1094,97,97,1,1,NA,NA,NA,NA,NA,NA,NA,NA
NA,590060455,1,1,1,50.5427,3.0137,Seclin,Nord,Hauts-de-France,1,1,Private,1,1,6005,313,313,1,1,NA,NA,NA,NA,NA,NA,NA,NA
NA,750300014,1,1,1,48.8626,2.3364,Paris 1er Arrondissement,Paris,Île-de-France,1,1,Private,1,1,13962,275,275,1,1,NA,NA,NA,NA,NA,NA,NA,NA
NA,590810784,1,1,1,50.7325,3.1143,Roncq,Nord,Hauts-de-France,1,1,Private,1,1,1857,250,250,1,1,NA,NA,NA,NA,NA,NA,NA,NA
NA,640005336,1,1,1,43.4848,-0.7703,Orthez,Pyrénées-Atlantiques,Nouvelle-Aquitaine,1,1,Private,1,1,676,87,87,1,1,NA,NA,NA,NA,NA,NA,NA,NA
NA,040000044,1,1,1,43.848,6.5052,Castellane,Alpes-de-Haute-Provence,Provence-Alpes-Côte d’Azur,1,1,General public hospital (CH),1,1,189,136,136,1,1,NA,NA,NA,NA,NA,NA,NA,NA
NA,340789981,1,1,1,43.6391,3.8309,Montpellier,Hérault,Occitanie,1,1,Private,1,1,1688,250,250,1,1,NA,NA,NA,NA,NA,NA,NA,NA
NA,060780442,1,1,1,43.7222,7.2819,Nice,Alpes-Maritimes,Provence-Alpes-Côte d’Azur,1,1,Private,1,1,5494,237,237,1,1,NA,NA,NA,NA,NA,NA,NA,NA
NA,780000428,1,1,1,48.9872,1.9299,Les Mureaux,Yvelines,Île-de-France,1,1,General public hospital (CH),1,1,1485,244,244,1,1,NA,NA,NA,NA,NA,NA,NA,NA
NA,500000401,0,0,1,NA,NA,NA,50,Normandie,1,1,Private,1,1,305,51,51,1,0,NA,NA,NA,NA,NA,NA,NA,NA
NA,600000020,1,1,1,49.2342,2.8883,Crépy-en-Valois,Oise,Hauts-de-France,1,1,General public hospital (CH),1,1,388,206,206,1,1,NA,NA,NA,NA,NA,NA,NA,NA
NA,690000039,1,1,1,45.6343,4.4588,Saint-Symphorien-sur-Coise,Loire,Auvergne-Rhône-Alpes,1,1,General public hospital (CH),1,1,263,157,157,1,1,NA,NA,NA,NA,NA,NA,NA,NA
NA,520000050,1,1,1,48.4771,4.7749,La Porte du Der,Haute-Marne,Grand-Est,1,1,General public hospital (CH),1,1,448,234,234,1,1,NA,NA,NA,NA,NA,NA,NA,NA
NA,040782021,1,1,1,44.0755,6.2117000000000004,Digne-les-Bains,Alpes-de-Haute-Provence,Provence-Alpes-Côte d’Azur,1,1,Non-profit facility (PSPH/EBNL),1,1,446,219,219,1,1,NA,NA,NA,NA,NA,NA,NA,NA
NA,420000036,1,1,1,46.1598,4.1646,Charlieu,Loire,Auvergne-Rhône-Alpes,1,1,General public hospital (CH),1,1,363,202,202,1,1,NA,NA,NA,NA,NA,NA,NA,NA
NA,060021201,1,1,1,43.7026,7.253,Nice,Alpes-Maritimes,Provence-Alpes-Côte d’Azur,1,1,Private,1,1,912,242,242,1,1,NA,NA,NA,NA,NA,NA,NA,NA
NA,450012935,1,1,1,47.8576,1.9073,Olivet,Loiret,Centre-Val de Loire,1,1,Private,1,1,2024,148,148,1,1,NA,NA,NA,NA,NA,NA,NA,NA
NA,360000145,1,1,1,46.569,1.9851,La Châtre,Indre,Centre-Val de Loire,1,1,General public hospital (CH),1,1,643,262,262,1,1,NA,NA,NA,NA,NA,NA,NA,NA
NA,360002133,1,1,1,46.7982,1.6924,Châteauroux,Indre,Centre-Val de Loire,1,1,Private,1,1,4093,65,65,1,1,NA,NA,NA,NA,NA,NA,NA,NA
NA,820000065,1,1,1,44.0119,1.3629,Montauban,Tarn-et-Garonne,Occitanie,1,1,Private,1,1,12366,238,238,1,1,NA,NA,NA,NA,NA,NA,NA,NA
NA,680000221,1,1,1,47.9108,6.9748,Oderen,Haut-Rhin,Grand-Est,1,1,Non-profit facility (PSPH/EBNL),1,1,221,136,136,1,1,NA,NA,NA,NA,NA,NA,NA,NA
NA,500000203,0,0,0,NA,NA,NA,NA,NA,1,1,Private,1,1,3662,137,137,1,0,NA,NA,NA,NA,NA,NA,NA,NA
NA,720000413,1,1,1,47.9444,0.3593,Parigné-l'Évêque,Sarthe,Pays de la Loire,1,1,Non-profit facility (PSPH/EBNL),1,1,963,245,245,1,1,NA,NA,NA,NA,NA,NA,NA,NA
NA,060789674,1,1,1,43.5784,7.0358,Vallauris,Alpes-Maritimes,Provence-Alpes-Côte d’Azur,1,1,Non-profit facility (PSPH/EBNL),1,1,1566,247,247,1,1,NA,NA,NA,NA,NA,NA,NA,NA
NA,720003441,1,1,1,48.0134,0.1763,Le Mans,Sarthe,Pays de la Loire,1,1,Private,1,1,1001,206,206,1,1,NA,NA,NA,NA,NA,NA,NA,NA
NA,920811775,1,1,1,48.8685,2.2255,Suresnes,Hauts-de-Seine,Île-de-France,1,1,Private,1,1,1388,229,229,1,1,NA,NA,NA,NA,NA,NA,NA,NA
NA,680000783,1,1,1,48.0435,7.1314,Munster,Haut-Rhin,Grand-Est,1,1,General public hospital (CH),1,1,350,177,177,1,1,NA,NA,NA,NA,NA,NA,NA,NA
NA,340001064,1,1,1,43.6436,3.8326,Grabels,Hérault,Occitanie,1,1,Non-profit facility (PSPH/EBNL),1,1,1978,263,263,1,1,NA,NA,NA,NA,NA,NA,NA,NA
NA,350016135,1,1,1,48.1252,-1.2061,Vitré,Ille-et-Vilaine,Bretagne,1,1,General public hospital (CH),1,1,503,220,220,1,1,NA,NA,NA,NA,NA,NA,NA,NA
NA,510024359,1,1,1,49.2143,4.033,Cormontreuil,Marne,Grand-Est,1,1,Private,1,1,963,249,249,1,1,NA,NA,NA,NA,NA,NA,NA,NA
NA,750300592,1,1,1,48.8395,2.2961,Paris 15e Arrondissement,Paris,Île-de-France,1,1,Private,1,1,3912,146,146,1,1,NA,NA,NA,NA,NA,NA,NA,NA
NA,420780678,1,1,1,45.5272,4.6196,Rive-de-Gier,Loire,Auvergne-Rhône-Alpes,1,1,General public hospital (CH),1,1,924,246,246,1,1,NA,NA,NA,NA,NA,NA,NA,NA
NA,040784860,1,1,1,43.8275,5.8102,Manosque,Alpes-de-Haute-Provence,Provence-Alpes-Côte d’Azur,1,1,Private,1,1,3029,61,61,1,1,NA,NA,NA,NA,NA,NA,NA,NA
NA,560000473,1,1,1,47.8183,-2.133,Carentoir,Morbihan,Bretagne,1,1,General public hospital (CH),1,1,267,187,187,1,1,NA,NA,NA,NA,NA,NA,NA,NA
NA,910300151,1,1,1,48.6923,2.3705,Juvisy-sur-Orge,Essonne,Île-de-France,1,1,Private,1,1,619,218,218,1,1,NA,NA,NA,NA,NA,NA,NA,NA
NA,130784481,1,1,1,43.2764,5.3939,Marseille,Bouches-du-Rhône,Provence-Alpes-Côte d’Azur,1,1,Private,1,1,8816,267,267,1,1,NA,NA,NA,NA,NA,NA,NA,NA
NA,410005953,1,1,1,47.7946,1.0642,Vendôme,Loir-et-Cher,Centre-Val de Loire,1,1,Private,1,1,661,25,25,1,1,NA,NA,NA,NA,NA,NA,NA,NA
NA,370000184,1,1,1,47.2476,1.1118,Le Liège,Indre-et-Loire,Centre-Val de Loire,1,1,Non-profit facility (PSPH/EBNL),1,1,493,148,148,1,1,NA,NA,NA,NA,NA,NA,NA,NA
NA,130043854,1,1,1,43.3107,5.372,Marseille,Bouches-du-Rhône,Provence-Alpes-Côte d’Azur,1,1,Non-profit facility (PSPH/EBNL),1,1,1047,250,250,1,1,NA,NA,NA,NA,NA,NA,NA,NA
NA,440050466,1,1,1,47.196,-1.5372,Nantes,Loire-Atlantique,Pays de la Loire,1,1,Regional/University hospital (CHR/U),1,1,318,205,205,1,1,NA,NA,NA,NA,NA,NA,NA,NA
NA,680000338,1,1,1,47.7237,7.342,Mulhouse,Haut-Rhin,Grand-Est,1,1,Private,1,1,4617,187,187,1,1,NA,NA,NA,NA,NA,NA,NA,NA
NA,160009080,1,1,1,45.5779,0.0431,Roullet-Saint-Estèphe,Charente,Nouvelle-Aquitaine,1,1,Non-profit facility (PSPH/EBNL),1,1,1487,255,255,1,1,NA,NA,NA,NA,NA,NA,NA,NA
NA,830215687,1,1,1,43.5331,6.4524,Draguignan,Var,Provence-Alpes-Côte d’Azur,1,1,Private,1,1,3945,237,237,1,1,NA,NA,NA,NA,NA,NA,NA,NA
NA,770027688,1,1,1,48.9694,2.8856,Meaux,Seine-et-Marne,Île-de-France,1,1,Non-profit facility (PSPH/EBNL),1,1,324,182,182,1,1,NA,NA,NA,NA,NA,NA,NA,NA
NA,570000356,1,1,1,49.3603,6.1544,Thionville,Moselle,Grand-Est,1,1,Private,1,1,13853,304,304,1,1,NA,NA,NA,NA,NA,NA,NA,NA
NA,930031406,1,1,1,48.9407,2.3468,Saint-Denis,Seine-Saint-Denis,Île-de-France,1,1,Private,1,1,2395,85,85,1,1,NA,NA,NA,NA,NA,NA,NA,NA
NA,140025362,1,1,1,49.2741,-0.6965,Bayeux,Calvados,Normandie,1,1,General public hospital (CH),1,1,301,182,182,1,1,NA,NA,NA,NA,NA,NA,NA,NA
NA,290000850,1,1,1,48.4301,-4.477,Brest,Finistère,Bretagne,1,1,Private,1,1,1862,41,41,1,1,NA,NA,NA,NA,NA,NA,NA,NA
NA,770016087,1,1,1,48.3849,2.9541,Montereau-Fault-Yonne,Seine-et-Marne,Île-de-France,1,1,Private,1,1,3035,191,191,1,1,NA,NA,NA,NA,NA,NA,NA,NA
NA,450018460,1,1,1,47.9985,2.7714,Amilly,Loiret,Centre-Val de Loire,1,1,Private,1,1,3758,39,39,1,1,NA,NA,NA,NA,NA,NA,NA,NA
NA,770809028,1,1,1,48.4152,2.722,Avon,Seine-et-Marne,Île-de-France,1,1,Private,1,1,2116,26,26,1,1,NA,NA,NA,NA,NA,NA,NA,NA
NA,490537818,1,1,1,47.4457,-0.5393,Angers,Maine-et-Loire,Pays de la Loire,1,1,Private,1,1,4124,239,239,1,1,NA,NA,NA,NA,NA,NA,NA,NA
NA,550003362,1,1,1,49.1643,5.414,Verdun,Meuse,Grand-Est,1,1,General public hospital (CH),1,1,343,183,183,1,1,NA,NA,NA,NA,NA,NA,NA,NA
NA,620000067,1,1,1,50.3783,2.3236,Saint-Pol-sur-Ternoise,Pas-de-Calais,Hauts-de-France,1,1,General public hospital (CH),1,1,259,168,168,1,1,NA,NA,NA,NA,NA,NA,NA,NA
NA,640790150,1,1,1,43.3744,-1.7607,Hendaye,64,Nouvelle-Aquitaine,1,1,Regional/University hospital (CHR/U),1,1,1904,239,239,1,1,NA,NA,NA,NA,NA,NA,NA,NA
NA,660780800,1,1,1,42.4157,1.9752,Osséja,Pyrénées-Orientales,Occitanie,1,1,Private,1,1,538,176,176,1,1,NA,NA,NA,NA,NA,NA,NA,NA
NA,680022753,1,1,1,48.0908,7.3361,Colmar,Haut-Rhin,Grand-Est,1,1,Non-profit facility (PSPH/EBNL),1,1,1466,248,248,1,1,NA,NA,NA,NA,NA,NA,NA,NA
NA,930300546,1,1,1,48.9296,2.3554,Saint-Denis,Seine-Saint-Denis,Île-de-France,1,1,Private,1,1,1144,283,283,1,1,NA,NA,NA,NA,NA,NA,NA,NA
NA,600110175,1,1,1,49.4154,2.0984,Beauvais,Oise,Hauts-de-France,1,1,Private,1,1,12066,268,268,1,1,NA,NA,NA,NA,NA,NA,NA,NA
NA,840014088,1,1,1,43.924,4.8825,Avignon,Vaucluse,Provence-Alpes-Côte d’Azur,1,1,Private,1,1,1453,253,253,1,1,NA,NA,NA,NA,NA,NA,NA,NA
NA,170000137,1,1,1,45.8219,-1.1001,Marennes,Charente-Maritime,Nouvelle-Aquitaine,1,1,General public hospital (CH),1,1,206,165,165,1,1,NA,NA,NA,NA,NA,NA,NA,NA
NA,470000571,1,1,1,44.4974,0.9646,Fumel,Lot-et-Garonne,Nouvelle-Aquitaine,1,1,General public hospital (CH),1,1,582,227,227,1,1,NA,NA,NA,NA,NA,NA,NA,NA
NA,680020823,1,1,1,47.5763,7.5211,Hésingue,Haut-Rhin,Grand-Est,1,1,Private,1,1,4217,156,156,1,1,NA,NA,NA,NA,NA,NA,NA,NA
NA,690030770,1,1,1,46.0054,4.6978,Gleizé,Rhône,Auvergne-Rhône-Alpes,1,1,Private,1,1,2352,31,31,1,1,NA,NA,NA,NA,NA,NA,NA,NA
NA,490543675,1,1,1,47.4459,-0.5393,Angers,Maine-et-Loire,Pays de la Loire,1,1,Private,1,1,1457,241,241,1,1,NA,NA,NA,NA,NA,NA,NA,NA
NA,790000186,1,1,1,46.114,-0.328,Brieuil-sur-Chizé,Deux-Sèvres,Nouvelle-Aquitaine,1,1,Private,1,1,415,216,216,1,1,NA,NA,NA,NA,NA,NA,NA,NA
NA,500000476,1,1,1,48.8421,-1.2228,Villedieu-les-Poêles-Rouffigny,Manche,Normandie,1,1,General public hospital (CH),1,1,548,270,270,1,1,NA,NA,NA,NA,NA,NA,NA,NA
NA,130034093,1,1,1,43.3097,5.3731,Marseille,Bouches-du-Rhône,Provence-Alpes-Côte d’Azur,1,1,Private,1,1,1400,28,28,1,1,NA,NA,NA,NA,NA,NA,NA,NA
NA,330781626,1,1,1,44.6357,-1.0176,Le Teich,Gironde,Nouvelle-Aquitaine,1,1,Private,1,1,814,252,252,1,1,NA,NA,NA,NA,NA,NA,NA,NA
NA,390781193,1,1,1,46.7451,5.4553,Bletterans,Jura,Bourgogne-Franche-Comté,1,1,Non-profit facility (PSPH/EBNL),1,1,646,199,199,1,1,NA,NA,NA,NA,NA,NA,NA,NA
NA,060780665,1,1,1,43.5503,6.9878,Cannes,Alpes-Maritimes,Provence-Alpes-Côte d’Azur,1,1,Private,1,1,361,184,184,1,1,NA,NA,NA,NA,NA,NA,NA,NA
NA,410005011,1,1,1,47.3392,1.477,Chémery,Loir-et-Cher,Centre-Val de Loire,1,1,Private,1,1,1194,36,36,1,1,NA,NA,NA,NA,NA,NA,NA,NA
NA,920016698,1,1,1,48.8063,2.2839,Châtillon,Hauts-de-Seine,Île-de-France,1,1,Non-profit facility (PSPH/EBNL),1,1,887,229,229,1,1,NA,NA,NA,NA,NA,NA,NA,NA
NA,120000096,1,1,1,44.5259,2.763,Espalion,Aveyron,Occitanie,1,1,General public hospital (CH),1,1,527,219,219,1,1,NA,NA,NA,NA,NA,NA,NA,NA
NA,490000700,1,1,1,47.2921,-0.9834,Montrevault-sur-Èvre,Maine-et-Loire,Pays de la Loire,1,1,Non-profit facility (PSPH/EBNL),1,1,227,180,180,1,1,NA,NA,NA,NA,NA,NA,NA,NA
NA,490000601,1,1,1,47.193,-0.2723,Doué-en-Anjou,Maine-et-Loire,Pays de la Loire,1,1,Non-profit facility (PSPH/EBNL),1,1,346,197,197,1,1,NA,NA,NA,NA,NA,NA,NA,NA
NA,340780816,1,1,1,43.5606,4.0907,La Grande-Motte,Hérault,Occitanie,1,1,Private,1,1,500,239,239,1,1,NA,NA,NA,NA,NA,NA,NA,NA
NA,740788617,1,1,1,45.936,6.6417,Sallanches,Haute-Savoie,Auvergne-Rhône-Alpes,1,1,Private,1,1,1994,44,44,1,1,NA,NA,NA,NA,NA,NA,NA,NA
NA,620024208,1,1,1,50.698,2.2431,Helfaut,Pas-de-Calais,Hauts-de-France,1,1,Private,1,1,2053,252,252,1,1,NA,NA,NA,NA,NA,NA,NA,NA
NA,300000072,1,1,1,43.9923,3.6093,Le Vigan,Gard,Occitanie,1,1,General public hospital (CH),1,1,713,238,238,1,1,NA,NA,NA,NA,NA,NA,NA,NA
NA,590000097,1,1,1,50.5333,2.808,La Bassée,Pas-de-Calais,Hauts-de-France,1,1,General public hospital (CH),1,1,943,254,254,1,1,NA,NA,NA,NA,NA,NA,NA,NA
NA,260000260,1,1,1,45.0401,5.0574,Bourg-de-Péage,Drôme,Auvergne-Rhône-Alpes,1,1,Private,1,1,9811,271,271,1,1,NA,NA,NA,NA,NA,NA,NA,NA
NA,490000254,1,1,1,47.4406,-0.2235,Beaufort-en-Anjou,Maine-et-Loire,Pays de la Loire,1,1,General public hospital (CH),1,1,395,214,214,1,1,NA,NA,NA,NA,NA,NA,NA,NA
NA,070000039,1,1,1,44.4055,4.3953,Vallon-Pont-d'Arc,Ardèche,Auvergne-Rhône-Alpes,1,1,General public hospital (CH),1,1,318,170,170,1,1,NA,NA,NA,NA,NA,NA,NA,NA
NA,430007450,1,1,1,45.0651,4.3079,Le Chambon-sur-Lignon,Haute-Loire,Auvergne-Rhône-Alpes,1,1,Private,1,1,6292,253,253,1,1,NA,NA,NA,NA,NA,NA,NA,NA
NA,270000474,1,1,1,49.26,1.4202,Les Andelys,Eure,Normandie,1,1,General public hospital (CH),1,1,180,128,128,1,1,NA,NA,NA,NA,NA,NA,NA,NA
NA,950300095,1,1,1,48.9338,2.2042,Bezons,Val-d’Oise,Île-de-France,1,1,Private,1,1,21287,351,351,1,1,NA,NA,NA,NA,NA,NA,NA,NA
NA,300780111,1,1,1,44.2119,4.0208,Les Salles-du-Gardon,Gard,Occitanie,1,1,Non-profit facility (PSPH/EBNL),1,1,556,216,216,1,1,NA,NA,NA,NA,NA,NA,NA,NA
NA,420000192,1,1,1,45.4693,4.4128,La Talaudière,Loire,Auvergne-Rhône-Alpes,1,1,Non-profit facility (PSPH/EBNL),1,1,657,235,235,1,1,NA,NA,NA,NA,NA,NA,NA,NA
NA,070780226,1,1,1,44.4216,4.0917,Gravières,Ardèche,Auvergne-Rhône-Alpes,1,1,Non-profit facility (PSPH/EBNL),1,1,519,240,240,1,1,NA,NA,NA,NA,NA,NA,NA,NA
NA,120783188,1,1,1,44.3425,2.555,Olemps,Aveyron,Occitanie,1,1,General public hospital (CH),1,1,373,211,211,1,1,NA,NA,NA,NA,NA,NA,NA,NA
NA,330780040,1,1,1,44.8396,-0.6065,Bordeaux,Gironde,Nouvelle-Aquitaine,1,1,Private,1,1,24099,326,326,1,1,NA,NA,NA,NA,NA,NA,NA,NA
NA,950032714,1,1,1,49.034,2.3431,Domont,Val-d’Oise,Île-de-France,1,1,Private,1,1,11865,254,254,1,1,NA,NA,NA,NA,NA,NA,NA,NA
NA,790000145,1,1,1,46.9224,-0.7456,Mauléon,Deux-Sèvres,Nouvelle-Aquitaine,1,1,General public hospital (CH),1,1,438,223,223,1,1,NA,NA,NA,NA,NA,NA,NA,NA
NA,170780068,1,1,1,45.7288,-0.6501,Saintes,Charente-Maritime,Nouvelle-Aquitaine,1,1,Private,1,1,948,245,245,1,1,NA,NA,NA,NA,NA,NA,NA,NA
NA,680000833,1,1,1,48.1972,7.3163,Ribeauvillé,Haut-Rhin,Grand-Est,1,1,General public hospital (CH),1,1,404,217,217,1,1,NA,NA,NA,NA,NA,NA,NA,NA
NA,830100632,1,1,1,43.0884,6.1268,Hyères,83,Provence-Alpes-Côte d'Azur,1,1,Non-profit facility (PSPH/EBNL),1,1,1285,243,243,1,1,NA,NA,NA,NA,NA,NA,NA,NA
NA,130811102,1,1,1,43.4422,5.4715,Gardanne,Bouches-du-Rhône,Provence-Alpes-Côte d’Azur,1,1,Non-profit facility (PSPH/EBNL),1,1,1420,259,259,1,1,NA,NA,NA,NA,NA,NA,NA,NA
NA,130809809,1,1,1,43.2764,5.5312,Aubagne,Bouches-du-Rhône,Provence-Alpes-Côte d’Azur,1,1,Private,1,1,5812,276,276,1,1,NA,NA,NA,NA,NA,NA,NA,NA
NA,140000241,1,1,1,49.4069,0.2247,Honfleur,Calvados,Normandie,1,1,General public hospital (CH),1,1,507,202,202,1,1,NA,NA,NA,NA,NA,NA,NA,NA
NA,190011197,1,1,1,45.2658,1.7717,Tulle,Corrèze,Nouvelle-Aquitaine,1,1,General public hospital (CH),1,1,693,225,225,1,1,NA,NA,NA,NA,NA,NA,NA,NA
NA,690000088,1,1,1,45.7421,4.894,Lyon,Rhône,Auvergne-Rhône-Alpes,1,1,General public hospital (CH),1,1,187,139,139,1,1,NA,NA,NA,NA,NA,NA,NA,NA
NA,950100024,1,1,1,49.0801,1.6257,La Roche-Guyon,Val-d’Oise,Île-de-France,1,1,Regional/University hospital (CHR/U),1,1,311,182,182,1,1,NA,NA,NA,NA,NA,NA,NA,NA
NA,900003070,1,1,1,47.6178,6.8422,Bavilliers,Territoire de Belfort,Bourgogne-Franche-Comté,1,1,General public hospital (CH),1,1,795,223,223,1,1,NA,NA,NA,NA,NA,NA,NA,NA
NA,300008588,1,1,1,43.8148,4.355,Nîmes,Gard,Occitanie,1,1,Private,1,1,2715,293,293,1,1,NA,NA,NA,NA,NA,NA,NA,NA
NA,620106203,1,1,1,50.4823,2.5458,Bruay-la-Buissière,Pas-de-Calais,Hauts-de-France,1,1,Non-profit facility (PSPH/EBNL),1,1,234,162,162,1,1,NA,NA,NA,NA,NA,NA,NA,NA
NA,320000151,1,1,1,43.7282,0.8749,Mauvezin,Gers,Occitanie,1,1,General public hospital (CH),1,1,262,175,175,1,1,NA,NA,NA,NA,NA,NA,NA,NA
NA,770701225,1,1,1,48.9653,2.8732,Meaux,Seine-et-Marne,Île-de-France,1,1,Non-profit facility (PSPH/EBNL),1,1,631,130,130,1,1,NA,NA,NA,NA,NA,NA,NA,NA
NA,940000631,1,1,1,48.7877,2.3555,Villejuif,Val-de-Marne,Île-de-France,1,1,General public hospital (CH),1,1,1123,243,243,1,1,NA,NA,NA,NA,NA,NA,NA,NA
NA,170000079,1,1,1,45.9427,-1.305,Saint-Pierre-d'Oléron,Charente-Maritime,Nouvelle-Aquitaine,1,1,General public hospital (CH),1,1,186,133,133,1,1,NA,NA,NA,NA,NA,NA,NA,NA
NA,920001369,1,1,1,48.9061,2.3152,Clichy,Seine-Saint-Denis,Île-de-France,1,1,General public hospital (CH),1,1,469,215,215,1,1,NA,NA,NA,NA,NA,NA,NA,NA
NA,340796093,1,1,1,43.7098,3.8324,Saint-Clément-de-Rivière,Hérault,Occitanie,1,1,Private,1,1,1792,252,252,1,1,NA,NA,NA,NA,NA,NA,NA,NA
NA,440048718,1,1,1,47.2593,-1.5018,Nantes,Loire-Atlantique,Pays de la Loire,1,1,Private,1,1,5154,182,182,1,1,NA,NA,NA,NA,NA,NA,NA,NA
NA,160012209,1,1,1,45.6869,-0.1783,Jarnac,Charente,Nouvelle-Aquitaine,1,1,Private,1,1,298,185,185,1,1,NA,NA,NA,NA,NA,NA,NA,NA
NA,840018774,1,1,1,43.8451,5.0536,Cavaillon,Vaucluse,Provence-Alpes-Côte d’Azur,1,1,Private,1,1,1325,149,149,1,1,NA,NA,NA,NA,NA,NA,NA,NA
NA,690000591,1,1,1,46.1528,4.5893,Beaujeu,Rhône,Auvergne-Rhône-Alpes,1,1,General public hospital (CH),1,1,295,182,182,1,1,NA,NA,NA,NA,NA,NA,NA,NA
NA,240000208,1,1,1,44.8512,0.4899,Bergerac,Dordogne,Nouvelle-Aquitaine,1,1,Private,1,1,7582,267,267,1,1,NA,NA,NA,NA,NA,NA,NA,NA
NA,820000420,1,1,1,44.0736,1.5217,Nègrepelisse,Tarn-et-Garonne,Occitanie,1,1,General public hospital (CH),1,1,231,167,167,1,1,NA,NA,NA,NA,NA,NA,NA,NA
NA,510025091,1,1,1,49.2258,4.021,Reims,Marne,Grand-Est,1,1,General public hospital (CH),1,1,384,169,169,1,1,NA,NA,NA,NA,NA,NA,NA,NA
NA,590783189,1,1,1,50.4053,3.291,Marchiennes,Nord,Hauts-de-France,1,1,Private,1,1,432,220,220,1,1,NA,NA,NA,NA,NA,NA,NA,NA
NA,490004256,1,1,1,47.2021,-0.9818,Beaupréau-en-Mauges,Maine-et-Loire,Pays de la Loire,1,1,Non-profit facility (PSPH/EBNL),1,1,408,214,214,1,1,NA,NA,NA,NA,NA,NA,NA,NA
NA,590780342,1,1,1,50.6492,3.0857,Lille,Nord,Hauts-de-France,1,1,Private,1,1,9049,251,251,1,1,NA,NA,NA,NA,NA,NA,NA,NA
NA,350000063,1,1,1,47.8404,-1.6814,Bain-de-Bretagne,Ille-et-Vilaine,Bretagne,1,1,Non-profit facility (PSPH/EBNL),1,1,1167,248,248,1,1,NA,NA,NA,NA,NA,NA,NA,NA
NA,490000643,1,1,1,47.4878,-0.5577,Angers,Maine-et-Loire,Pays de la Loire,1,1,Non-profit facility (PSPH/EBNL),1,1,737,229,229,1,1,NA,NA,NA,NA,NA,NA,NA,NA
NA,290034610,1,1,1,47.8736,-3.5283,Quimperlé,Finistère,Bretagne,1,1,General public hospital (CH),1,1,365,222,222,1,1,NA,NA,NA,NA,NA,NA,NA,NA
NA,2A0022554,1,1,1,41.9415,8.9226,Ocana,Corse-du-Sud,Corse,1,1,Private,1,1,950,240,240,1,1,NA,NA,NA,NA,NA,NA,NA,NA
NA,010780294,1,1,1,45.7483,5.6799,Belley,Ain,Auvergne-Rhône-Alpes,1,1,Private,1,1,1259,194,194,1,1,NA,NA,NA,NA,NA,NA,NA,NA
NA,180000333,1,1,1,47.3339,2.8393,Sancerre,Cher,Centre-Val de Loire,1,1,General public hospital (CH),1,1,255,172,172,1,1,NA,NA,NA,NA,NA,NA,NA,NA
NA,620116046,1,1,1,50.3736,2.0302,Marconne,Pas-de-Calais,Hauts-de-France,1,1,General public hospital (CH),1,1,3268,199,199,1,1,NA,NA,NA,NA,NA,NA,NA,NA
NA,930021431,1,1,1,48.8682,2.4341,Montreuil,Seine-Saint-Denis,Île-de-France,1,1,Non-profit facility (PSPH/EBNL),1,1,843,231,231,1,1,NA,NA,NA,NA,NA,NA,NA,NA
NA,440001261,1,1,1,47.2912,-2.5136,Le Croisic,44,Pays de la Loire,1,1,General public hospital (CH),1,1,387,239,239,1,1,NA,NA,NA,NA,NA,NA,NA,NA
NA,010000081,1,1,1,46.3224,6.058,Gex,Ain,Auvergne-Rhône-Alpes,1,1,General public hospital (CH),1,1,149,125,125,1,1,NA,NA,NA,NA,NA,NA,NA,NA
NA,370000341,1,1,1,47.376,0.8349,Montlouis-sur-Loire,Indre-et-Loire,Centre-Val de Loire,1,1,Non-profit facility (PSPH/EBNL),1,1,321,105,105,1,1,NA,NA,NA,NA,NA,NA,NA,NA
NA,850000647,1,1,1,46.6458,-0.741,La Châtaigneraie,Vendée,Pays de la Loire,1,1,General public hospital (CH),1,1,900,263,263,1,1,NA,NA,NA,NA,NA,NA,NA,NA
NA,690787429,1,1,1,45.7867,4.8381,Caluire-et-Cuire,Rhône,Auvergne-Rhône-Alpes,1,1,Regional/University hospital (CHR/U),1,1,945,235,235,1,1,NA,NA,NA,NA,NA,NA,NA,NA
NA,790003537,1,1,1,46.9739,-0.1833,Thouars,Deux-Sèvres,Nouvelle-Aquitaine,1,1,General public hospital (CH),1,1,552,115,115,1,1,NA,NA,NA,NA,NA,NA,NA,NA
NA,440036176,1,1,1,47.2327,-1.6422,Saint-Herblain,Loire-Atlantique,Pays de la Loire,1,1,Private,1,1,676,112,112,1,1,NA,NA,NA,NA,NA,NA,NA,NA
NA,250000023,1,1,1,47.2353,6.021,Besançon,Doubs,Bourgogne-Franche-Comté,1,1,Regional/University hospital (CHR/U),1,1,3320,275,275,1,1,NA,NA,NA,NA,NA,NA,NA,NA
NA,580972610,1,1,1,47.291,3.8155,Lormes,Nièvre,Bourgogne-Franche-Comté,1,1,General public hospital (CH),1,1,256,162,162,1,1,NA,NA,NA,NA,NA,NA,NA,NA
NA,620117606,1,1,1,50.5152,2.4825,Auchel,Pas-de-Calais,Hauts-de-France,1,1,Non-profit facility (PSPH/EBNL),1,1,234,180,180,1,1,NA,NA,NA,NA,NA,NA,NA,NA
NA,950000695,1,1,1,49.1033,2.3339,Saint-Martin-du-Tertre,Val-d’Oise,Île-de-France,1,1,General public hospital (CH),1,1,288,156,156,1,1,NA,NA,NA,NA,NA,NA,NA,NA
NA,180003386,1,1,1,46.7382,2.5071,Saint-Amand-Montrond,Cher,Centre-Val de Loire,1,1,General public hospital (CH),1,1,216,127,127,1,1,NA,NA,NA,NA,NA,NA,NA,NA
NA,030000012,1,1,1,46.2856,2.6624,Néris-les-Bains,Allier,Auvergne-Rhône-Alpes,1,1,General public hospital (CH),1,1,890,196,196,1,1,NA,NA,NA,NA,NA,NA,NA,NA
NA,840000285,1,1,1,43.9456,4.8418,Avignon,Vaucluse,Provence-Alpes-Côte d’Azur,1,1,Private,1,1,9644,351,351,1,1,NA,NA,NA,NA,NA,NA,NA,NA
NA,220020101,1,1,1,48.7244,-3.4626,Lannion,Côtes-d’Armor,Bretagne,1,1,General public hospital (CH),1,1,1169,159,159,1,1,NA,NA,NA,NA,NA,NA,NA,NA
NA,830100756,1,1,1,43.1681,5.9205,Le Revest-les-Eaux,Var,Provence-Alpes-Côte d’Azur,1,1,Private,1,1,543,215,215,1,1,NA,NA,NA,NA,NA,NA,NA,NA
NA,690780226,1,1,1,45.7596,4.8456,Lyon,Rhône,Auvergne-Rhône-Alpes,1,1,Private,1,1,3784,222,222,1,1,NA,NA,NA,NA,NA,NA,NA,NA
NA,790000111,1,1,1,46.4112,-0.2202,Saint-Maixent-l'École,Deux-Sèvres,Nouvelle-Aquitaine,1,1,General public hospital (CH),1,1,610,255,255,1,1,NA,NA,NA,NA,NA,NA,NA,NA
NA,480000041,1,1,1,44.3225,3.5992,Florac Trois Rivières,Lozère,Occitanie,1,1,General public hospital (CH),1,1,464,219,219,1,1,NA,NA,NA,NA,NA,NA,NA,NA
NA,730780988,1,1,1,45.701,5.8911,Aix-les-Bains,Savoie,Auvergne-Rhône-Alpes,1,1,Private,1,1,1603,253,253,1,1,NA,NA,NA,NA,NA,NA,NA,NA
NA,590034732,1,1,1,50.3726,3.5522,Saint-Saulve,Nord,Hauts-de-France,1,1,Private,1,1,1458,243,243,1,1,NA,NA,NA,NA,NA,NA,NA,NA
NA,590780060,1,1,1,50.3592,3.277,Somain,Nord,Hauts-de-France,1,1,Private,1,1,10070,245,245,1,1,NA,NA,NA,NA,NA,NA,NA,NA
NA,690001524,1,1,1,45.5795,4.6416,Chabanière,Rhône,Auvergne-Rhône-Alpes,1,1,Non-profit facility (PSPH/EBNL),1,1,1844,215,215,1,1,NA,NA,NA,NA,NA,NA,NA,NA
NA,830202743,1,1,1,43.1241,6.0102,La Garde,Var,Provence-Alpes-Côte d’Azur,1,1,General public hospital (CH),1,1,448,208,208,1,1,NA,NA,NA,NA,NA,NA,NA,NA
NA,480000793,1,1,1,44.5784,3.2686,Antrenas,Lozère,Occitanie,1,1,Non-profit facility (PSPH/EBNL),1,1,362,173,173,1,1,NA,NA,NA,NA,NA,NA,NA,NA
NA,730000288,1,1,1,45.2026,6.6647,Modane,Savoie,Auvergne-Rhône-Alpes,1,1,General public hospital (CH),1,1,206,161,161,1,1,NA,NA,NA,NA,NA,NA,NA,NA
NA,870000601,1,1,1,45.8412,1.4853,Saint-Léonard-de-Noblat,Haute-Vienne,Nouvelle-Aquitaine,1,1,General public hospital (CH),1,1,502,231,231,1,1,NA,NA,NA,NA,NA,NA,NA,NA
NA,060780756,1,1,1,43.6894,7.2412,Nice,Alpes-Maritimes,Provence-Alpes-Côte d’Azur,1,1,Private,1,1,13467,366,366,1,1,NA,NA,NA,NA,NA,NA,NA,NA
NA,510024466,1,1,1,49.3061,3.679,Fismes,Aisne,Hauts-de-France,1,1,General public hospital (CH),1,1,208,165,165,1,1,NA,NA,NA,NA,NA,NA,NA,NA
NA,400000147,1,1,1,43.7571,-0.5717,Saint-Sever,Landes,Nouvelle-Aquitaine,1,1,General public hospital (CH),1,1,1130,260,260,1,1,NA,NA,NA,NA,NA,NA,NA,NA
NA,250000734,1,1,1,46.7117,6.1918,Mouthe,Doubs,Bourgogne-Franche-Comté,1,1,General public hospital (CH),1,1,280,192,192,1,1,NA,NA,NA,NA,NA,NA,NA,NA
NA,340000181,1,1,1,43.4912,2.7526,Saint-Pons-de-Thomières,Hérault,Occitanie,1,1,General public hospital (CH),1,1,158,108,108,1,1,NA,NA,NA,NA,NA,NA,NA,NA
NA,170000111,1,1,1,46.2014,-1.3663,Saint-Martin-de-Ré,17,Nouvelle-Aquitaine,1,1,General public hospital (CH),1,1,286,176,176,1,1,NA,NA,NA,NA,NA,NA,NA,NA
NA,490000650,1,1,1,47.2084,-0.7249,Chemillé-en-Anjou,Maine-et-Loire,Pays de la Loire,1,1,General public hospital (CH),1,1,348,192,192,1,1,NA,NA,NA,NA,NA,NA,NA,NA
NA,950016139,1,1,1,49.1468,1.9751,Marines,Val-d’Oise,Île-de-France,1,1,General public hospital (CH),1,1,185,149,149,1,1,NA,NA,NA,NA,NA,NA,NA,NA
NA,920007549,1,1,1,48.8537,2.2002,Saint-Cloud,Hauts-de-Seine,Île-de-France,1,1,Private,1,1,315,162,162,1,1,NA,NA,NA,NA,NA,NA,NA,NA
NA,910813963,1,1,1,48.7676,2.2164,Bièvres,Essonne,Île-de-France,1,1,Private,1,1,1647,279,279,1,1,NA,NA,NA,NA,NA,NA,NA,NA
NA,690052212,1,1,1,45.8915,4.4405,Tarare,Rhône,Auvergne-Rhône-Alpes,1,1,General public hospital (CH),1,1,275,183,183,1,1,NA,NA,NA,NA,NA,NA,NA,NA
NA,570000364,1,1,1,49.3567,6.1559,Thionville,Moselle,Grand-Est,1,1,Private,1,1,8904,235,235,1,1,NA,NA,NA,NA,NA,NA,NA,NA
NA,810000539,1,1,1,43.7621,1.986,Graulhet,Tarn,Occitanie,1,1,General public hospital (CH),1,1,380,210,210,1,1,NA,NA,NA,NA,NA,NA,NA,NA
NA,310000336,1,1,1,43.4554,2.0046,Revel,Tarn,Occitanie,1,1,General public hospital (CH),1,1,437,226,226,1,1,NA,NA,NA,NA,NA,NA,NA,NA
NA,050000488,1,1,1,44.9086,6.6318,Briançon,Hautes-Alpes,Provence-Alpes-Côte d’Azur,1,1,Private,1,1,554,237,237,1,1,NA,NA,NA,NA,NA,NA,NA,NA
NA,590049565,1,1,1,50.6526,2.9732,Lille,Nord,Hauts-de-France,1,1,Non-profit facility (PSPH/EBNL),1,1,572,240,240,1,1,NA,NA,NA,NA,NA,NA,NA,NA
NA,450000336,1,1,1,47.6481,2.729,Briare,Loiret,Centre-Val de Loire,1,1,Non-profit facility (PSPH/EBNL),1,1,471,244,244,1,1,NA,NA,NA,NA,NA,NA,NA,NA
NA,620000232,1,1,1,50.4965,2.9593,Carvin,Pas-de-Calais,Hauts-de-France,1,1,General public hospital (CH),1,1,235,181,181,1,1,NA,NA,NA,NA,NA,NA,NA,NA
NA,490000353,1,1,1,47.3704,-0.1037,Longué-Jumelles,Maine-et-Loire,Pays de la Loire,1,1,General public hospital (CH),1,1,292,193,193,1,1,NA,NA,NA,NA,NA,NA,NA,NA
NA,220014708,1,1,1,48.5093,-2.752,Saint-Brieuc,Côtes-d’Armor,Bretagne,1,1,Non-profit facility (PSPH/EBNL),1,1,221,110,110,1,1,NA,NA,NA,NA,NA,NA,NA,NA
NA,950000703,1,1,1,49.026,2.2375,Taverny,Val-d’Oise,Île-de-France,1,1,General public hospital (CH),1,1,1335,279,279,1,1,NA,NA,NA,NA,NA,NA,NA,NA
NA,610780389,1,1,1,48.7469,-0.541,Flers,Orne,Normandie,1,1,Non-profit facility (PSPH/EBNL),1,1,845,227,227,1,1,NA,NA,NA,NA,NA,NA,NA,NA
NA,070000062,1,1,1,44.3758,4.6468,Bourg-Saint-Andéol,Ardèche,Auvergne-Rhône-Alpes,1,1,General public hospital (CH),1,1,471,225,225,1,1,NA,NA,NA,NA,NA,NA,NA,NA
NA,590000451,1,1,1,50.2569,3.91,Hautmont,Nord,Hauts-de-France,1,1,General public hospital (CH),1,1,433,207,207,1,1,NA,NA,NA,NA,NA,NA,NA,NA
NA,280000043,1,1,1,48.4409,1.4825,Chartres,Eure-et-Loir,Centre-Val de Loire,1,1,General public hospital (CH),1,1,708,251,251,1,1,NA,NA,NA,NA,NA,NA,NA,NA
NA,130784952,1,1,1,43.2509,5.4135,Marseille,Bouches-du-Rhône,Provence-Alpes-Côte d’Azur,1,1,Non-profit facility (PSPH/EBNL),1,1,511,230,230,1,1,NA,NA,NA,NA,NA,NA,NA,NA
NA,120007554,1,1,1,44.1027,3.0753,Millau,Aveyron,Occitanie,1,1,General public hospital (CH),1,1,344,216,216,1,1,NA,NA,NA,NA,NA,NA,NA,NA
NA,920004058,1,1,1,48.797,2.2634,Clamart,Hauts-de-Seine,Île-de-France,1,1,Private,1,1,737,234,234,1,1,NA,NA,NA,NA,NA,NA,NA,NA
NA,480783034,1,1,1,44.5719,3.33,Montrodat,Lozère,Occitanie,1,1,Non-profit facility (PSPH/EBNL),1,1,608,241,241,1,1,NA,NA,NA,NA,NA,NA,NA,NA
NA,570001016,1,1,1,49.0698,6.2535,Jury,Moselle,Grand-Est,1,1,General public hospital (CH),1,1,718,220,220,1,1,NA,NA,NA,NA,NA,NA,NA,NA
NA,760780783,1,1,1,49.5191,0.544,Lillebonne,Seine-Maritime,Normandie,1,1,Private,1,1,3338,313,313,1,1,NA,NA,NA,NA,NA,NA,NA,NA
NA,590782611,1,1,1,50.6267,3.1439,Villeneuve-d'Ascq,Nord,Hauts-de-France,1,1,Non-profit facility (PSPH/EBNL),1,1,3995,304,304,1,1,NA,NA,NA,NA,NA,NA,NA,NA
NA,860793405,1,1,1,46.2236,0.4921,Payroux,Vienne,Nouvelle-Aquitaine,1,1,Non-profit facility (PSPH/EBNL),1,1,376,189,189,1,1,NA,NA,NA,NA,NA,NA,NA,NA
NA,150780120,1,1,1,45.2821,2.6683,Riom-ès-Montagnes,Cantal,Auvergne-Rhône-Alpes,1,1,Private,1,1,763,243,243,1,1,NA,NA,NA,NA,NA,NA,NA,NA
NA,320780323,1,1,1,43.6348,0.6934,Montégut,Gers,Occitanie,1,1,Non-profit facility (PSPH/EBNL),1,1,1092,267,267,1,1,NA,NA,NA,NA,NA,NA,NA,NA
NA,220012884,1,1,1,48.8116,-3.3579,Trévou-Tréguignec,Côtes-d’Armor,Bretagne,1,1,General public hospital (CH),1,1,1836,251,251,1,1,NA,NA,NA,NA,NA,NA,NA,NA
NA,610000085,1,1,1,48.3744,0.5679,Bellême,Orne,Normandie,1,1,General public hospital (CH),1,1,204,168,168,1,1,NA,NA,NA,NA,NA,NA,NA,NA
NA,680000130,1,1,1,47.7323,7.3015,Mulhouse,Haut-Rhin,Grand-Est,1,1,Non-profit facility (PSPH/EBNL),1,1,1793,245,245,1,1,NA,NA,NA,NA,NA,NA,NA,NA
NA,110005246,1,1,1,43.1584,2.9682,Narbonne,Aude,Occitanie,1,1,General public hospital (CH),1,1,283,191,191,1,1,NA,NA,NA,NA,NA,NA,NA,NA
NA,060001625,1,1,1,44.013,7.3027,Roquebillière,Alpes-Maritimes,Provence-Alpes-Côte d’Azur,1,1,General public hospital (CH),1,1,305,187,187,1,1,NA,NA,NA,NA,NA,NA,NA,NA
NA,150780708,1,1,1,44.9779,2.6358,Vic-sur-Cère,Cantal,Auvergne-Rhône-Alpes,1,1,Non-profit facility (PSPH/EBNL),1,1,420,228,228,1,1,NA,NA,NA,NA,NA,NA,NA,NA
NA,070783824,1,1,1,44.7352,4.5991,Privas,Ardèche,Auvergne-Rhône-Alpes,1,1,General public hospital (CH),1,1,358,242,242,1,1,NA,NA,NA,NA,NA,NA,NA,NA
NA,300002508,1,1,1,43.962,4.7526,Les Angles,Gard,Occitanie,1,1,Private,1,1,4740,230,230,1,1,NA,NA,NA,NA,NA,NA,NA,NA
NA,490000296,1,1,1,47.5603,-1.0331,Candé,Maine-et-Loire,Pays de la Loire,1,1,General public hospital (CH),1,1,164,130,130,1,1,NA,NA,NA,NA,NA,NA,NA,NA
NA,660005216,1,1,1,42.7234,2.8896,Perpignan,Pyrénées-Orientales,Occitanie,1,1,Private,1,1,2327,303,303,1,1,NA,NA,NA,NA,NA,NA,NA,NA
NA,270000896,1,1,1,48.9062,1.2732,Saint-André-de-l'Eure,Eure,Normandie,1,1,Non-profit facility (PSPH/EBNL),1,1,551,173,173,1,1,NA,NA,NA,NA,NA,NA,NA,NA
NA,150000024,1,1,1,45.3404,2.7519,Condat,Cantal,Auvergne-Rhône-Alpes,1,1,General public hospital (CH),1,1,199,130,130,1,1,NA,NA,NA,NA,NA,NA,NA,NA
NA,840000202,1,1,1,44.0556,5.0488,Carpentras,Vaucluse,Provence-Alpes-Côte d’Azur,1,1,Non-profit facility (PSPH/EBNL),1,1,449,199,199,1,1,NA,NA,NA,NA,NA,NA,NA,NA
NA,020000246,1,1,1,49.8324,3.9028,Vervins,Aisne,Hauts-de-France,1,1,General public hospital (CH),1,1,714,294,294,1,1,NA,NA,NA,NA,NA,NA,NA,NA
NA,250000635,1,1,1,47.352,6.3574,Baume-les-Dames,Doubs,Bourgogne-Franche-Comté,1,1,General public hospital (CH),1,1,422,204,204,1,1,NA,NA,NA,NA,NA,NA,NA,NA
NA,830213625,1,1,1,43.1226,5.9545,Toulon,Var,Provence-Alpes-Côte d’Azur,1,1,Private,1,1,484,85,85,1,1,NA,NA,NA,NA,NA,NA,NA,NA
NA,450000260,1,1,1,47.7653,2.3799,Sully-sur-Loire,Loiret,Centre-Val de Loire,1,1,General public hospital (CH),1,1,338,172,172,1,1,NA,NA,NA,NA,NA,NA,NA,NA
NA,460780042,1,1,1,44.4571,1.4367,Cahors,Lot,Occitanie,1,1,Private,1,1,513,225,225,1,1,NA,NA,NA,NA,NA,NA,NA,NA
NA,160017240,1,1,1,45.6349,0.1123,Saint-Michel,Charente,Nouvelle-Aquitaine,1,1,General public hospital (CH),1,1,332,92,92,1,1,NA,NA,NA,NA,NA,NA,NA,NA
NA,250016003,1,1,1,47.2158,5.9391,Franois,Doubs,Bourgogne-Franche-Comté,1,1,Private,1,1,694,196,196,1,1,NA,NA,NA,NA,NA,NA,NA,NA
NA,820000412,1,1,1,44.0672,1.5258,Nègrepelisse,Tarn-et-Garonne,Occitanie,1,1,Private,1,1,751,143,143,1,1,NA,NA,NA,NA,NA,NA,NA,NA
NA,210780144,1,1,1,47.304,4.9978,Dijon,Côte-d’Or,Bourgogne-Franche-Comté,1,1,Private,1,1,1310,251,251,1,1,NA,NA,NA,NA,NA,NA,NA,NA
NA,600013999,1,1,1,49.258,2.4977,Creil,Oise,Hauts-de-France,1,1,Private,1,1,4362,178,178,1,1,NA,NA,NA,NA,NA,NA,NA,NA
NA,310794417,1,1,1,43.4653,1.3393,Muret,Haute-Garonne,Occitanie,1,1,Private,1,1,4031,297,297,1,1,NA,NA,NA,NA,NA,NA,NA,NA
NA,020000105,1,1,1,50.0124,3.7788,Le Nouvion-en-Thiérache,Aisne,Hauts-de-France,1,1,General public hospital (CH),1,1,632,255,255,1,1,NA,NA,NA,NA,NA,NA,NA,NA
NA,920300712,0,0,1,NA,NA,NA,92,Île-de-France,1,1,Private,1,1,8923,257,257,1,0,NA,NA,NA,NA,NA,NA,NA,NA
NA,720000819,1,1,1,48.184,0.4236,Bonnétable,Sarthe,Pays de la Loire,1,1,General public hospital (CH),1,1,230,143,143,1,1,NA,NA,NA,NA,NA,NA,NA,NA
NA,240000414,1,1,1,44.8034,1.215,Domme,Dordogne,Nouvelle-Aquitaine,1,1,General public hospital (CH),1,1,454,211,211,1,1,NA,NA,NA,NA,NA,NA,NA,NA
NA,540013737,1,1,1,48.5687,6.1885,Flavigny-sur-Moselle,Meurthe-et-Moselle,Grand-Est,1,1,Non-profit facility (PSPH/EBNL),1,1,2436,271,271,1,1,NA,NA,NA,NA,NA,NA,NA,NA
NA,340780196,1,1,1,43.3656,3.2449,Boujan-sur-Libron,Hérault,Occitanie,1,1,Private,1,1,1519,248,248,1,1,NA,NA,NA,NA,NA,NA,NA,NA
NA,310784558,1,1,1,42.785,0.5956,Bagnères-de-Luchon,Haute-Garonne,Occitanie,1,1,General public hospital (CH),1,1,598,209,209,1,1,NA,NA,NA,NA,NA,NA,NA,NA
NA,680000247,1,1,1,47.7604,7.282,Lutterbach,Haut-Rhin,Grand-Est,1,1,Non-profit facility (PSPH/EBNL),1,1,2155,250,250,1,1,NA,NA,NA,NA,NA,NA,NA,NA
NA,150002608,1,1,1,45.2815,2.6604,Riom-ès-Montagnes,Cantal,Auvergne-Rhône-Alpes,1,1,Private,1,1,720,228,228,1,1,NA,NA,NA,NA,NA,NA,NA,NA
NA,800004152,1,1,1,49.9368,2.9204,Péronne,Somme,Hauts-de-France,1,1,General public hospital (CH),1,1,239,175,175,1,1,NA,NA,NA,NA,NA,NA,NA,NA
NA,540000973,1,1,1,48.5687,6.1885,Flavigny-sur-Moselle,Meurthe-et-Moselle,Grand-Est,1,1,Non-profit facility (PSPH/EBNL),1,1,1328,210,210,1,1,NA,NA,NA,NA,NA,NA,NA,NA
NA,670797539,1,1,1,48.5869,7.7449,Strasbourg,Bas-Rhin,Grand-Est,1,1,Non-profit facility (PSPH/EBNL),1,1,3271,262,262,1,1,NA,NA,NA,NA,NA,NA,NA,NA
NA,460006083,1,1,1,44.9159,1.8403,Bretenoux,Lot,Occitanie,1,1,Non-profit facility (PSPH/EBNL),1,1,155,138,138,1,1,NA,NA,NA,NA,NA,NA,NA,NA
NA,760000059,1,1,1,49.7299,1.4507,Neufchâtel-en-Bray,Seine-Maritime,Normandie,1,1,General public hospital (CH),1,1,299,200,200,1,1,NA,NA,NA,NA,NA,NA,NA,NA
NA,120000153,1,1,1,44.2017,3.0583,Verrières,Aveyron,Occitanie,1,1,General public hospital (CH),1,1,247,174,174,1,1,NA,NA,NA,NA,NA,NA,NA,NA
NA,560003980,1,1,1,47.7366,-3.4007,Ploemeur,Morbihan,Bretagne,1,1,General public hospital (CH),1,1,284,185,185,1,1,NA,NA,NA,NA,NA,NA,NA,NA
NA,420011728,1,1,1,45.4127,4.3917,Saint-Étienne,Loire,Auvergne-Rhône-Alpes,1,1,Non-profit facility (PSPH/EBNL),1,1,702,218,218,1,1,NA,NA,NA,NA,NA,NA,NA,NA
NA,450021431,1,1,1,47.6911,2.6339,Gien,Loiret,Centre-Val de Loire,1,1,General public hospital (CH),1,1,417,242,242,1,1,NA,NA,NA,NA,NA,NA,NA,NA
NA,350040499,1,1,1,48.6822,-1.8673,Cancale,35,Bretagne,1,1,General public hospital (CH),1,1,328,212,212,1,1,NA,NA,NA,NA,NA,NA,NA,NA
NA,520780180,1,1,1,48.6569,4.967,Bettancourt-la-Ferrée,Haute-Marne,Grand-Est,1,1,Private,1,1,5264,270,270,1,1,NA,NA,NA,NA,NA,NA,NA,NA
NA,130046097,1,1,1,43.2684,5.3952,Marseille,Bouches-du-Rhône,Provence-Alpes-Côte d’Azur,1,1,Private,1,1,380,175,175,1,1,NA,NA,NA,NA,NA,NA,NA,NA
NA,440000677,1,1,1,47.5621,-1.6252,Nozay,Loire-Atlantique,Pays de la Loire,1,1,General public hospital (CH),1,1,337,209,209,1,1,NA,NA,NA,NA,NA,NA,NA,NA
NA,940813017,1,1,1,48.7918,2.3632,Villejuif,Val-de-Marne,Île-de-France,1,1,Private,1,1,3088,310,310,1,1,NA,NA,NA,NA,NA,NA,NA,NA
NA,170000061,1,1,1,46.1192,-0.8598,Chambon,Charente-Maritime,Nouvelle-Aquitaine,1,1,General public hospital (CH),1,1,357,190,190,1,1,NA,NA,NA,NA,NA,NA,NA,NA
NA,750049561,1,1,1,48.8964,2.3233,Paris 17e Arrondissement,Paris,Île-de-France,1,1,Private,1,1,559,186,186,1,1,NA,NA,NA,NA,NA,NA,NA,NA
NA,740000278,1,1,1,46.0627,6.323,La Roche-sur-Foron,Haute-Savoie,Auvergne-Rhône-Alpes,1,1,General public hospital (CH),1,1,263,173,173,1,1,NA,NA,NA,NA,NA,NA,NA,NA
NA,290003953,1,1,1,48.0906,-4.3373,Douarnenez,Finistère,Bretagne,1,1,Private,1,1,2642,255,255,1,1,NA,NA,NA,NA,NA,NA,NA,NA
NA,830213617,1,1,1,43.4043,6.0657,Brignoles,Var,Provence-Alpes-Côte d’Azur,1,1,Private,1,1,983,120,120,1,1,NA,NA,NA,NA,NA,NA,NA,NA
NA,300008638,1,1,1,44.1555,4.6098,Bagnols-sur-Cèze,Gard,Occitanie,1,1,Private,1,1,686,158,158,1,1,NA,NA,NA,NA,NA,NA,NA,NA
NA,420009599,1,1,1,45.469,4.5193,Saint-Chamond,Loire,Auvergne-Rhône-Alpes,1,1,General public hospital (CH),1,1,451,227,227,1,1,NA,NA,NA,NA,NA,NA,NA,NA
NA,480000835,1,1,1,44.4314,3.2141,La Canourgue,Lozère,Occitanie,1,1,General public hospital (CH),1,1,235,57,57,1,1,NA,NA,NA,NA,NA,NA,NA,NA
NA,170784110,1,1,1,46.1742,-1.1288,La Rochelle,Charente-Maritime,Nouvelle-Aquitaine,1,1,General public hospital (CH),1,1,854,232,232,1,1,NA,NA,NA,NA,NA,NA,NA,NA
NA,670000348,1,1,1,48.5426,7.4895,Molsheim,Bas-Rhin,Grand-Est,1,1,General public hospital (CH),1,1,370,169,169,1,1,NA,NA,NA,NA,NA,NA,NA,NA
NA,100011477,1,1,1,48.2843,4.0731,Troyes,Aube,Grand-Est,1,1,Private,1,1,955,225,225,1,1,NA,NA,NA,NA,NA,NA,NA,NA
NA,800000440,1,1,1,49.6954,2.7953,Roye,Somme,Hauts-de-France,1,1,General public hospital (CH),1,1,378,141,141,1,1,NA,NA,NA,NA,NA,NA,NA,NA
NA,570012633,1,1,1,49.1127,6.1123,Scy-Chazelles,Moselle,Grand-Est,1,1,Non-profit facility (PSPH/EBNL),1,1,1092,244,244,1,1,NA,NA,NA,NA,NA,NA,NA,NA
NA,640780755,1,1,1,43.3921,-1.6541,Saint-Jean-de-Luz,Pyrénées-Atlantiques,Nouvelle-Aquitaine,1,1,General public hospital (CH),1,1,860,288,288,1,1,NA,NA,NA,NA,NA,NA,NA,NA
NA,440050441,1,1,1,47.2672,-2.2524,Saint-Nazaire,Loire-Atlantique,Pays de la Loire,1,1,Private,1,1,717,84,84,1,1,NA,NA,NA,NA,NA,NA,NA,NA
NA,310781422,1,1,1,43.5498,1.471,Ramonville-Saint-Agne,Haute-Garonne,Occitanie,1,1,Non-profit facility (PSPH/EBNL),1,1,1028,224,224,1,1,NA,NA,NA,NA,NA,NA,NA,NA
NA,850002403,1,1,1,46.7932,-2.0325,Saint-Jean-de-Monts,Vendée,Pays de la Loire,1,1,Non-profit facility (PSPH/EBNL),1,1,1241,246,246,1,1,NA,NA,NA,NA,NA,NA,NA,NA
NA,940000078,1,1,1,48.7962,2.448,Créteil,Val-de-Marne,Île-de-France,1,1,Private,1,1,2486,273,273,1,1,NA,NA,NA,NA,NA,NA,NA,NA
NA,540001104,1,1,1,49.2252,6.0115,Jœuf,Moselle,Grand-Est,1,1,Non-profit facility (PSPH/EBNL),1,1,1357,274,274,1,1,NA,NA,NA,NA,NA,NA,NA,NA
NA,220000236,1,1,1,48.2422,-3.2586,Plouguernével,Côtes-d’Armor,Bretagne,1,1,Non-profit facility (PSPH/EBNL),1,1,372,181,181,1,1,NA,NA,NA,NA,NA,NA,NA,NA
NA,600013981,1,1,1,49.2925,2.4612,Monchy-Saint-Éloi,Oise,Hauts-de-France,1,1,General public hospital (CH),1,1,379,203,203,1,1,NA,NA,NA,NA,NA,NA,NA,NA
NA,670014042,1,1,1,48.2626,7.4346,Sélestat,Bas-Rhin,Grand-Est,1,1,Non-profit facility (PSPH/EBNL),1,1,545,130,130,1,1,NA,NA,NA,NA,NA,NA,NA,NA
NA,310792874,1,1,1,43.5203,1.3438,Villeneuve-Tolosane,Haute-Garonne,Occitanie,1,1,Non-profit facility (PSPH/EBNL),1,1,339,187,187,1,1,NA,NA,NA,NA,NA,NA,NA,NA
NA,440000693,1,1,1,47.1921,-1.5026,Saint-Sébastien-sur-Loire,Loire-Atlantique,Pays de la Loire,1,1,Non-profit facility (PSPH/EBNL),1,1,558,210,210,1,1,NA,NA,NA,NA,NA,NA,NA,NA
NA,060000304,1,1,1,43.9453,7.5144,Breil-sur-Roya,Alpes-Maritimes,Provence-Alpes-Côte d’Azur,1,1,General public hospital (CH),1,1,220,169,169,1,1,NA,NA,NA,NA,NA,NA,NA,NA
NA,750150088,1,1,1,48.8386,2.358,Paris 13e Arrondissement,Paris,Île-de-France,1,1,Non-profit facility (PSPH/EBNL),1,1,663,236,236,1,1,NA,NA,NA,NA,NA,NA,NA,NA
NA,680000742,1,1,1,48.2454,7.175,Sainte-Marie-aux-Mines,Haut-Rhin,Grand-Est,1,1,General public hospital (CH),1,1,262,192,192,1,1,NA,NA,NA,NA,NA,NA,NA,NA
NA,280504689,1,1,1,48.7118,1.3557,Vernouillet,Eure-et-Loir,Centre-Val de Loire,1,1,Private,1,1,2349,234,234,1,1,NA,NA,NA,NA,NA,NA,NA,NA
NA,830017505,1,1,1,43.4378,6.7528,Fréjus,Var,Provence-Alpes-Côte d’Azur,1,1,Private,1,1,2080,199,199,1,1,NA,NA,NA,NA,NA,NA,NA,NA
NA,640781332,1,1,1,43.277,-0.3254,Aressy,Pyrénées-Atlantiques,Nouvelle-Aquitaine,1,1,Private,1,1,4735,316,316,1,1,NA,NA,NA,NA,NA,NA,NA,NA
NA,490540440,1,1,1,47.4568,-0.5139,Trélazé,Maine-et-Loire,Pays de la Loire,1,1,Private,1,1,6010,252,252,1,1,NA,NA,NA,NA,NA,NA,NA,NA
NA,490000338,1,1,1,47.193,-0.2723,Doué-en-Anjou,Maine-et-Loire,Pays de la Loire,1,1,General public hospital (CH),1,1,403,219,219,1,1,NA,NA,NA,NA,NA,NA,NA,NA
NA,930150032,1,1,1,48.8786,2.4148,Les Lilas,Seine-Saint-Denis,Île-de-France,1,1,Non-profit facility (PSPH/EBNL),1,1,2226,360,360,1,1,NA,NA,NA,NA,NA,NA,NA,NA
NA,610787822,1,1,1,48.4186,0.09,Alençon,Sarthe,Pays de la Loire,1,1,General public hospital (CH),1,1,192,141,141,1,1,NA,NA,NA,NA,NA,NA,NA,NA
NA,130783152,1,1,1,43.3004,5.3926,Marseille,Bouches-du-Rhône,Provence-Alpes-Côte d’Azur,1,1,Non-profit facility (PSPH/EBNL),1,1,1087,285,285,1,1,NA,NA,NA,NA,NA,NA,NA,NA
NA,340009539,1,1,1,43.4071,3.6675,Sète,Hérault,Occitanie,1,1,Private,1,1,1453,185,185,1,1,NA,NA,NA,NA,NA,NA,NA,NA
NA,300000478,1,1,1,44.3981,3.9336,Ponteils-et-Brésis,Lozère,Occitanie,1,1,General public hospital (CH),1,1,529,224,224,1,1,NA,NA,NA,NA,NA,NA,NA,NA
NA,470000563,1,1,1,44.2295,0.6645,Pont-du-Casse,Lot-et-Garonne,Nouvelle-Aquitaine,1,1,General public hospital (CH),1,1,954,219,219,1,1,NA,NA,NA,NA,NA,NA,NA,NA
NA,780000378,1,1,1,48.7929,1.6007,Houdan,Yvelines,Île-de-France,1,1,General public hospital (CH),1,1,240,153,153,1,1,NA,NA,NA,NA,NA,NA,NA,NA
NA,640787149,1,1,1,43.4726,-0.9283,Salies-de-Béarn,Pyrénées-Atlantiques,Nouvelle-Aquitaine,1,1,Private,1,1,1207,227,227,1,1,NA,NA,NA,NA,NA,NA,NA,NA
NA,740011515,1,1,1,46.1475,6.32,Contamine-sur-Arve,Haute-Savoie,Auvergne-Rhône-Alpes,1,1,Private,1,1,1143,44,44,1,1,NA,NA,NA,NA,NA,NA,NA,NA
NA,330783374,1,1,1,44.8638,-0.5795,Bordeaux,Gironde,Nouvelle-Aquitaine,1,1,Private,1,1,2075,212,212,1,1,NA,NA,NA,NA,NA,NA,NA,NA
NA,380013037,1,1,1,45.5978,5.2444,Bourgoin-Jallieu,Isère,Auvergne-Rhône-Alpes,1,1,Private,1,1,5656,243,243,1,1,NA,NA,NA,NA,NA,NA,NA,NA
NA,110005311,1,1,1,43.2121,2.3529,Carcassonne,Aude,Occitanie,1,1,Private,1,1,615,101,101,1,1,NA,NA,NA,NA,NA,NA,NA,NA
NA,340013499,1,1,1,43.3165,3.2787,Villeneuve-lès-Béziers,Hérault,Occitanie,1,1,Private,1,1,605,126,126,1,1,NA,NA,NA,NA,NA,NA,NA,NA
NA,410007553,1,1,1,47.6002,1.3417,Blois,Loir-et-Cher,Centre-Val de Loire,1,1,Private,1,1,1907,36,36,1,1,NA,NA,NA,NA,NA,NA,NA,NA
NA,590813747,1,1,1,50.0132,4.052,Fourmies,Nord,Hauts-de-France,1,1,Private,1,1,135,20,20,1,1,NA,NA,NA,NA,NA,NA,NA,NA
NA,240006734,1,1,1,45.1815,0.7171,Périgueux,Dordogne,Nouvelle-Aquitaine,1,1,Private,1,1,1932,36,36,1,1,NA,NA,NA,NA,NA,NA,NA,NA
NA,060010949,1,1,1,43.5813,7.1279,Antibes,06,Provence-Alpes-Côte d'Azur,1,1,Private,1,1,1549,27,27,1,1,NA,NA,NA,NA,NA,NA,NA,NA
NA,110004421,1,1,1,43.0533,2.2182,Limoux,Aude,Occitanie,1,1,Private,1,1,186,44,44,1,1,NA,NA,NA,NA,NA,NA,NA,NA
NA,340024553,1,1,1,43.5698,3.8367,Saint-Jean-de-Védas,Hérault,Occitanie,1,1,Private,1,1,832,194,194,1,1,NA,NA,NA,NA,NA,NA,NA,NA
NA,100009364,1,1,1,48.2773,4.0713,Troyes,Aube,Grand-Est,1,1,General public hospital (CH),1,1,340,219,219,1,1,NA,NA,NA,NA,NA,NA,NA,NA
NA,840012538,1,1,1,43.922,5.0516,L'Isle-sur-la-Sorgue,Vaucluse,Provence-Alpes-Côte d’Azur,1,1,Private,1,1,181,53,53,1,1,NA,NA,NA,NA,NA,NA,NA,NA
NA,460007842,1,1,1,44.6061,2.0371,Figeac,Lot,Occitanie,1,1,General public hospital (CH),1,1,370,232,232,1,1,NA,NA,NA,NA,NA,NA,NA,NA
NA,010008852,1,1,1,46.2053,5.2247,Bourg-en-Bresse,Ain,Auvergne-Rhône-Alpes,1,1,Non-profit facility (PSPH/EBNL),1,1,615,219,219,1,1,NA,NA,NA,NA,NA,NA,NA,NA
NA,750047318,1,1,1,48.8596,2.3828,Paris 11e Arrondissement,Paris,Île-de-France,1,1,Private,1,1,1047,28,28,1,1,NA,NA,NA,NA,NA,NA,NA,NA
NA,440055770,1,1,1,47.2265,-1.6128,Saint-Herblain,Loire-Atlantique,Pays de la Loire,1,1,Private,1,1,1004,175,175,1,1,NA,NA,NA,NA,NA,NA,NA,NA
NA,300787421,1,1,1,43.8226,4.3189,Nîmes,Gard,Occitanie,1,1,Private,1,1,1578,151,151,1,1,NA,NA,NA,NA,NA,NA,NA,NA
NA,750831067,1,1,1,48.8569,2.3865,Paris 11e Arrondissement,Paris,Île-de-France,1,1,Private,1,1,2831,35,35,1,1,NA,NA,NA,NA,NA,NA,NA,NA
NA,340013168,1,1,1,43.6203,3.904,Montpellier,Hérault,Occitanie,1,1,Private,1,1,2081,253,253,1,1,NA,NA,NA,NA,NA,NA,NA,NA
NA,420000317,1,1,1,45.4178,4.6714,Pélussin,Loire,Auvergne-Rhône-Alpes,1,1,General public hospital (CH),1,1,190,97,97,1,1,NA,NA,NA,NA,NA,NA,NA,NA
NA,910023407,1,1,1,48.4212,2.1502,Étampes,Essonne,Île-de-France,1,1,Private,1,1,462,237,237,1,1,NA,NA,NA,NA,NA,NA,NA,NA
NA,300007119,1,1,1,44.1486,4.0949,Alès,Gard,Occitanie,1,1,Private,1,1,1052,109,109,1,1,NA,NA,NA,NA,NA,NA,NA,NA
NA,060792926,1,1,1,43.6007,7.1207,Antibes,06,Provence-Alpes-Côte d'Azur,1,1,Private,1,1,2655,85,85,1,1,NA,NA,NA,NA,NA,NA,NA,NA
NA,910009349,1,1,1,48.4212,2.1502,Étampes,Essonne,Île-de-France,1,1,Private,1,1,2115,235,235,1,1,NA,NA,NA,NA,NA,NA,NA,NA
NA,060021276,1,1,1,43.7334,7.2773,Nice,Alpes-Maritimes,Provence-Alpes-Côte d’Azur,1,1,Private,1,1,900,12,12,1,1,NA,NA,NA,NA,NA,NA,NA,NA
NA,350000428,1,1,1,47.724,-1.7329,Grand-Fougeray,Loire-Atlantique,Pays de la Loire,1,1,General public hospital (CH),1,1,94,81,81,1,1,NA,NA,NA,NA,NA,NA,NA,NA
NA,330058702,1,1,1,44.7994,-0.5698,Bègles,Gironde,Nouvelle-Aquitaine,1,1,Non-profit facility (PSPH/EBNL),1,1,10615,358,358,1,1,NA,NA,NA,NA,NA,NA,NA,NA
NA,440059319,1,1,1,47.195,-1.5471,Rezé,Loire-Atlantique,Pays de la Loire,1,1,Private,1,1,635,221,221,1,1,NA,NA,NA,NA,NA,NA,NA,NA
NA,240000471,1,1,1,45.5282,0.6651,Nontron,Dordogne,Nouvelle-Aquitaine,1,1,General public hospital (CH),1,1,259,176,176,1,1,NA,NA,NA,NA,NA,NA,NA,NA
NA,290037548,1,1,1,47.8694,-3.5439,Quimperlé,Finistère,Bretagne,1,1,Non-profit facility (PSPH/EBNL),1,1,357,208,208,1,1,NA,NA,NA,NA,NA,NA,NA,NA
NA,530000132,1,1,1,47.8485,-0.9571,Craon,Mayenne,Pays de la Loire,1,1,General public hospital (CH),1,1,375,207,207,1,1,NA,NA,NA,NA,NA,NA,NA,NA
NA,140019175,1,1,1,49.2823,-0.7047,Bayeux,Calvados,Normandie,1,1,Non-profit facility (PSPH/EBNL),1,1,630,196,196,1,1,NA,NA,NA,NA,NA,NA,NA,NA
NA,480780212,1,1,1,44.4927,3.5619,Lanuéjols,Lozère,Occitanie,1,1,Non-profit facility (PSPH/EBNL),1,1,345,89,89,1,1,NA,NA,NA,NA,NA,NA,NA,NA
NA,670000413,1,1,1,48.422,7.6606,Erstein,Bas-Rhin,Grand-Est,1,1,General public hospital (CH),1,1,268,173,173,1,1,NA,NA,NA,NA,NA,NA,NA,NA
NA,650000060,1,1,1,43.119,0.4121,Lannemezan,Hautes-Pyrénées,Occitanie,1,1,General public hospital (CH),1,1,234,175,175,1,1,NA,NA,NA,NA,NA,NA,NA,NA
NA,560015422,1,1,1,47.7208,-3.3177,Riantec,Morbihan,Bretagne,1,1,General public hospital (CH),1,1,541,228,228,1,1,NA,NA,NA,NA,NA,NA,NA,NA
NA,880000179,1,1,1,48.1842,7.0077,Fraize,Vosges,Grand-Est,1,1,General public hospital (CH),1,1,96,87,87,1,1,NA,NA,NA,NA,NA,NA,NA,NA
NA,560014219,1,1,1,48.0702,-2.9764,Pontivy,Morbihan,Bretagne,1,1,General public hospital (CH),1,1,291,172,172,1,1,NA,NA,NA,NA,NA,NA,NA,NA
NA,170780803,1,1,1,45.8296,-1.1997,Saint-Trojan-les-Bains,Charente-Maritime,Nouvelle-Aquitaine,1,1,Non-profit facility (PSPH/EBNL),1,1,424,178,178,1,1,NA,NA,NA,NA,NA,NA,NA,NA
NA,850005224,1,1,1,46.4915,-1.769,Les Sables-d'Olonne,Vendée,Pays de la Loire,1,1,Non-profit facility (PSPH/EBNL),1,1,242,114,114,1,1,NA,NA,NA,NA,NA,NA,NA,NA
NA,870002516,1,1,1,45.8946,0.9125,Saint-Junien,Haute-Vienne,Nouvelle-Aquitaine,1,1,General public hospital (CH),1,1,447,225,225,1,1,NA,NA,NA,NA,NA,NA,NA,NA
NA,630780559,1,1,1,45.5843,2.7353,La Bourboule,Puy-de-Dôme,Auvergne-Rhône-Alpes,1,1,Non-profit facility (PSPH/EBNL),1,1,235,55,55,1,1,NA,NA,NA,NA,NA,NA,NA,NA
NA,570000968,1,1,1,49.1836,6.5007,Boulay-Moselle,Moselle,Grand-Est,1,1,General public hospital (CH),1,1,511,239,239,1,1,NA,NA,NA,NA,NA,NA,NA,NA
NA,130787369,1,1,1,43.2389,5.3625,Marseille,13,Provence-Alpes-Côte d'Azur,1,1,Private,1,1,1369,228,228,1,1,NA,NA,NA,NA,NA,NA,NA,NA
NA,540009412,1,1,1,48.7464,6.186,Lay-Saint-Christophe,Meurthe-et-Moselle,Grand-Est,1,1,Non-profit facility (PSPH/EBNL),1,1,2182,266,266,1,1,NA,NA,NA,NA,NA,NA,NA,NA
NA,560000499,1,1,1,47.5195,-2.2921,Nivillac,Morbihan,Bretagne,1,1,General public hospital (CH),1,1,226,165,165,1,1,NA,NA,NA,NA,NA,NA,NA,NA
NA,560000390,0,0,1,NA,NA,NA,56,Bretagne,1,1,Non-profit facility (PSPH/EBNL),1,1,232,116,116,1,0,NA,NA,NA,NA,NA,NA,NA,NA
NA,380000364,1,1,1,45.6793,5.4631,Morestel,Isère,Auvergne-Rhône-Alpes,1,1,General public hospital (CH),1,1,170,140,140,1,1,NA,NA,NA,NA,NA,NA,NA,NA
NA,290000983,1,1,1,48.7239,-3.9908,Roscoff,29,Bretagne,1,1,Non-profit facility (PSPH/EBNL),1,1,700,249,249,1,1,NA,NA,NA,NA,NA,NA,NA,NA
NA,750032229,1,1,1,48.8645,2.382,Paris 11e Arrondissement,Paris,Île-de-France,1,1,Private,1,1,303,106,106,1,1,NA,NA,NA,NA,NA,NA,NA,NA
NA,530031509,1,1,1,47.9672,-0.8508,Astillé,Mayenne,Pays de la Loire,1,1,Private,1,1,602,180,180,1,1,NA,NA,NA,NA,NA,NA,NA,NA
NA,580972644,1,1,1,47.1862,3.0134,La Charité-sur-Loire,Nièvre,Bourgogne-Franche-Comté,1,1,General public hospital (CH),1,1,241,160,160,1,1,NA,NA,NA,NA,NA,NA,NA,NA
NA,220000194,1,1,1,48.1716,-2.5966,Les Moulins,Côtes-d’Armor,Bretagne,1,1,General public hospital (CH),1,1,734,209,209,1,1,NA,NA,NA,NA,NA,NA,NA,NA
NA,320000185,1,1,1,43.7602,0.2965,Vic-Fezensac,Gers,Occitanie,1,1,General public hospital (CH),1,1,198,164,164,1,1,NA,NA,NA,NA,NA,NA,NA,NA
NA,130001258,1,1,1,43.7924,4.6715,Tarascon,Bouches-du-Rhône,Provence-Alpes-Côte d’Azur,1,1,General public hospital (CH),1,1,279,174,174,1,1,NA,NA,NA,NA,NA,NA,NA,NA
NA,750300550,1,1,1,48.8262,2.3294,Paris 14e Arrondissement,Paris,Île-de-France,1,1,Private,1,1,9413,219,219,1,1,NA,NA,NA,NA,NA,NA,NA,NA
NA,750300931,1,1,1,48.8865,2.3025,Paris 17e Arrondissement,Seine-Saint-Denis,Île-de-France,1,1,Private,1,1,2831,350,350,1,1,NA,NA,NA,NA,NA,NA,NA,NA
NA,540000072,1,1,1,48.4479,6.7384,Baccarat,Meurthe-et-Moselle,Grand-Est,1,1,Non-profit facility (PSPH/EBNL),1,1,253,166,166,1,1,NA,NA,NA,NA,NA,NA,NA,NA
NA,230000960,1,1,1,46.2356,1.4809,La Souterraine,Creuse,Nouvelle-Aquitaine,1,1,General public hospital (CH),1,1,277,222,222,1,1,NA,NA,NA,NA,NA,NA,NA,NA
NA,400780375,1,1,1,43.7025,-1.0047,Narrosse,Landes,Nouvelle-Aquitaine,1,1,Private,1,1,107,84,84,1,1,NA,NA,NA,NA,NA,NA,NA,NA
NA,830206298,1,1,1,43.4036,6.0739,Brignoles,Var,Provence-Alpes-Côte d’Azur,1,1,General public hospital (CH),1,1,230,156,156,1,1,NA,NA,NA,NA,NA,NA,NA,NA
NA,240000661,1,1,1,44.701,0.8385,Lolme,Dordogne,Nouvelle-Aquitaine,1,1,Non-profit facility (PSPH/EBNL),1,1,976,212,212,1,1,NA,NA,NA,NA,NA,NA,NA,NA
NA,230782617,1,1,1,46.234,1.5891,Noth,Creuse,Nouvelle-Aquitaine,1,1,Non-profit facility (PSPH/EBNL),1,1,992,224,224,1,1,NA,NA,NA,NA,NA,NA,NA,NA
NA,770027696,1,1,1,48.8503,2.7689,Jossigny,Seine-et-Marne,Île-de-France,1,1,Non-profit facility (PSPH/EBNL),1,1,400,164,164,1,1,NA,NA,NA,NA,NA,NA,NA,NA
NA,190000257,1,1,1,45.168,1.539,Brive-la-Gaillarde,Corrèze,Nouvelle-Aquitaine,1,1,Private,1,1,1038,243,243,1,1,NA,NA,NA,NA,NA,NA,NA,NA
NA,490009008,1,1,1,47.0424,-0.8991,Cholet,Maine-et-Loire,Pays de la Loire,1,1,Private,1,1,795,137,137,1,1,NA,NA,NA,NA,NA,NA,NA,NA
NA,070780234,1,1,1,44.8563,4.805,Saint-Georges-les-Bains,Ardèche,Auvergne-Rhône-Alpes,1,1,Non-profit facility (PSPH/EBNL),1,1,366,201,201,1,1,NA,NA,NA,NA,NA,NA,NA,NA
NA,630000560,1,1,1,45.7204,3.3426,Billom,Puy-de-Dôme,Auvergne-Rhône-Alpes,1,1,General public hospital (CH),1,1,530,230,230,1,1,NA,NA,NA,NA,NA,NA,NA,NA
NA,060000411,1,1,1,43.9529,6.8974,Puget-Théniers,Alpes-Maritimes,Provence-Alpes-Côte d’Azur,1,1,General public hospital (CH),1,1,197,141,141,1,1,NA,NA,NA,NA,NA,NA,NA,NA
NA,190012476,1,1,1,45.2078,1.6913,Cornil,Corrèze,Nouvelle-Aquitaine,1,1,General public hospital (CH),1,1,126,102,102,1,1,NA,NA,NA,NA,NA,NA,NA,NA
NA,110786746,1,1,1,43.0545,2.2216,Limoux,Aude,Occitanie,1,1,Non-profit facility (PSPH/EBNL),1,1,489,202,202,1,1,NA,NA,NA,NA,NA,NA,NA,NA
NA,760780205,1,1,1,49.4577,1.1064,Bois-Guillaume,Seine-Maritime,Normandie,1,1,Private,1,1,5115,237,237,1,1,NA,NA,NA,NA,NA,NA,NA,NA
NA,240008318,1,1,1,45.1712,0.5762,Annesse-et-Beaulieu,Dordogne,Nouvelle-Aquitaine,1,1,Private,1,1,157,143,143,1,1,NA,NA,NA,NA,NA,NA,NA,NA
NA,390006161,1,1,1,46.5151,5.6066,Orgelet,Jura,Bourgogne-Franche-Comté,1,1,General public hospital (CH),1,1,218,176,176,1,1,NA,NA,NA,NA,NA,NA,NA,NA
NA,640781308,1,1,1,43.3236,-0.3487,Pau,Pyrénées-Atlantiques,Nouvelle-Aquitaine,1,1,Private,1,1,3736,252,252,1,1,NA,NA,NA,NA,NA,NA,NA,NA
NA,760000034,1,1,1,49.4783,1.724,Gournay-en-Bray,Seine-Maritime,Normandie,1,1,General public hospital (CH),1,1,215,163,163,1,1,NA,NA,NA,NA,NA,NA,NA,NA
NA,530000181,1,1,1,47.7947,-1.0659,Renazé,Mayenne,Pays de la Loire,1,1,General public hospital (CH),1,1,267,161,161,1,1,NA,NA,NA,NA,NA,NA,NA,NA
NA,640792305,1,1,1,43.1195,-0.8657,Tardets-Sorholus,Pyrénées-Atlantiques,Nouvelle-Aquitaine,1,1,Non-profit facility (PSPH/EBNL),1,1,120,103,103,1,1,NA,NA,NA,NA,NA,NA,NA,NA
NA,360000962,1,1,1,46.9591,1.9987,Issoudun,Indre,Centre-Val de Loire,1,1,Private,1,1,562,31,31,1,1,NA,NA,NA,NA,NA,NA,NA,NA
NA,620037408,1,1,1,50.2943,2.7572,Arras,Pas-de-Calais,Hauts-de-France,1,1,Non-profit facility (PSPH/EBNL),1,1,822,224,224,1,1,NA,NA,NA,NA,NA,NA,NA,NA
NA,760041368,1,1,1,49.7556,0.3808,Fécamp,Seine-Maritime,Normandie,1,1,Private,1,1,2566,264,264,1,1,NA,NA,NA,NA,NA,NA,NA,NA
NA,060790862,1,1,1,43.6562,6.8718,Cabris,Alpes-Maritimes,Provence-Alpes-Côte d’Azur,1,1,Private,1,1,547,80,80,1,1,NA,NA,NA,NA,NA,NA,NA,NA
NA,850011271,1,1,1,46.8361,-1.8817,Challans,Vendée,Pays de la Loire,1,1,Private,1,1,672,108,108,1,1,NA,NA,NA,NA,NA,NA,NA,NA
NA,130034044,1,1,1,43.4044,5.2167,Marignane,Bouches-du-Rhône,Provence-Alpes-Côte d’Azur,1,1,Private,1,1,1467,33,33,1,1,NA,NA,NA,NA,NA,NA,NA,NA
NA,750825184,1,1,1,48.8438,2.2816,Paris 15e Arrondissement,Hauts-de-Seine,Île-de-France,1,1,Non-profit facility (PSPH/EBNL),1,1,1489,248,248,1,1,NA,NA,NA,NA,NA,NA,NA,NA
NA,450013818,1,1,1,47.6887,2.6423,Gien,Loiret,Centre-Val de Loire,1,1,Private,1,1,649,24,24,1,1,NA,NA,NA,NA,NA,NA,NA,NA
NA,750814824,1,1,1,48.8759,2.3857,Paris 19e Arrondissement,Seine-Saint-Denis,Île-de-France,1,1,Private,1,1,2591,43,43,1,1,NA,NA,NA,NA,NA,NA,NA,NA
NA,830009528,1,1,1,43.4228,6.7757,Saint-Raphaël,Var,Provence-Alpes-Côte d’Azur,1,1,General public hospital (CH),1,1,207,145,145,1,1,NA,NA,NA,NA,NA,NA,NA,NA
NA,910022037,1,1,1,48.5335,2.0013,Dourdan,Essonne,Île-de-France,1,1,Private,1,1,697,167,167,1,1,NA,NA,NA,NA,NA,NA,NA,NA
NA,130034002,1,1,1,43.6378,5.0825,Salon-de-Provence,Bouches-du-Rhône,Provence-Alpes-Côte d’Azur,1,1,Private,1,1,1914,39,39,1,1,NA,NA,NA,NA,NA,NA,NA,NA
NA,750066813,1,1,1,48.8823,2.3726,Paris 19e Arrondissement,Seine-Saint-Denis,Île-de-France,1,1,Private,1,1,1934,49,49,1,1,NA,NA,NA,NA,NA,NA,NA,NA
NA,040003113,1,1,1,44.193,5.9438,Sisteron,Alpes-de-Haute-Provence,Provence-Alpes-Côte d’Azur,1,1,Private,1,1,223,17,17,1,1,NA,NA,NA,NA,NA,NA,NA,NA
NA,040787541,1,1,1,44.0769,6.191,Digne-les-Bains,Alpes-de-Haute-Provence,Provence-Alpes-Côte d’Azur,1,1,Private,1,1,334,25,25,1,1,NA,NA,NA,NA,NA,NA,NA,NA
NA,210987616,1,1,1,46.9955,5.1471,Seurre,Côte-d’Or,Bourgogne-Franche-Comté,1,1,General public hospital (CH),1,1,100,87,87,1,1,NA,NA,NA,NA,NA,NA,NA,NA
NA,760780130,1,1,1,49.8243,0.7046,Néville,Seine-Maritime,Normandie,1,1,Private,1,1,459,214,214,1,1,NA,NA,NA,NA,NA,NA,NA,NA
NA,490001831,1,1,1,47.1453,-0.5409,Lys-Haut-Layon,Maine-et-Loire,Pays de la Loire,1,1,General public hospital (CH),1,1,164,118,118,1,1,NA,NA,NA,NA,NA,NA,NA,NA
NA,600101943,1,1,1,49.4779,2.9924,Tracy-le-Mont,Oise,Hauts-de-France,1,1,Non-profit facility (PSPH/EBNL),1,1,913,254,254,1,1,NA,NA,NA,NA,NA,NA,NA,NA
NA,520005398,1,1,1,48.6569,4.967,Bettancourt-la-Ferrée,Haute-Marne,Grand-Est,1,1,Non-profit facility (PSPH/EBNL),1,1,212,36,36,1,1,NA,NA,NA,NA,NA,NA,NA,NA
NA,130781834,1,1,1,43.1807,5.6119,La Ciotat,13,Provence-Alpes-Côte d'Azur,1,1,Private,1,1,2218,251,251,1,1,NA,NA,NA,NA,NA,NA,NA,NA
NA,270000516,1,1,1,49.1498,0.9053,Le Neubourg,Eure,Normandie,1,1,General public hospital (CH),1,1,121,105,105,1,1,NA,NA,NA,NA,NA,NA,NA,NA
NA,760781054,1,1,1,49.2743,1.0238,Caudebec-lès-Elbeuf,Eure,Normandie,1,1,Non-profit facility (PSPH/EBNL),1,1,1113,231,231,1,1,NA,NA,NA,NA,NA,NA,NA,NA
NA,620034926,1,1,1,50.3961,2.9135,Rouvroy,Pas-de-Calais,Hauts-de-France,1,1,Private,1,1,1467,242,242,1,1,NA,NA,NA,NA,NA,NA,NA,NA
NA,310023007,1,1,1,43.8415,1.391,Fronton,Haute-Garonne,Occitanie,1,1,Private,1,1,349,181,181,1,1,NA,NA,NA,NA,NA,NA,NA,NA
NA,920700010,1,1,1,48.7537,2.2856,Antony,Essonne,Île-de-France,1,1,Non-profit facility (PSPH/EBNL),1,1,421,174,174,1,1,NA,NA,NA,NA,NA,NA,NA,NA
NA,540014073,1,1,1,48.678,6.1372,Laxou,Meurthe-et-Moselle,Grand-Est,1,1,General public hospital (CH),1,1,2797,364,364,1,1,NA,NA,NA,NA,NA,NA,NA,NA
NA,410000210,1,1,1,47.3477,1.179,Montrichard Val de Cher,Loir-et-Cher,Centre-Val de Loire,1,1,General public hospital (CH),1,1,147,111,111,1,1,NA,NA,NA,NA,NA,NA,NA,NA
NA,620003822,1,1,1,50.421,2.8912,Fouquières-lès-Lens,Pas-de-Calais,Hauts-de-France,1,1,Non-profit facility (PSPH/EBNL),1,1,1086,218,218,1,1,NA,NA,NA,NA,NA,NA,NA,NA
NA,140027681,1,1,1,49.2138,-0.3316,Hérouville-Saint-Clair,Calvados,Normandie,1,1,Non-profit facility (PSPH/EBNL),1,1,453,173,173,1,1,NA,NA,NA,NA,NA,NA,NA,NA
NA,870001567,1,1,1,46.2175,1.0774,Le Dorat,Haute-Vienne,Nouvelle-Aquitaine,1,1,General public hospital (CH),1,1,137,107,107,1,1,NA,NA,NA,NA,NA,NA,NA,NA
NA,670013325,1,1,1,48.5886,7.7447,Strasbourg,Bas-Rhin,Grand-Est,1,1,Private,1,1,6615,245,245,1,1,NA,NA,NA,NA,NA,NA,NA,NA
NA,130043318,1,1,1,43.4221,5.5161,Mimet,Bouches-du-Rhône,Provence-Alpes-Côte d’Azur,1,1,Non-profit facility (PSPH/EBNL),1,1,779,170,170,1,1,NA,NA,NA,NA,NA,NA,NA,NA
NA,280505223,1,1,1,48.4595,1.4558,Mainvilliers,Eure-et-Loir,Centre-Val de Loire,1,1,Private,1,1,2663,255,255,1,1,NA,NA,NA,NA,NA,NA,NA,NA
NA,680000874,1,1,1,47.9568,7.2994,Rouffach,Haut-Rhin,Grand-Est,1,1,General public hospital (CH),1,1,835,301,301,1,1,NA,NA,NA,NA,NA,NA,NA,NA
NA,580972651,1,1,1,47.0645,3.9323,Château-Chinon (Ville),Nièvre,Bourgogne-Franche-Comté,1,1,General public hospital (CH),1,1,137,120,120,1,1,NA,NA,NA,NA,NA,NA,NA,NA
NA,440050458,1,1,1,47.2417,-1.5836,Nantes,Loire-Atlantique,Pays de la Loire,1,1,Regional/University hospital (CHR/U),1,1,69,60,60,1,1,NA,NA,NA,NA,NA,NA,NA,NA
NA,640020988,1,1,1,43.1973,-0.618,Oloron-Sainte-Marie,Pyrénées-Atlantiques,Nouvelle-Aquitaine,1,1,Private,1,1,342,61,61,1,1,NA,NA,NA,NA,NA,NA,NA,NA
NA,690051677,1,1,1,45.7528,4.8275,Lyon,Rhône,Auvergne-Rhône-Alpes,1,1,Non-profit facility (PSPH/EBNL),1,1,268,37,37,1,1,NA,NA,NA,NA,NA,NA,NA,NA
NA,620000117,1,1,1,50.3816,2.0299,Huby-Saint-Leu,Pas-de-Calais,Hauts-de-France,1,1,General public hospital (CH),1,1,370,154,154,1,1,NA,NA,NA,NA,NA,NA,NA,NA
NA,120001748,1,1,1,44.0954,3.0517,Millau,Aveyron,Occitanie,1,1,Private,1,1,537,72,72,1,1,NA,NA,NA,NA,NA,NA,NA,NA
NA,340013119,1,1,1,43.648,3.8308,Grabels,Hérault,Occitanie,1,1,Private,1,1,749,100,100,1,1,NA,NA,NA,NA,NA,NA,NA,NA
NA,400782777,1,1,1,43.7059,-1.0514,Dax,Landes,Nouvelle-Aquitaine,1,1,General public hospital (CH),1,1,859,187,187,1,1,NA,NA,NA,NA,NA,NA,NA,NA
NA,880000203,1,1,1,47.8774,6.769,Le Thillot,Vosges,Grand-Est,1,1,General public hospital (CH),1,1,131,120,120,1,1,NA,NA,NA,NA,NA,NA,NA,NA
NA,650007222,1,1,1,43.1175,0.3139,Capvern,Hautes-Pyrénées,Occitanie,1,1,General public hospital (CH),1,1,405,67,67,1,1,NA,NA,NA,NA,NA,NA,NA,NA
NA,300786274,1,1,1,43.8327,4.3379,Nîmes,Gard,Occitanie,1,1,Non-profit facility (PSPH/EBNL),1,1,276,123,123,1,1,NA,NA,NA,NA,NA,NA,NA,NA
NA,190013219,1,1,1,45.2706,1.7694,Tulle,Corrèze,Nouvelle-Aquitaine,1,1,General public hospital (CH),1,1,98,82,82,1,1,NA,NA,NA,NA,NA,NA,NA,NA
NA,240015677,1,1,1,45.1938,0.7288,Périgueux,Dordogne,Nouvelle-Aquitaine,1,1,General public hospital (CH),1,1,240,148,148,1,1,NA,NA,NA,NA,NA,NA,NA,NA
NA,720016138,1,1,1,47.9664,0.2256,Le Mans,Sarthe,Pays de la Loire,1,1,Non-profit facility (PSPH/EBNL),1,1,1464,238,238,1,1,NA,NA,NA,NA,NA,NA,NA,NA
NA,850000183,1,1,1,46.4681,-0.8162,Fontenay-le-Comte,Vendée,Pays de la Loire,1,1,General public hospital (CH),1,1,199,122,122,1,1,NA,NA,NA,NA,NA,NA,NA,NA
NA,230000853,1,1,1,46.2209,1.7621,Saint-Vaury,Creuse,Nouvelle-Aquitaine,1,1,General public hospital (CH),1,1,928,244,244,1,1,NA,NA,NA,NA,NA,NA,NA,NA
NA,690029186,1,1,1,45.6888,4.8228,Irigny,Rhône,Auvergne-Rhône-Alpes,1,1,Private,1,1,2617,236,236,1,1,NA,NA,NA,NA,NA,NA,NA,NA
NA,590791109,1,1,1,50.3336,3.234,Auberchicourt,Nord,Hauts-de-France,1,1,Private,1,1,440,115,115,1,1,NA,NA,NA,NA,NA,NA,NA,NA
NA,210007399,1,1,1,47.4106,5.0094,Messigny-et-Vantoux,Côte-d’Or,Bourgogne-Franche-Comté,1,1,Private,1,1,300,176,176,1,1,NA,NA,NA,NA,NA,NA,NA,NA
NA,750027369,1,1,1,48.8979,2.3292,Paris 18e Arrondissement,Seine-Saint-Denis,Île-de-France,1,1,General public hospital (CH),1,1,850,169,169,1,1,NA,NA,NA,NA,NA,NA,NA,NA
NA,590782694,1,1,1,50.6777,2.8917,La Chapelle-d'Armentières,Nord,Hauts-de-France,1,1,Non-profit facility (PSPH/EBNL),1,1,219,167,167,1,1,NA,NA,NA,NA,NA,NA,NA,NA
NA,170792220,1,1,1,45.7453,-0.6516,Saintes,Charente-Maritime,Nouvelle-Aquitaine,1,1,General public hospital (CH),1,1,553,182,182,1,1,NA,NA,NA,NA,NA,NA,NA,NA
NA,570000794,1,1,1,49.3656,6.1449,Thionville,Moselle,Grand-Est,1,1,Non-profit facility (PSPH/EBNL),1,1,893,170,170,1,1,NA,NA,NA,NA,NA,NA,NA,NA
NA,750300741,1,1,1,48.8714,2.2914,Paris 16e Arrondissement,Paris,Île-de-France,1,1,Private,1,1,8961,297,297,1,1,NA,NA,NA,NA,NA,NA,NA,NA
NA,170781199,1,1,1,45.6262,-1.047,Royan,Charente-Maritime,Nouvelle-Aquitaine,1,1,Private,1,1,505,110,110,1,1,NA,NA,NA,NA,NA,NA,NA,NA
NA,320000128,1,1,1,43.6262,0.8769,Gimont,Gers,Occitanie,1,1,General public hospital (CH),1,1,412,204,204,1,1,NA,NA,NA,NA,NA,NA,NA,NA
NA,390000164,1,1,1,47.0682,5.4615,Dole,Jura,Bourgogne-Franche-Comté,1,1,General public hospital (CH),1,1,210,126,126,1,1,NA,NA,NA,NA,NA,NA,NA,NA
NA,390780369,1,1,1,46.9322,5.883,Salins-les-Bains,Jura,Bourgogne-Franche-Comté,1,1,Non-profit facility (PSPH/EBNL),1,1,860,117,117,1,1,NA,NA,NA,NA,NA,NA,NA,NA
NA,310783063,1,1,1,43.6009,1.434,Toulouse,Haute-Garonne,Occitanie,1,1,Regional/University hospital (CHR/U),1,1,2583,246,246,1,1,NA,NA,NA,NA,NA,NA,NA,NA
NA,220022149,1,1,1,48.5612,-3.1481,Guingamp,Côtes-d’Armor,Bretagne,1,1,General public hospital (CH),1,1,1357,156,156,1,1,NA,NA,NA,NA,NA,NA,NA,NA
NA,570000828,1,1,1,49.0851,6.3915,Maizeroy,Moselle,Grand-Est,1,1,Non-profit facility (PSPH/EBNL),1,1,377,81,81,1,1,NA,NA,NA,NA,NA,NA,NA,NA
NA,130050412,1,1,1,43.7924,4.6715,Tarascon,Bouches-du-Rhône,Provence-Alpes-Côte d’Azur,1,1,Private,1,1,226,22,22,1,1,NA,NA,NA,NA,NA,NA,NA,NA
NA,220000590,1,1,1,48.5454,-2.7262,Plérin,Côtes-d’Armor,Bretagne,1,1,Non-profit facility (PSPH/EBNL),1,1,331,142,142,1,1,NA,NA,NA,NA,NA,NA,NA,NA
NA,010000198,1,1,1,45.9756,5.6102,Hauteville-Lompnes,Ain,Auvergne-Rhône-Alpes,1,1,General public hospital (CH),1,1,957,241,241,1,1,NA,NA,NA,NA,NA,NA,NA,NA
NA,930000294,1,1,1,48.9023,2.5716,Montfermeil,Seine-Saint-Denis,Île-de-France,1,1,General public hospital (CH),1,1,241,173,173,1,1,NA,NA,NA,NA,NA,NA,NA,NA
NA,480780543,1,1,1,44.5784,3.2686,Antrenas,Lozère,Occitanie,1,1,Non-profit facility (PSPH/EBNL),1,1,432,125,125,1,1,NA,NA,NA,NA,NA,NA,NA,NA
NA,290000389,1,1,1,48.6476,-3.7102,Lanmeur,Finistère,Bretagne,1,1,General public hospital (CH),1,1,324,185,185,1,1,NA,NA,NA,NA,NA,NA,NA,NA
NA,670000249,1,1,1,48.7939,7.7683,Haguenau,Bas-Rhin,Grand-Est,1,1,Non-profit facility (PSPH/EBNL),1,1,332,137,137,1,1,NA,NA,NA,NA,NA,NA,NA,NA
NA,870016631,1,1,1,45.5125,1.2038,Saint-Yrieix-la-Perche,Haute-Vienne,Nouvelle-Aquitaine,1,1,Private,1,1,1377,229,229,1,1,NA,NA,NA,NA,NA,NA,NA,NA
NA,2B0000079,1,1,1,42.6968,9.4432,Bastia,Haute-Corse,Corse,1,1,Private,1,1,4782,222,222,1,1,NA,NA,NA,NA,NA,NA,NA,NA
NA,820010866,1,1,1,43.9598,1.3372,Bressols,Tarn-et-Garonne,Occitanie,1,1,Private,1,1,290,180,180,1,1,NA,NA,NA,NA,NA,NA,NA,NA
NA,930700018,1,1,1,48.8787,2.4499,Romainville,Seine-Saint-Denis,Île-de-France,1,1,Non-profit facility (PSPH/EBNL),1,1,695,222,222,1,1,NA,NA,NA,NA,NA,NA,NA,NA
NA,720019918,1,1,1,48.3488,0.3685,Mamers,Sarthe,Pays de la Loire,1,1,Non-profit facility (PSPH/EBNL),1,1,214,109,109,1,1,NA,NA,NA,NA,NA,NA,NA,NA
NA,750300097,1,1,1,48.8476,2.3296,Paris 6e Arrondissement,Paris,Île-de-France,1,1,Private,1,1,5361,225,225,1,1,NA,NA,NA,NA,NA,NA,NA,NA
NA,770150027,1,1,1,48.7651,2.8202,Neufmoutiers-en-Brie,Seine-et-Marne,Île-de-France,1,1,Non-profit facility (PSPH/EBNL),1,1,551,201,201,1,1,NA,NA,NA,NA,NA,NA,NA,NA
NA,480001403,1,1,1,44.5234,3.4923,Mende,Lozère,Occitanie,1,1,Private,1,1,487,99,99,1,1,NA,NA,NA,NA,NA,NA,NA,NA
NA,620033712,1,1,1,50.9419,1.8967,Calais,62,Hauts-de-France,1,1,Private,1,1,230,152,152,1,1,NA,NA,NA,NA,NA,NA,NA,NA
NA,300000049,1,1,1,43.8084,4.6383,Beaucaire,Gard,Occitanie,1,1,General public hospital (CH),1,1,172,129,129,1,1,NA,NA,NA,NA,NA,NA,NA,NA
NA,490020963,1,1,1,47.0397,-0.8987,Cholet,Maine-et-Loire,Pays de la Loire,1,1,Private,1,1,742,95,95,1,1,NA,NA,NA,NA,NA,NA,NA,NA
NA,850002130,1,1,1,46.6716,-1.4258,La Roche-sur-Yon,Vendée,Pays de la Loire,1,1,Non-profit facility (PSPH/EBNL),1,1,369,97,97,1,1,NA,NA,NA,NA,NA,NA,NA,NA
NA,660013012,1,1,1,42.6173,2.4173,Prades,Pyrénées-Orientales,Occitanie,1,1,Non-profit facility (PSPH/EBNL),1,1,2663,266,266,1,1,NA,NA,NA,NA,NA,NA,NA,NA
NA,780140075,1,1,1,49.0073,1.9261,Meulan-en-Yvelines,Yvelines,Île-de-France,1,1,Non-profit facility (PSPH/EBNL),1,1,244,161,161,1,1,NA,NA,NA,NA,NA,NA,NA,NA
NA,660013087,1,1,1,42.6282,2.4216,Prades,Pyrénées-Orientales,Occitanie,1,1,Non-profit facility (PSPH/EBNL),1,1,201,144,144,1,1,NA,NA,NA,NA,NA,NA,NA,NA
NA,400791018,1,1,1,43.64,-1.4316,Capbreton,Landes,Nouvelle-Aquitaine,1,1,Private,1,1,3145,274,274,1,1,NA,NA,NA,NA,NA,NA,NA,NA
NA,020010310,1,1,1,49.3931,3.3934,Bucy-le-Long,Aisne,Hauts-de-France,1,1,Non-profit facility (PSPH/EBNL),1,1,127,82,82,1,1,NA,NA,NA,NA,NA,NA,NA,NA
NA,670018449,1,1,1,48.577,7.746,Strasbourg,Bas-Rhin,Grand-Est,1,1,Non-profit facility (PSPH/EBNL),1,1,474,201,201,1,1,NA,NA,NA,NA,NA,NA,NA,NA
NA,750066441,1,1,1,48.8689,2.406,Paris 20e Arrondissement,Seine-Saint-Denis,Île-de-France,1,1,Private,1,1,236,122,122,1,1,NA,NA,NA,NA,NA,NA,NA,NA
NA,540022811,1,1,1,48.6886,6.1605,Nancy,Meurthe-et-Moselle,Grand-Est,1,1,Regional/University hospital (CHR/U),1,1,132,74,74,1,1,NA,NA,NA,NA,NA,NA,NA,NA
NA,470019076,1,1,1,44.2672,0.2447,Caubeyres,Lot-et-Garonne,Nouvelle-Aquitaine,1,1,Non-profit facility (PSPH/EBNL),1,1,291,156,156,1,1,NA,NA,NA,NA,NA,NA,NA,NA
NA,840018642,1,1,1,43.8767,5.3826,Apt,Vaucluse,Provence-Alpes-Côte d’Azur,1,1,Private,1,1,323,52,52,1,1,NA,NA,NA,NA,NA,NA,NA,NA
NA,140017278,1,1,1,49.2137,-0.3312,Hérouville-Saint-Clair,Calvados,Normandie,1,1,Non-profit facility (PSPH/EBNL),1,1,979,247,247,1,1,NA,NA,NA,NA,NA,NA,NA,NA
NA,050000223,1,1,1,44.7813,6.868,Aiguilles,Hautes-Alpes,Provence-Alpes-Côte d’Azur,1,1,General public hospital (CH),1,1,39,36,36,1,1,NA,NA,NA,NA,NA,NA,NA,NA
NA,800018491,1,1,1,49.8752,2.2703,Amiens,Somme,Hauts-de-France,1,1,Private,1,1,6287,232,232,1,1,NA,NA,NA,NA,NA,NA,NA,NA
NA,670780501,1,1,1,48.9632,7.8471,Lobsann,Bas-Rhin,Grand-Est,1,1,Non-profit facility (PSPH/EBNL),1,1,476,158,158,1,1,NA,NA,NA,NA,NA,NA,NA,NA
NA,330059106,1,1,1,44.7787,-0.6613,Pessac,Gironde,Nouvelle-Aquitaine,1,1,Non-profit facility (PSPH/EBNL),1,1,384,186,186,1,1,NA,NA,NA,NA,NA,NA,NA,NA
NA,160000360,1,1,1,45.5995,-0.0582,Châteauneuf-sur-Charente,Charente,Nouvelle-Aquitaine,1,1,General public hospital (CH),1,1,165,141,141,1,1,NA,NA,NA,NA,NA,NA,NA,NA
NA,240000463,1,1,1,45.0359,0.1774,Montpon-Ménestérol,Dordogne,Nouvelle-Aquitaine,1,1,General public hospital (CH),1,1,186,109,109,1,1,NA,NA,NA,NA,NA,NA,NA,NA
NA,060000163,1,1,1,44.256100000000004,6.9245,Saint-Étienne-de-Tinée,Alpes-Maritimes,Provence-Alpes-Côte d’Azur,1,1,General public hospital (CH),1,1,102,75,75,1,1,NA,NA,NA,NA,NA,NA,NA,NA
NA,210986840,1,1,1,47.3066,5.1079,Quetigny,Côte-d’Or,Bourgogne-Franche-Comté,1,1,Regional/University hospital (CHR/U),1,1,300,214,214,1,1,NA,NA,NA,NA,NA,NA,NA,NA
NA,920300464,1,1,1,48.916,2.3039,Gennevilliers,Seine-Saint-Denis,Île-de-France,1,1,Non-profit facility (PSPH/EBNL),1,1,583,226,226,1,1,NA,NA,NA,NA,NA,NA,NA,NA
NA,050000298,1,1,1,44.8765,6.6344,Villar-Saint-Pancrace,Hautes-Alpes,Provence-Alpes-Côte d’Azur,1,1,Private,1,1,267,66,66,1,1,NA,NA,NA,NA,NA,NA,NA,NA
NA,590782181,1,1,1,50.3587,3.5009,Valenciennes,Nord,Hauts-de-France,1,1,Non-profit facility (PSPH/EBNL),1,1,346,122,122,1,1,NA,NA,NA,NA,NA,NA,NA,NA
NA,750064461,1,1,1,48.8285,2.3714,Paris 13e Arrondissement,Val-de-Marne,Île-de-France,1,1,Private,1,1,328,155,155,1,1,NA,NA,NA,NA,NA,NA,NA,NA
NA,840019079,1,1,1,44.0556,5.0488,Carpentras,Vaucluse,Provence-Alpes-Côte d’Azur,1,1,General public hospital (CH),1,1,54,43,43,1,1,NA,NA,NA,NA,NA,NA,NA,NA
NA,750064479,1,1,1,48.844,2.2798,Paris 15e Arrondissement,Hauts-de-Seine,Île-de-France,1,1,Private,1,1,103,67,67,1,1,NA,NA,NA,NA,NA,NA,NA,NA
NA,440039568,1,1,1,47.2971,-2.3864,La Baule-Escoublac,Loire-Atlantique,Pays de la Loire,1,1,Private,1,1,585,110,110,1,1,NA,NA,NA,NA,NA,NA,NA,NA
NA,480001783,1,1,1,44.5637,3.2943,Marvejols,Lozère,Occitanie,1,1,Private,1,1,171,28,28,1,1,NA,NA,NA,NA,NA,NA,NA,NA
NA,340013358,1,1,1,43.4516,3.6548,Bouzigues,Hérault,Occitanie,1,1,Private,1,1,157,45,45,1,1,NA,NA,NA,NA,NA,NA,NA,NA
NA,340013218,1,1,1,43.9325,3.7028,Ganges,Gard,Occitanie,1,1,Private,1,1,165,28,28,1,1,NA,NA,NA,NA,NA,NA,NA,NA
NA,310780481,1,1,1,43.5956,1.2541,Léguevin,Haute-Garonne,Occitanie,1,1,Non-profit facility (PSPH/EBNL),1,1,735,91,91,1,1,NA,NA,NA,NA,NA,NA,NA,NA
NA,910026780,1,1,1,48.7163,2.1907,Orsay,Essonne,Île-de-France,1,1,General public hospital (CH),1,1,17427,212,212,1,1,NA,NA,NA,NA,NA,NA,NA,NA
NA,080010465,1,1,1,49.7051,4.9405,Sedan,Ardennes,Grand-Est,1,1,Non-profit facility (PSPH/EBNL),1,1,625,127,127,1,1,NA,NA,NA,NA,NA,NA,NA,NA
NA,240017046,1,1,1,45.1938,0.7288,Périgueux,Dordogne,Nouvelle-Aquitaine,1,1,General public hospital (CH),1,1,2643,250,250,1,1,NA,NA,NA,NA,NA,NA,NA,NA
NA,840000541,1,1,1,43.9183,4.8921,Avignon,Vaucluse,Provence-Alpes-Côte d’Azur,1,1,General public hospital (CH),1,1,119,91,91,1,1,NA,NA,NA,NA,NA,NA,NA,NA
NA,880006663,1,1,1,48.1692,6.4515,Épinal,Vosges,Grand-Est,1,1,General public hospital (CH),1,1,839,232,232,1,1,NA,NA,NA,NA,NA,NA,NA,NA
NA,360000251,1,1,1,46.9816,1.6116,Levroux,Indre,Centre-Val de Loire,1,1,General public hospital (CH),1,1,111,89,89,1,1,NA,NA,NA,NA,NA,NA,NA,NA
NA,130044662,1,1,1,43.2471,5.4121,Marseille,Bouches-du-Rhône,Provence-Alpes-Côte d’Azur,1,1,Private,1,1,1381,273,273,1,1,NA,NA,NA,NA,NA,NA,NA,NA
NA,060023694,1,1,1,43.7229,7.2806,Nice,Alpes-Maritimes,Provence-Alpes-Côte d’Azur,1,1,Private,1,1,199,97,97,1,1,NA,NA,NA,NA,NA,NA,NA,NA
NA,100013010,1,1,1,48.5178,3.7215,Romilly-sur-Seine,Aube,Grand-Est,1,1,Non-profit facility (PSPH/EBNL),1,1,1823,153,153,1,1,NA,NA,NA,NA,NA,NA,NA,NA
NA,770023042,1,1,1,48.8266,3.0978,Coulommiers,Seine-et-Marne,Île-de-France,1,1,General public hospital (CH),1,1,114,64,64,1,1,NA,NA,NA,NA,NA,NA,NA,NA
NA,340024512,1,1,1,43.6241,3.9096,Castelnau-le-Lez,Hérault,Occitanie,1,1,Private,1,1,144,58,58,1,1,NA,NA,NA,NA,NA,NA,NA,NA
NA,870007358,1,1,1,45.8185,1.2468,Limoges,Haute-Vienne,Nouvelle-Aquitaine,1,1,Private,1,1,1067,239,239,1,1,NA,NA,NA,NA,NA,NA,NA,NA
NA,420780744,1,1,1,45.3809,4.7483,Saint-Pierre-de-Bœuf,Loire,Auvergne-Rhône-Alpes,1,1,General public hospital (CH),1,1,179,97,97,1,1,NA,NA,NA,NA,NA,NA,NA,NA
NA,590785424,1,1,1,50.1788,3.2555,Cambrai,Nord,Hauts-de-France,1,1,Non-profit facility (PSPH/EBNL),1,1,678,188,188,1,1,NA,NA,NA,NA,NA,NA,NA,NA
NA,690030333,1,1,1,45.7339,4.8689,Lyon,Rhône,Auvergne-Rhône-Alpes,1,1,Private,1,1,617,169,169,1,1,NA,NA,NA,NA,NA,NA,NA,NA
NA,730783974,1,1,1,45.2212,6.2346,Saint-Sorlin-d'Arves,Savoie,Auvergne-Rhône-Alpes,1,1,Non-profit facility (PSPH/EBNL),1,1,139,2,2,1,1,NA,NA,NA,NA,NA,NA,NA,NA
NA,660005208,1,1,1,42.5271,2.8314,Le Boulou,Pyrénées-Orientales,Occitanie,1,1,Private,1,1,166,41,41,1,1,NA,NA,NA,NA,NA,NA,NA,NA
NA,660780321,1,1,1,42.4168,1.9713,Osséja,Pyrénées-Orientales,Occitanie,1,1,Non-profit facility (PSPH/EBNL),1,1,1151,207,207,1,1,NA,NA,NA,NA,NA,NA,NA,NA
NA,700004377,1,1,1,47.5773,6.757,Héricourt,Haute-Saône,Bourgogne-Franche-Comté,1,1,Non-profit facility (PSPH/EBNL),1,1,454,216,216,1,1,NA,NA,NA,NA,NA,NA,NA,NA
NA,500012968,1,1,1,49.0941,-1.5834,Gouville sur Mer,Manche,Normandie,1,1,Non-profit facility (PSPH/EBNL),1,1,298,7,7,1,1,NA,NA,NA,NA,NA,NA,NA,NA
NA,500026307,1,1,1,49.1149,-1.0687,Saint-Lô,Manche,Normandie,1,1,Private,1,1,3279,126,126,1,1,NA,NA,NA,NA,NA,NA,NA,NA
NA,440000719,1,1,1,47.178,-1.5919,Bouguenais,Loire-Atlantique,Pays de la Loire,1,1,Non-profit facility (PSPH/EBNL),1,1,540,131,131,1,1,NA,NA,NA,NA,NA,NA,NA,NA
NA,760802439,1,1,1,49.588,0.2825,Angerville-l'Orcher,Seine-Maritime,Normandie,1,1,Non-profit facility (PSPH/EBNL),1,1,34,1,1,1,1,NA,NA,NA,NA,NA,NA,NA,NA
NA,750700015,1,1,1,48.8805,2.3602,Paris 10e Arrondissement,Seine-Saint-Denis,Île-de-France,1,1,Non-profit facility (PSPH/EBNL),1,1,1337,249,249,1,1,NA,NA,NA,NA,NA,NA,NA,NA
NA,830206397,1,1,1,43.415,6.8096,Saint-Raphaël,Var,Provence-Alpes-Côte d’Azur,1,1,Private,1,1,1299,219,219,1,1,NA,NA,NA,NA,NA,NA,NA,NA
NA,660005182,1,1,1,42.5979,2.9741,Elne,Pyrénées-Orientales,Occitanie,1,1,Private,1,1,254,75,75,1,1,NA,NA,NA,NA,NA,NA,NA,NA
NA,110004413,1,1,1,43.1875,2.9065,Montredon-des-Corbières,Aude,Occitanie,1,1,Private,1,1,436,79,79,1,1,NA,NA,NA,NA,NA,NA,NA,NA
NA,660005190,1,1,1,42.4975,2.035,Font-Romeu-Odeillo-Via,Pyrénées-Orientales,Occitanie,1,1,Private,1,1,31,17,17,1,1,NA,NA,NA,NA,NA,NA,NA,NA
NA,590811006,1,1,1,50.2881,3.9808,Maubeuge,Nord,Hauts-de-France,1,1,Private,1,1,146,22,22,1,1,NA,NA,NA,NA,NA,NA,NA,NA
NA,110004439,1,1,1,43.2094,2.4431,Trèbes,Aude,Occitanie,1,1,Private,1,1,235,36,36,1,1,NA,NA,NA,NA,NA,NA,NA,NA
NA,340013309,1,1,1,43.6261,3.4373,Clermont-l'Hérault,Hérault,Occitanie,1,1,Private,1,1,509,61,61,1,1,NA,NA,NA,NA,NA,NA,NA,NA
NA,220020119,1,1,1,48.7703,-3.0331,Paimpol,Côtes-d’Armor,Bretagne,1,1,General public hospital (CH),1,1,2007,156,156,1,1,NA,NA,NA,NA,NA,NA,NA,NA
NA,420002677,1,1,1,45.6036,4.322,Saint-Galmier,Loire,Auvergne-Rhône-Alpes,1,1,Non-profit facility (PSPH/EBNL),1,1,351,99,99,1,1,NA,NA,NA,NA,NA,NA,NA,NA
NA,850022047,1,1,1,46.7219,-2.3517,L'Île-d'Yeu,85,Pays de la Loire,1,1,Private,1,1,57,24,24,1,1,NA,NA,NA,NA,NA,NA,NA,NA
NA,750064495,1,1,1,48.8266,2.378,Paris 13e Arrondissement,Val-de-Marne,Île-de-France,1,1,Private,1,1,508,208,208,1,1,NA,NA,NA,NA,NA,NA,NA,NA
NA,660013095,1,1,1,42.7302,2.8684,Perpignan,Pyrénées-Orientales,Occitanie,1,1,General public hospital (CH),1,1,164,94,94,1,1,NA,NA,NA,NA,NA,NA,NA,NA
NA,190009985,1,1,1,45.6526,2.4629,Monestier-Merlines,Corrèze,Nouvelle-Aquitaine,1,1,Non-profit facility (PSPH/EBNL),1,1,129,92,92,1,1,NA,NA,NA,NA,NA,NA,NA,NA
NA,310014329,1,1,1,43.118,0.7291,Saint-Gaudens,Haute-Garonne,Occitanie,1,1,Non-profit facility (PSPH/EBNL),1,1,103,49,49,1,1,NA,NA,NA,NA,NA,NA,NA,NA
NA,630011823,1,1,1,45.786,3.109,Clermont-Ferrand,Puy-de-Dôme,Auvergne-Rhône-Alpes,1,1,Non-profit facility (PSPH/EBNL),1,1,208,57,57,1,1,NA,NA,NA,NA,NA,NA,NA,NA
NA,790000269,1,1,1,46.3328,-0.4606,Niort,Deux-Sèvres,Nouvelle-Aquitaine,1,1,Non-profit facility (PSPH/EBNL),1,1,624,203,203,1,1,NA,NA,NA,NA,NA,NA,NA,NA
NA,660013137,1,1,1,42.734,2.8897,Perpignan,Pyrénées-Orientales,Occitanie,1,1,Private,1,1,218,19,19,1,1,NA,NA,NA,NA,NA,NA,NA,NA
NA,150003416,1,1,1,45.2171,2.3396,Mauriac,Cantal,Auvergne-Rhône-Alpes,1,1,Private,1,1,196,30,30,1,1,NA,NA,NA,NA,NA,NA,NA,NA
NA,300021961,1,1,1,43.8226,4.3189,Nîmes,Gard,Occitanie,1,1,Private,1,1,222,35,35,1,1,NA,NA,NA,NA,NA,NA,NA,NA
NA,110010535,0,0,1,NA,NA,NA,11,Occitanie,1,1,Private,1,1,129,12,12,1,0,NA,NA,NA,NA,NA,NA,NA,NA
NA,750069049,1,1,1,48.8558,2.4017,Paris 20e Arrondissement,Paris,Île-de-France,1,1,Private,1,1,28,26,26,1,1,NA,NA,NA,NA,NA,NA,NA,NA
NA,530008119,1,1,1,47.8284,-0.7093,Château-Gontier,Mayenne,Pays de la Loire,1,1,Private,1,1,690,84,84,1,1,NA,NA,NA,NA,NA,NA,NA,NA
NA,570026575,1,1,1,49.111,6.218,Metz,Moselle,Grand-Est,1,1,Regional/University hospital (CHR/U),1,1,208,45,45,1,1,NA,NA,NA,NA,NA,NA,NA,NA
NA,310787965,1,1,1,43.5664,1.3955,Toulouse,Haute-Garonne,Occitanie,1,1,Non-profit facility (PSPH/EBNL),1,1,238,142,142,1,1,NA,NA,NA,NA,NA,NA,NA,NA
NA,750829053,1,1,1,48.8587,2.3092,Paris 7e Arrondissement,Paris,Île-de-France,1,1,Private,1,1,248,20,20,1,1,NA,NA,NA,NA,NA,NA,NA,NA
NA,130781370,1,1,1,43.6771,4.6396,Arles,Bouches-du-Rhône,Provence-Alpes-Côte d’Azur,1,1,Private,1,1,535,222,222,1,1,NA,NA,NA,NA,NA,NA,NA,NA
NA,810002022,1,1,1,43.9201,2.1473,Albi,Tarn,Occitanie,1,1,Non-profit facility (PSPH/EBNL),1,1,183,72,72,1,1,NA,NA,NA,NA,NA,NA,NA,NA
NA,500000278,1,1,1,49.6003,-1.6004,Cherbourg-en-Cotentin,Manche,Normandie,1,1,Non-profit facility (PSPH/EBNL),1,1,107,88,88,1,1,NA,NA,NA,NA,NA,NA,NA,NA
NA,280000100,1,1,1,48.4673,1.0118,La Loupe,Eure-et-Loir,Centre-Val de Loire,1,1,General public hospital (CH),1,1,64,48,48,1,1,NA,NA,NA,NA,NA,NA,NA,NA
NA,350002754,1,1,1,48.0917,-1.6621,Rennes,Ille-et-Vilaine,Bretagne,1,1,Non-profit facility (PSPH/EBNL),1,1,83,57,57,1,1,NA,NA,NA,NA,NA,NA,NA,NA
NA,130048341,1,1,1,43.2632,5.4112,Marseille,Bouches-du-Rhône,Provence-Alpes-Côte d’Azur,1,1,Private,1,1,614,198,198,1,1,NA,NA,NA,NA,NA,NA,NA,NA
NA,690043476,1,1,1,45.7684,4.8487,Lyon,Rhône,Auvergne-Rhône-Alpes,1,1,Private,1,1,2376,171,171,1,1,NA,NA,NA,NA,NA,NA,NA,NA
NA,350008579,1,1,1,48.0453,-1.6098,Vern-sur-Seiche,Ille-et-Vilaine,Bretagne,1,1,Non-profit facility (PSPH/EBNL),1,1,478,136,136,1,1,NA,NA,NA,NA,NA,NA,NA,NA
NA,660010422,1,1,1,42.6915,2.9363,Cabestany,Pyrénées-Orientales,Occitanie,1,1,Non-profit facility (PSPH/EBNL),1,1,484,103,103,1,1,NA,NA,NA,NA,NA,NA,NA,NA
NA,590047718,1,1,1,50.3565,3.2766,Somain,Nord,Hauts-de-France,1,1,General public hospital (CH),1,1,1598,248,248,1,1,NA,NA,NA,NA,NA,NA,NA,NA
NA,920600061,1,1,1,48.8935,2.2629,Neuilly-sur-Seine,Hauts-de-Seine,Île-de-France,1,1,Non-profit facility (PSPH/EBNL),1,1,11,8,8,1,1,NA,NA,NA,NA,NA,NA,NA,NA
NA,020016341,1,1,1,49.3709,3.3358,Soissons,Aisne,Hauts-de-France,1,1,Non-profit facility (PSPH/EBNL),1,1,307,148,148,1,1,NA,NA,NA,NA,NA,NA,NA,NA
NA,910023654,1,1,1,48.7285,2.3028,Massy,Essonne,Île-de-France,1,1,Private,1,1,22,15,15,1,1,NA,NA,NA,NA,NA,NA,NA,NA
NA,250021078,1,1,1,47.4967,6.8207,Montbéliard,Doubs,Bourgogne-Franche-Comté,1,1,Private,1,1,128,33,33,1,1,NA,NA,NA,NA,NA,NA,NA,NA
NA,880009410,0,0,0,NA,NA,NA,NA,NA,0,0,NA,1,1,38,21,21,1,0,NA,NA,NA,NA,NA,NA,NA,NA
NA,320005879,0,0,0,NA,NA,NA,NA,NA,0,0,NA,1,1,7,7,7,1,0,NA,NA,NA,NA,NA,NA,NA,NA
NA,410011217,1,1,1,47.5976,1.3419,Blois,Loir-et-Cher,Centre-Val de Loire,1,1,Private,1,1,8,5,5,1,1,NA,NA,NA,NA,NA,NA,NA,NA
,NA,NA,NA,NA,NA,NA,NA,NA,NA,NA,NA,NA,NA,NA,NA,NA,NA,NA,NA,NA,NA,NA,NA,NA,NA,NA,NA
SOURCE_MATCH_RATES,NA,NA,NA,NA,NA,NA,NA,NA,NA,NA,NA,NA,NA,NA,NA,NA,NA,NA,NA,NA,NA,NA,NA,NA,NA,NA,NA
NA,NA,NA,NA,NA,NA,NA,NA,NA,NA,NA,NA,NA,NA,NA,NA,NA,NA,NA,NA,facility_meta,2527,99.9,2529,2,NA,NA,NA
NA,NA,NA,NA,NA,NA,NA,NA,NA,NA,NA,NA,NA,NA,NA,NA,NA,NA,NA,NA,coords (in meta),2510,99.2,2529,19,NA,NA,NA
NA,NA,NA,NA,NA,NA,NA,NA,NA,NA,NA,NA,NA,NA,NA,NA,NA,NA,NA,NA,daily_admission,2529,100,2529,0,NA,NA,NA
,NA,NA,NA,NA,NA,NA,NA,NA,NA,NA,NA,NA,NA,NA,NA,NA,NA,NA,NA,NA,NA,NA,NA,NA,NA,NA,NA
ATTRIBUTE_FILL_RATES,NA,NA,NA,NA,NA,NA,NA,NA,NA,NA,NA,NA,NA,NA,NA,NA,NA,NA,NA,NA,NA,NA,NA,NA,NA,NA,NA
NA,NA,NA,NA,NA,NA,NA,NA,NA,NA,NA,NA,NA,NA,NA,NA,NA,NA,NA,NA,NA,NA,NA,NA,19,lat/lon (WGS84),2510,99.2
NA,NA,NA,NA,NA,NA,NA,NA,NA,NA,NA,NA,NA,NA,NA,NA,NA,NA,NA,NA,NA,NA,NA,NA,8,region resolved,2521,99.7
NA,NA,NA,NA,NA,NA,NA,NA,NA,NA,NA,NA,NA,NA,NA,NA,NA,NA,NA,NA,NA,NA,NA,NA,2,facility type (PMSI),2527,99.9
NA,NA,NA,NA,NA,NA,NA,NA,NA,NA,NA,NA,NA,NA,NA,NA,NA,NA,NA,NA,NA,NA,NA,NA,0,admissions > 0,2529,100
NA,NA,NA,NA,NA,NA,NA,NA,NA,NA,NA,NA,NA,NA,NA,NA,NA,NA,NA,NA,NA,NA,NA,NA,19,fully covered (all three),2510,99.2
