"sim_id","seed_rule","seed_type","tier","rep_id","seed_hospital","ever_extinct","peak_n_hosp_inf","net_cumulative_inc","fac_cumulative_inc_mean","net_ss_inc","fac_ss_inc_mean","net_ss_prev_pct","fac_ss_prev_mean_pct","net_final_prev_pct","fac_final_prev_mean_pct","hospital_type","region","in_degree","out_degree","betweenness","no_beds","pi_vec_val","mean_beta","beta_sd","source","global_sim_id"
1,"highest_betweenness + highest_in_degree + highest_out_degree + largest_beds + largest_outgoing","fixed","Low",1,"750100125",TRUE,1,0,0,0,0,0,0,0,0,"MCO/SSR","Île-de-France",420,433,249789.64473682,1713,0,0.0549,0.0127551020408163,"cluster_job_01","cluster_job_01_sim1"
2,"highest_betweenness + highest_in_degree + highest_out_degree + largest_beds + largest_outgoing","fixed","Low",2,"750100125",TRUE,1,0,0,0,0,0,0,0,0,"MCO/SSR","Île-de-France",420,433,249789.64473682,1713,0,0.0549,0.0127551020408163,"cluster_job_01","cluster_job_01_sim2"
3,"highest_betweenness + highest_in_degree + highest_out_degree + largest_beds + largest_outgoing","fixed","Low",3,"750100125",TRUE,3,0,0,0,0,0,0,0,0,"MCO/SSR","Île-de-France",420,433,249789.64473682,1713,0,0.0549,0.0127551020408163,"cluster_job_01","cluster_job_01_sim3"
4,"highest_betweenness + highest_in_degree + highest_out_degree + largest_beds + largest_outgoing","fixed","Low",4,"750100125",TRUE,4,0,0,0,0,0,0,0,0,"MCO/SSR","Île-de-France",420,433,249789.64473682,1713,0,0.0549,0.0127551020408163,"cluster_job_01","cluster_job_01_sim4"
5,"highest_betweenness + highest_in_degree + highest_out_degree + largest_beds + largest_outgoing","fixed","Low",5,"750100125",TRUE,3,0,0,0,0,0,0,0,0,"MCO/SSR","Île-de-France",420,433,249789.64473682,1713,0,0.0549,0.0127551020408163,"cluster_job_01","cluster_job_01_sim5"
6,"highest_betweenness + highest_in_degree + highest_out_degree + largest_beds + largest_outgoing","fixed","Low",6,"750100125",TRUE,1,0,0,0,0,0,0,0,0,"MCO/SSR","Île-de-France",420,433,249789.64473682,1713,0,0.0549,0.0127551020408163,"cluster_job_01","cluster_job_01_sim6"
7,"highest_betweenness + highest_in_degree + highest_out_degree + largest_beds + largest_outgoing","fixed","Low",7,"750100125",TRUE,3,0,0,0,0,0,0,0,0,"MCO/SSR","Île-de-France",420,433,249789.64473682,1713,0,0.0549,0.0127551020408163,"cluster_job_01","cluster_job_01_sim7"
8,"highest_betweenness + highest_in_degree + highest_out_degree + largest_beds + largest_outgoing","fixed","Low",8,"750100125",FALSE,26,0.0082,0.0072,0.0222,0.017,0.0708,0.0565,0.0777,0.0633,"MCO/SSR","Île-de-France",420,433,249789.64473682,1713,0,0.0549,0.0127551020408163,"cluster_job_01","cluster_job_01_sim8"
9,"highest_betweenness + highest_in_degree + highest_out_degree + largest_beds + largest_outgoing","fixed","Low",9,"750100125",FALSE,86,0.03,0.0213,0.1151,0.0812,0.3676,0.2226,0.416,0.2559,"MCO/SSR","Île-de-France",420,433,249789.64473682,1713,0,0.0549,0.0127551020408163,"cluster_job_01","cluster_job_01_sim9"
10,"highest_betweenness + highest_in_degree + highest_out_degree + largest_beds + largest_outgoing","fixed","Low",10,"750100125",TRUE,3,0,0,0,0,0,0,0,0,"MCO/SSR","Île-de-France",420,433,249789.64473682,1713,0,0.0549,0.0127551020408163,"cluster_job_01","cluster_job_01_sim10"
11,"highest_betweenness + highest_in_degree + highest_out_degree + largest_beds + largest_outgoing","fixed","Low",11,"750100125",FALSE,81,0.0286,0.0248,0.0975,0.0833,0.2737,0.2196,0.2948,0.2338,"MCO/SSR","Île-de-France",420,433,249789.64473682,1713,0,0.0549,0.0127551020408163,"cluster_job_01","cluster_job_01_sim11"
12,"highest_betweenness + highest_in_degree + highest_out_degree + largest_beds + largest_outgoing","fixed","Low",12,"750100125",TRUE,3,0,0,0,0,0,0,0,0,"MCO/SSR","Île-de-France",420,433,249789.64473682,1713,0,0.0549,0.0127551020408163,"cluster_job_01","cluster_job_01_sim12"
13,"highest_betweenness + highest_in_degree + highest_out_degree + largest_beds + largest_outgoing","fixed","Low",13,"750100125",TRUE,1,0,0,0,0,0,0,0,0,"MCO/SSR","Île-de-France",420,433,249789.64473682,1713,0,0.0549,0.0127551020408163,"cluster_job_01","cluster_job_01_sim13"
14,"highest_betweenness + highest_in_degree + highest_out_degree + largest_beds + largest_outgoing","fixed","Low",14,"750100125",FALSE,179,0.0904,0.0562,0.2963,0.1818,0.8329,0.5142,0.9038,0.5465,"MCO/SSR","Île-de-France",420,433,249789.64473682,1713,0,0.0549,0.0127551020408163,"cluster_job_01","cluster_job_01_sim14"
15,"highest_betweenness + highest_in_degree + highest_out_degree + largest_beds + largest_outgoing","fixed","Low",15,"750100125",TRUE,2,0,0,0,0,0,0,0,0,"MCO/SSR","Île-de-France",420,433,249789.64473682,1713,0,0.0549,0.0127551020408163,"cluster_job_01","cluster_job_01_sim15"
16,"highest_betweenness + highest_in_degree + highest_out_degree + largest_beds + largest_outgoing","fixed","Moderate",1,"750100125",FALSE,1037,0.8893,0.7261,3.8915,3.4943,8.2613,7.3993,9.4686,8.3363,"MCO/SSR","Île-de-France",420,433,249789.64473682,1713,0,0.102,0.00892857142857143,"cluster_job_01","cluster_job_01_sim16"
17,"highest_betweenness + highest_in_degree + highest_out_degree + largest_beds + largest_outgoing","fixed","Moderate",2,"750100125",TRUE,2,0,0,0,0,0,0,0,0,"MCO/SSR","Île-de-France",420,433,249789.64473682,1713,0,0.102,0.00892857142857143,"cluster_job_01","cluster_job_01_sim17"
18,"highest_betweenness + highest_in_degree + highest_out_degree + largest_beds + largest_outgoing","fixed","Moderate",3,"750100125",TRUE,3,0,0,0,0,0,0,0,0,"MCO/SSR","Île-de-France",420,433,249789.64473682,1713,0,0.102,0.00892857142857143,"cluster_job_01","cluster_job_01_sim18"
19,"highest_betweenness + highest_in_degree + highest_out_degree + largest_beds + largest_outgoing","fixed","Moderate",4,"750100125",FALSE,1090,0.9513,0.7693,4.1005,3.6244,8.4542,7.4223,9.6554,8.3606,"MCO/SSR","Île-de-France",420,433,249789.64473682,1713,0,0.102,0.00892857142857143,"cluster_job_01","cluster_job_01_sim19"
20,"highest_betweenness + highest_in_degree + highest_out_degree + largest_beds + largest_outgoing","fixed","Moderate",5,"750100125",TRUE,3,0,0,0,0,0,0,0,0,"MCO/SSR","Île-de-France",420,433,249789.64473682,1713,0,0.102,0.00892857142857143,"cluster_job_01","cluster_job_01_sim20"
21,"highest_betweenness + highest_in_degree + highest_out_degree + largest_beds + largest_outgoing","fixed","Moderate",6,"750100125",TRUE,2,0,0,0,0,0,0,0,0,"MCO/SSR","Île-de-France",420,433,249789.64473682,1713,0,0.102,0.00892857142857143,"cluster_job_01","cluster_job_01_sim21"
22,"highest_betweenness + highest_in_degree + highest_out_degree + largest_beds + largest_outgoing","fixed","Moderate",7,"750100125",FALSE,1407,1.508,1.3086,5.5561,5.1949,11.3778,10.6816,13.0414,11.9646,"MCO/SSR","Île-de-France",420,433,249789.64473682,1713,0,0.102,0.00892857142857143,"cluster_job_01","cluster_job_01_sim22"
23,"highest_betweenness + highest_in_degree + highest_out_degree + largest_beds + largest_outgoing","fixed","Moderate",8,"750100125",TRUE,3,0,0,0,0,0,0,0,0,"MCO/SSR","Île-de-France",420,433,249789.64473682,1713,0,0.102,0.00892857142857143,"cluster_job_01","cluster_job_01_sim23"
24,"highest_betweenness + highest_in_degree + highest_out_degree + largest_beds + largest_outgoing","fixed","Moderate",9,"750100125",FALSE,1602,2.0228,1.79,6.7966,6.5804,14.0021,13.528,15.8376,15.0386,"MCO/SSR","Île-de-France",420,433,249789.64473682,1713,0,0.102,0.00892857142857143,"cluster_job_01","cluster_job_01_sim24"
25,"highest_betweenness + highest_in_degree + highest_out_degree + largest_beds + largest_outgoing","fixed","Moderate",10,"750100125",TRUE,3,0,0,0,0,0,0,0,0,"MCO/SSR","Île-de-France",420,433,249789.64473682,1713,0,0.102,0.00892857142857143,"cluster_job_01","cluster_job_01_sim25"
26,"highest_betweenness + highest_in_degree + highest_out_degree + largest_beds + largest_outgoing","fixed","Moderate",11,"750100125",FALSE,1838,2.9777,2.7942,8.4106,8.6404,17.3721,18.0612,19.4441,19.5687,"MCO/SSR","Île-de-France",420,433,249789.64473682,1713,0,0.102,0.00892857142857143,"cluster_job_01","cluster_job_01_sim26"
27,"highest_betweenness + highest_in_degree + highest_out_degree + largest_beds + largest_outgoing","fixed","Moderate",12,"750100125",TRUE,2,0,0,0,0,0,0,0,0,"MCO/SSR","Île-de-France",420,433,249789.64473682,1713,0,0.102,0.00892857142857143,"cluster_job_01","cluster_job_01_sim27"
28,"highest_betweenness + highest_in_degree + highest_out_degree + largest_beds + largest_outgoing","fixed","Moderate",13,"750100125",TRUE,1,0,0,0,0,0,0,0,0,"MCO/SSR","Île-de-France",420,433,249789.64473682,1713,0,0.102,0.00892857142857143,"cluster_job_01","cluster_job_01_sim28"
29,"highest_betweenness + highest_in_degree + highest_out_degree + largest_beds + largest_outgoing","fixed","Moderate",14,"750100125",TRUE,2,0,0,0,0,0,0,0,0,"MCO/SSR","Île-de-France",420,433,249789.64473682,1713,0,0.102,0.00892857142857143,"cluster_job_01","cluster_job_01_sim29"
30,"highest_betweenness + highest_in_degree + highest_out_degree + largest_beds + largest_outgoing","fixed","Moderate",15,"750100125",TRUE,1,0,0,0,0,0,0,0,0,"MCO/SSR","Île-de-France",420,433,249789.64473682,1713,0,0.102,0.00892857142857143,"cluster_job_01","cluster_job_01_sim30"
31,"random_MCO","type_random","Low",1,"590000188",TRUE,2,0,0,0,0,0,0,0,0,"MCO","Hauts-de-France",71,82,17791.7654149618,121,0,0.0549,0.0127551020408163,"cluster_job_01","cluster_job_01_sim31"
32,"random_MCO","type_random","Low",2,"130810740",TRUE,2,0,0,0,0,0,0,0,0,"MCO","Provence-Alpes-Côte d'Azur",59,74,2296.28283276735,102,0,0.0549,0.0127551020408163,"cluster_job_01","cluster_job_01_sim32"
33,"random_MCO","type_random","Low",3,"100010818",TRUE,1,0,0,0,0,0,0,0,0,"MCO","Grand-Est",10,20,3759.48049960123,37,0,0.0549,0.0127551020408163,"cluster_job_01","cluster_job_01_sim33"
34,"random_MCO","type_random","Low",4,"190000026",TRUE,3,0,0,0,0,0,0,0,0,"MCO","Nouvelle-Aquitaine",20,44,4830.58825655764,233,0,0.0549,0.0127551020408163,"cluster_job_01","cluster_job_01_sim34"
35,"random_MCO","type_random","Low",5,"920000684",TRUE,2,0,0,0,0,0,0,0,0,"MCO","Île-de-France",211,217,84039.0470088496,215,0,0.0549,0.0127551020408163,"cluster_job_01","cluster_job_01_sim35"
36,"random_MCO","type_random","Low",6,"570001016",TRUE,3,0,1e-04,0,0,0,0,0,0,"MCO","Grand-Est",1,6,6.03371212121212,11,0,0.0549,0.0127551020408163,"cluster_job_01","cluster_job_01_sim36"
37,"random_MCO","type_random","Low",7,"510024979",TRUE,2,0,0,0,0,0,0,0,0,"MCO","Grand-Est",57,60,16171.2687628,360,0,0.0549,0.0127551020408163,"cluster_job_01","cluster_job_01_sim37"
38,"random_MCO","type_random","Low",8,"660006305",TRUE,3,0,0,0,0,0,0,0,0,"MCO","Occitanie",19,28,1146.82747461199,82,0,0.0549,0.0127551020408163,"cluster_job_01","cluster_job_01_sim38"
39,"random_MCO","type_random","Low",9,"210986840",TRUE,2,0,0,0,0,0,0,0,0,"MCO","Bourgogne-Franche-Comté",17,6,3510.53688707698,15,0,0.0549,0.0127551020408163,"cluster_job_01","cluster_job_01_sim39"
40,"random_MCO","type_random","Low",10,"490000049",TRUE,2,0,0,0,0,0,0,0,0,"MCO","Pays de la Loire",142,161,95208.366677123,1104,0,0.0549,0.0127551020408163,"cluster_job_01","cluster_job_01_sim40"
41,"random_MCO","type_random","Low",11,"580972669",TRUE,3,0,0,0,0,0,0,0,0,"MCO","Bourgogne-Franche-Comté",11,41,762.583254617946,49,0,0.0549,0.0127551020408163,"cluster_job_01","cluster_job_01_sim41"
42,"random_MCO","type_random","Low",12,"640780946",TRUE,1,0,0,0,0,0,0,0,0,"MCO","Nouvelle-Aquitaine",37,53,3348.91834928256,202,0,0.0549,0.0127551020408163,"cluster_job_01","cluster_job_01_sim42"
43,"random_MCO","type_random","Low",13,"870000411",TRUE,3,0,0,0,0,0,0,0,0,"MCO","Nouvelle-Aquitaine",23,36,1830.59162146529,105,0,0.0549,0.0127551020408163,"cluster_job_01","cluster_job_01_sim43"
44,"random_MCO","type_random","Low",14,"660780776",TRUE,2,0,0,0,0,0,0,0,0,"MCO","Occitanie",4,15,33.5306361883889,30,0,0.0549,0.0127551020408163,"cluster_job_01","cluster_job_01_sim44"
45,"random_MCO","type_random","Low",15,"540000072",TRUE,2,0,0,0,0,0,0,0,0,"MCO","Grand-Est",10,6,208.688026134479,14,0,0.0549,0.0127551020408163,"cluster_job_01","cluster_job_01_sim45"
46,"random_MCO","type_random","Moderate",1,"660780776",FALSE,1240,1.0255,1.117,4.2945,4.4157,8.3735,8.5946,9.7772,9.7104,"MCO","Occitanie",4,15,33.5306361883889,30,0,0.102,0.00892857142857143,"cluster_job_01","cluster_job_01_sim46"
47,"random_MCO","type_random","Moderate",2,"680020823",FALSE,542,0.2619,0.2521,1.3665,1.2811,2.4679,2.3518,2.9473,2.7304,"MCO","Grand-Est",5,6,0.2,148,0,0.102,0.00892857142857143,"cluster_job_01","cluster_job_01_sim47"
48,"random_MCO","type_random","Moderate",3,"950000349",TRUE,2,0,0,0,0,0,0,0,0,"MCO","Île-de-France",14,32,243.159190009445,27,0,0.102,0.00892857142857143,"cluster_job_01","cluster_job_01_sim48"
49,"random_MCO","type_random","Moderate",4,"670780188",TRUE,3,0,0,0,0,0,0,0,0,"MCO","Grand-Est",22,27,3215.71301915726,95,0,0.102,0.00892857142857143,"cluster_job_01","cluster_job_01_sim49"
50,"random_MCO","type_random","Moderate",5,"560023848",TRUE,3,0,0,0,0,0,0,0,0,"MCO","Bretagne",11,15,1963.83759748983,148,0,0.102,0.00892857142857143,"cluster_job_01","cluster_job_01_sim50"
51,"random_MCO","type_random","Moderate",6,"130042096",TRUE,3,0,0,0,0,0,0,0,0,"MCO","Provence-Alpes-Côte d'Azur",35,31,893.709712480964,53,0,0.102,0.00892857142857143,"cluster_job_01","cluster_job_01_sim51"
52,"random_MCO","type_random","Moderate",7,"130783293",FALSE,1569,1.5723,1.4438,6.4282,6.1764,13.4622,12.7257,15.3399,14.3475,"MCO","Provence-Alpes-Côte d'Azur",199,248,121603.723184025,967,0,0.102,0.00892857142857143,"cluster_job_01","cluster_job_01_sim52"
53,"random_MCO","type_random","Moderate",8,"340019603",FALSE,188,0.0715,0.0631,0.3943,0.3508,0.7634,0.6941,0.9273,0.8202,"MCO","Occitanie",13,11,160.382573934442,148,0,0.102,0.00892857142857143,"cluster_job_01","cluster_job_01_sim53"
54,"random_MCO","type_random","Moderate",9,"130784481",TRUE,4,1e-04,1e-04,0,0,0,0,0,0,"MCO","Provence-Alpes-Côte d'Azur",46,44,48266.4102997579,148,0,0.102,0.00892857142857143,"cluster_job_01","cluster_job_01_sim54"
55,"random_MCO","type_random","Moderate",10,"250000700",TRUE,2,0,0,0,0,0,0,0,0,"MCO","Bourgogne-Franche-Comté",17,37,9085.42093623278,175,0,0.102,0.00892857142857143,"cluster_job_01","cluster_job_01_sim55"
56,"random_MCO","type_random","Moderate",11,"110000023",TRUE,4,1e-04,1e-04,0,0,0,0,0,0,"MCO","Occitanie",54,87,30100.8847368574,385,0,0.102,0.00892857142857143,"cluster_job_01","cluster_job_01_sim56"
57,"random_MCO","type_random","Moderate",12,"760780783",FALSE,1064,0.9486,0.8135,4.1837,3.7114,8.5538,7.6723,9.8231,8.6801,"MCO","Normandie",6,17,74.1695699785764,18,0,0.102,0.00892857142857143,"cluster_job_01","cluster_job_01_sim57"
58,"random_MCO","type_random","Moderate",13,"810101444",TRUE,2,0,0,0,0,0,0,0,0,"MCO","Occitanie",25,32,1169.18725155232,105,0,0.102,0.00892857142857143,"cluster_job_01","cluster_job_01_sim58"
59,"random_MCO","type_random","Moderate",14,"590000188",TRUE,3,0,0,0,0,0,0,0,0,"MCO","Hauts-de-France",71,82,17791.7654149618,121,0,0.102,0.00892857142857143,"cluster_job_01","cluster_job_01_sim59"
60,"random_MCO","type_random","Moderate",15,"660013137",TRUE,5,1e-04,1e-04,0,0,0,0,0,0,"MCO","Occitanie",2,4,0,148,0,0.102,0.00892857142857143,"cluster_job_01","cluster_job_01_sim60"
61,"random_MCO_SSR","type_random","Low",1,"750801441",TRUE,1,0,0,0,0,0,0,0,0,"MCO/SSR","Île-de-France",38,29,4915.35285281764,155,0,0.0549,0.0127551020408163,"cluster_job_01","cluster_job_01_sim61"
62,"random_MCO_SSR","type_random","Low",2,"610000093",TRUE,5,2e-04,5e-04,0,0,0,0,0,0,"MCO/SSR","Normandie",19,13,1378.39272620903,43,0,0.0549,0.0127551020408163,"cluster_job_01","cluster_job_01_sim62"
63,"random_MCO_SSR","type_random","Low",3,"180000010",FALSE,212,0.1288,0.0828,0.3386,0.2344,1.0418,0.6558,1.1331,0.7194,"MCO/SSR","Centre-Val de Loire",47,82,11013.3363380514,482,0,0.0549,0.0127551020408163,"cluster_job_01","cluster_job_01_sim63"
64,"random_MCO_SSR","type_random","Low",4,"060000163",TRUE,2,0,0,0,0,0,0,0,0,"MCO/SSR","Provence-Alpes-Côte d'Azur",9,1,0,12,0,0.0549,0.0127551020408163,"cluster_job_01","cluster_job_01_sim64"
65,"random_MCO_SSR","type_random","Low",5,"430000190",TRUE,3,0,0,0,0,0,0,0,0,"MCO/SSR","Auvergne-Rhône-Alpes",16,27,1844.74129680723,94,0,0.0549,0.0127551020408163,"cluster_job_01","cluster_job_01_sim65"
66,"random_MCO_SSR","type_random","Low",6,"340782085",TRUE,5,0,0,0,0,0,0,0,0,"MCO/SSR","Occitanie",100,136,49270.7729649296,261,0,0.0549,0.0127551020408163,"cluster_job_01","cluster_job_01_sim66"
67,"random_MCO_SSR","type_random","Low",7,"770000214",TRUE,4,0,0,0,0,0,0,0,0,"MCO/SSR","Île-de-France",47,50,1750.94234251042,193,0,0.0549,0.0127551020408163,"cluster_job_01","cluster_job_01_sim67"
68,"random_MCO_SSR","type_random","Low",8,"680000122",TRUE,2,0,1e-04,0,0,0,0,0,0,"MCO/SSR","Grand-Est",12,5,534.120237471977,91,0,0.0549,0.0127551020408163,"cluster_job_01","cluster_job_01_sim68"
69,"random_MCO_SSR","type_random","Low",9,"600100101",TRUE,3,0,0,0,0,0,0,0,0,"MCO/SSR","Hauts-de-France",21,25,1743.02718509781,126,0,0.0549,0.0127551020408163,"cluster_job_01","cluster_job_01_sim69"
70,"random_MCO_SSR","type_random","Low",10,"570000646",TRUE,3,0,0,0,0,0,0,0,0,"MCO/SSR","Grand-Est",45,49,2566.26518720065,213,0,0.0549,0.0127551020408163,"cluster_job_01","cluster_job_01_sim70"
71,"random_MCO_SSR","type_random","Low",11,"670017458",TRUE,3,0,0,0,0,0,0,0,0,"MCO/SSR","Grand-Est",14,18,3318.73294664971,60,0,0.0549,0.0127551020408163,"cluster_job_01","cluster_job_01_sim71"
72,"random_MCO_SSR","type_random","Low",12,"390000057",TRUE,2,0,0,0,0,0,0,0,0,"MCO/SSR","Bourgogne-Franche-Comté",14,16,731.584405346207,26,0,0.0549,0.0127551020408163,"cluster_job_01","cluster_job_01_sim72"
73,"random_MCO_SSR","type_random","Low",13,"260000120",TRUE,2,0,0,0,0,0,0,0,0,"MCO/SSR","Auvergne-Rhône-Alpes",45,64,7304.75141763132,277,0,0.0549,0.0127551020408163,"cluster_job_01","cluster_job_01_sim73"
74,"random_MCO_SSR","type_random","Low",14,"850000191",TRUE,5,0,1e-04,0,0,0,0,0,0,"MCO/SSR","Pays de la Loire",12,11,757.156594900943,15,0,0.0549,0.0127551020408163,"cluster_job_01","cluster_job_01_sim74"
75,"random_MCO_SSR","type_random","Low",15,"590000592",TRUE,2,0,0,0,0,0,0,0,0,"MCO/SSR","Hauts-de-France",28,40,1962.51679134109,262,0,0.0549,0.0127551020408163,"cluster_job_01","cluster_job_01_sim75"
76,"random_MCO_SSR","type_random","Moderate",1,"030000061",TRUE,3,0,0,0,0,0,0,0,0,"MCO/SSR","Auvergne-Rhône-Alpes",41,57,61494.5983024707,345,0,0.102,0.00892857142857143,"cluster_job_01","cluster_job_01_sim76"
77,"random_MCO_SSR","type_random","Moderate",2,"590049565",TRUE,5,0,1e-04,0,0,0,0,0,0,"MCO/SSR","Hauts-de-France",26,15,911.727995621776,54,0,0.102,0.00892857142857143,"cluster_job_01","cluster_job_01_sim77"
78,"random_MCO_SSR","type_random","Moderate",3,"110000247",FALSE,297,0.1185,0.1182,0.7347,0.7165,1.3815,1.3167,1.7018,1.5986,"MCO/SSR","Occitanie",15,31,1146.45845099344,67,0,0.102,0.00892857142857143,"cluster_job_01","cluster_job_01_sim78"
79,"random_MCO_SSR","type_random","Moderate",4,"060800166",TRUE,3,0,0,0,0,0,0,0,0,"MCO/SSR","Provence-Alpes-Côte d'Azur",38,40,3038.77640587625,255,0,0.102,0.00892857142857143,"cluster_job_01","cluster_job_01_sim79"
80,"random_MCO_SSR","type_random","Moderate",5,"420000226",FALSE,808,0.4348,0.4237,2.343,2.2088,4.405,4.0411,5.3083,4.6893,"MCO/SSR","Auvergne-Rhône-Alpes",24,43,2390.31878123652,143,0,0.102,0.00892857142857143,"cluster_job_01","cluster_job_01_sim80"
81,"random_MCO_SSR","type_random","Moderate",6,"350000741",TRUE,2,0,0,0,0,0,0,0,0,"MCO/SSR","Bretagne",171,185,125302.011166821,1402,0,0.102,0.00892857142857143,"cluster_job_01","cluster_job_01_sim81"
82,"random_MCO_SSR","type_random","Moderate",7,"800009920",TRUE,3,0,0,0,0,0,0,0,0,"MCO/SSR","Hauts-de-France",32,44,3791.87614549013,269,0,0.102,0.00892857142857143,"cluster_job_01","cluster_job_01_sim82"
83,"random_MCO_SSR","type_random","Moderate",8,"840000434",FALSE,210,0.1097,0.1047,0.5397,0.5044,1.1915,1.0924,1.3576,1.2242,"MCO/SSR","Provence-Alpes-Côte d'Azur",27,9,1349.84916853142,30,0,0.102,0.00892857142857143,"cluster_job_01","cluster_job_01_sim83"
84,"random_MCO_SSR","type_random","Moderate",9,"590000691",TRUE,4,1e-04,1e-04,0,0,0,0,0,0,"MCO/SSR","Hauts-de-France",14,17,201.047053925867,95,0,0.102,0.00892857142857143,"cluster_job_01","cluster_job_01_sim84"
85,"random_MCO_SSR","type_random","Moderate",10,"570000026",TRUE,4,0,0,0,0,0,0,0,0,"MCO/SSR","Grand-Est",14,15,390.565263418669,34,0,0.102,0.00892857142857143,"cluster_job_01","cluster_job_01_sim85"
86,"random_MCO_SSR","type_random","Moderate",11,"290000033",TRUE,5,0,0,0,0,0,0,0,0,"MCO/SSR","Bretagne",34,53,10751.2492041749,304,0,0.102,0.00892857142857143,"cluster_job_01","cluster_job_01_sim86"
87,"random_MCO_SSR","type_random","Moderate",12,"590791091",TRUE,2,0,0,0,0,0,0,0,0,"MCO/SSR","Hauts-de-France",12,8,238.534071365803,62,0,0.102,0.00892857142857143,"cluster_job_01","cluster_job_01_sim87"
88,"random_MCO_SSR","type_random","Moderate",13,"080000110",TRUE,3,0,0,0,0,0,0,0,0,"MCO/SSR","Grand-Est",16,25,5593.97732097458,143,0,0.102,0.00892857142857143,"cluster_job_01","cluster_job_01_sim88"
89,"random_MCO_SSR","type_random","Moderate",14,"710781410",TRUE,5,0,0,0,0,0,0,0,0,"MCO/SSR","Bourgogne-Franche-Comté",17,19,1201.01368472267,47,0,0.102,0.00892857142857143,"cluster_job_01","cluster_job_01_sim89"
90,"random_MCO_SSR","type_random","Moderate",15,"690007539",TRUE,3,0,0,0,0,0,0,0,0,"MCO/SSR","Auvergne-Rhône-Alpes",97,72,18296.9536911712,347,0,0.102,0.00892857142857143,"cluster_job_01","cluster_job_01_sim90"
91,"random_SSR","type_random","Low",1,"950787135",TRUE,3,0,2e-04,0,0,0,0,0,0,"SSR","Île-de-France",9,6,107.288253126981,26,0,0.0549,0.0127551020408163,"cluster_job_01","cluster_job_01_sim91"
92,"random_SSR","type_random","Low",2,"360003149",FALSE,86,0.0256,0.0185,0.1007,0.0604,0.2439,0.1371,0.2857,0.1617,"SSR","Centre-Val de Loire",23,13,754.038504818777,92,0,0.0549,0.0127551020408163,"cluster_job_01","cluster_job_01_sim92"
93,"random_SSR","type_random","Low",3,"670780121",TRUE,2,0,0,0,0,0,0,0,0,"SSR","Grand-Est",29,8,1422.88773827878,252,0,0.0549,0.0127551020408163,"cluster_job_01","cluster_job_01_sim93"
94,"random_SSR","type_random","Low",4,"310786702",TRUE,2,0,0,0,0,0,0,0,0,"SSR","Occitanie",31,14,1989.90062658928,102,0,0.0549,0.0127551020408163,"cluster_job_01","cluster_job_01_sim94"
95,"random_SSR","type_random","Low",5,"480780279",TRUE,3,0,2e-04,0,0,0,0,0,0,"SSR","Occitanie",14,16,1382.04944858781,26,0,0.0549,0.0127551020408163,"cluster_job_01","cluster_job_01_sim95"
96,"random_SSR","type_random","Low",6,"310781125",TRUE,1,0,0,0,0,0,0,0,0,"SSR","Occitanie",23,19,329.347501356653,53,0,0.0549,0.0127551020408163,"cluster_job_01","cluster_job_01_sim96"
97,"random_SSR","type_random","Low",7,"880000203",TRUE,6,2e-04,0.0012,0,0,0,0,0,0,"SSR","Grand-Est",12,5,64.3780427939731,19,0,0.0549,0.0127551020408163,"cluster_job_01","cluster_job_01_sim97"
98,"random_SSR","type_random","Low",8,"760017079",TRUE,3,0,0,0,0,0,0,0,0,"SSR","Normandie",27,6,455.947716947141,169,0,0.0549,0.0127551020408163,"cluster_job_01","cluster_job_01_sim98"
99,"random_SSR","type_random","Low",9,"780000352",FALSE,116,0.0553,0.0345,0.1694,0.0984,0.4899,0.2855,0.5284,0.3011,"SSR","Île-de-France",91,34,1908.441772005,204,0,0.0549,0.0127551020408163,"cluster_job_01","cluster_job_01_sim99"
100,"random_SSR","type_random","Low",10,"310781984",TRUE,2,0,0,0,0,0,0,0,0,"SSR","Occitanie",42,28,3801.41100864923,198,0,0.0549,0.0127551020408163,"cluster_job_01","cluster_job_01_sim100"
101,"random_SSR","type_random","Low",11,"820002350",TRUE,3,0,0,0,0,0,0,0,0,"SSR","Occitanie",16,10,648.336733975645,95,0,0.0549,0.0127551020408163,"cluster_job_01","cluster_job_01_sim101"
102,"random_SSR","type_random","Low",12,"240000463",TRUE,2,0,1e-04,0,0,0,0,0,0,"SSR","Nouvelle-Aquitaine",13,7,525.11635621436,22,0,0.0549,0.0127551020408163,"cluster_job_01","cluster_job_01_sim102"
103,"random_SSR","type_random","Low",13,"770027696",FALSE,27,0.0081,0.0101,0.0263,0.025,0.0677,0.0679,0.0782,0.0741,"SSR","Île-de-France",0,1,0,68,0,0.0549,0.0127551020408163,"cluster_job_01","cluster_job_01_sim103"
104,"random_SSR","type_random","Low",14,"820000412",TRUE,4,0,1e-04,0,0,0,0,0,0,"SSR","Occitanie",46,11,3942.36336431563,70,0,0.0549,0.0127551020408163,"cluster_job_01","cluster_job_01_sim104"
105,"random_SSR","type_random","Low",15,"430000182",TRUE,2,0,0,0,0,0,0,0,0,"SSR","Auvergne-Rhône-Alpes",12,5,145.819137404032,59,0,0.0549,0.0127551020408163,"cluster_job_01","cluster_job_01_sim105"
106,"random_SSR","type_random","Moderate",1,"310790472",TRUE,1,0,0,0,0,0,0,0,0,"SSR","Occitanie",30,11,3435.74619517021,218,0,0.102,0.00892857142857143,"cluster_job_01","cluster_job_01_sim106"
107,"random_SSR","type_random","Moderate",2,"410000210",TRUE,1,0,0,0,0,0,0,0,0,"SSR","Centre-Val de Loire",10,6,207.469714370055,16,0,0.102,0.00892857142857143,"cluster_job_01","cluster_job_01_sim107"
108,"random_SSR","type_random","Moderate",3,"290000371",FALSE,1192,1.0462,0.8932,4.5302,4.0761,8.9385,7.9949,10.36,9.086,"SSR","Bretagne",16,10,2098.03627027807,165,0,0.102,0.00892857142857143,"cluster_job_01","cluster_job_01_sim108"
109,"random_SSR","type_random","Moderate",4,"870002516",TRUE,3,0,1e-04,0,0,0,0,0,0,"SSR","Nouvelle-Aquitaine",11,7,487.516027829261,45,0,0.102,0.00892857142857143,"cluster_job_01","cluster_job_01_sim109"
110,"random_SSR","type_random","Moderate",5,"110786746",TRUE,3,0,0,0,0,0,0,0,0,"SSR","Occitanie",15,3,53.0793282993705,84,0,0.102,0.00892857142857143,"cluster_job_01","cluster_job_01_sim110"
111,"random_SSR","type_random","Moderate",6,"210986741",TRUE,1,0,0,0,0,0,0,0,0,"SSR","Bourgogne-Franche-Comté",22,16,3097.08284568843,70,0,0.102,0.00892857142857143,"cluster_job_01","cluster_job_01_sim111"
112,"random_SSR","type_random","Moderate",7,"300786274",TRUE,2,0,0,0,0,0,0,0,0,"SSR","Occitanie",2,1,0,32,0,0.102,0.00892857142857143,"cluster_job_01","cluster_job_01_sim112"
113,"random_SSR","type_random","Moderate",8,"590782611",TRUE,3,0,0,0,0,0,0,0,0,"SSR","Hauts-de-France",11,7,397.543119048325,132,0,0.102,0.00892857142857143,"cluster_job_01","cluster_job_01_sim113"
114,"random_SSR","type_random","Moderate",9,"250000759",FALSE,1523,1.6031,1.5631,6.1978,6.2607,12.7501,12.9106,14.4114,14.2455,"SSR","Bourgogne-Franche-Comté",15,2,1.1547619047619,162,0,0.102,0.00892857142857143,"cluster_job_01","cluster_job_01_sim114"
115,"random_SSR","type_random","Moderate",10,"710780081",FALSE,1353,1.0764,0.9942,4.9274,4.6072,9.6197,9.036,11.294,10.2916,"SSR","Bourgogne-Franche-Comté",39,15,2016.98921174687,93,0,0.102,0.00892857142857143,"cluster_job_01","cluster_job_01_sim115"
116,"random_SSR","type_random","Moderate",11,"140008152",TRUE,2,0,0,0,0,0,0,0,0,"SSR","Normandie",17,11,926.520731571948,58,0,0.102,0.00892857142857143,"cluster_job_01","cluster_job_01_sim116"
117,"random_SSR","type_random","Moderate",12,"140000241",FALSE,1406,1.5517,1.4139,5.8426,5.6281,12.0979,11.5502,13.6368,12.7764,"SSR","Normandie",13,7,16.3041083266006,51,0,0.102,0.00892857142857143,"cluster_job_01","cluster_job_01_sim117"
118,"random_SSR","type_random","Moderate",13,"480000793",FALSE,65,0.0158,0.0251,0.0677,0.0905,0.1284,0.1756,0.1575,0.2,"SSR","Occitanie",21,11,1561.85519230509,37,0,0.102,0.00892857142857143,"cluster_job_01","cluster_job_01_sim118"
119,"random_SSR","type_random","Moderate",14,"460785900",TRUE,1,0,0,0,0,0,0,0,0,"SSR","Occitanie",8,4,91.41554346846,44,0,0.102,0.00892857142857143,"cluster_job_01","cluster_job_01_sim119"
120,"random_SSR","type_random","Moderate",15,"670780600",TRUE,3,0,0,0,0,0,0,0,0,"SSR","Grand-Est",12,6,666.067059067238,61,0,0.102,0.00892857142857143,"cluster_job_01","cluster_job_01_sim120"
1,"highest_betweenness + highest_in_degree + highest_out_degree + largest_beds + largest_outgoing","fixed","Low",1,"750100125",TRUE,6,0,0,0,0,0,0,0,0,"MCO/SSR","Île-de-France",420,433,249789.64473682,1713,0,0.0549,0.0127551020408163,"cluster_job_02","cluster_job_02_sim1"
2,"highest_betweenness + highest_in_degree + highest_out_degree + largest_beds + largest_outgoing","fixed","Low",2,"750100125",TRUE,3,0,0,0,0,0,0,0,0,"MCO/SSR","Île-de-France",420,433,249789.64473682,1713,0,0.0549,0.0127551020408163,"cluster_job_02","cluster_job_02_sim2"
3,"highest_betweenness + highest_in_degree + highest_out_degree + largest_beds + largest_outgoing","fixed","Low",3,"750100125",TRUE,2,0,0,0,0,0,0,0,0,"MCO/SSR","Île-de-France",420,433,249789.64473682,1713,0,0.0549,0.0127551020408163,"cluster_job_02","cluster_job_02_sim3"
4,"highest_betweenness + highest_in_degree + highest_out_degree + largest_beds + largest_outgoing","fixed","Low",4,"750100125",FALSE,129,0.0642,0.041,0.2014,0.1228,0.625,0.3594,0.7006,0.4074,"MCO/SSR","Île-de-France",420,433,249789.64473682,1713,0,0.0549,0.0127551020408163,"cluster_job_02","cluster_job_02_sim4"
5,"highest_betweenness + highest_in_degree + highest_out_degree + largest_beds + largest_outgoing","fixed","Low",5,"750100125",TRUE,3,0,0,0,0,0,0,0,0,"MCO/SSR","Île-de-France",420,433,249789.64473682,1713,0,0.0549,0.0127551020408163,"cluster_job_02","cluster_job_02_sim5"
6,"highest_betweenness + highest_in_degree + highest_out_degree + largest_beds + largest_outgoing","fixed","Low",6,"750100125",FALSE,15,0.0042,0.0022,0.0102,0.0054,0.0256,0.0136,0.0302,0.0158,"MCO/SSR","Île-de-France",420,433,249789.64473682,1713,0,0.0549,0.0127551020408163,"cluster_job_02","cluster_job_02_sim6"
7,"highest_betweenness + highest_in_degree + highest_out_degree + largest_beds + largest_outgoing","fixed","Low",7,"750100125",TRUE,3,0,0,0,0,0,0,0,0,"MCO/SSR","Île-de-France",420,433,249789.64473682,1713,0,0.0549,0.0127551020408163,"cluster_job_02","cluster_job_02_sim7"
8,"highest_betweenness + highest_in_degree + highest_out_degree + largest_beds + largest_outgoing","fixed","Low",8,"750100125",FALSE,150,0.0775,0.042,0.2425,0.1505,0.7635,0.4455,0.8282,0.4861,"MCO/SSR","Île-de-France",420,433,249789.64473682,1713,0,0.0549,0.0127551020408163,"cluster_job_02","cluster_job_02_sim8"
9,"highest_betweenness + highest_in_degree + highest_out_degree + largest_beds + largest_outgoing","fixed","Low",9,"750100125",TRUE,2,0,0,0,0,0,0,0,0,"MCO/SSR","Île-de-France",420,433,249789.64473682,1713,0,0.0549,0.0127551020408163,"cluster_job_02","cluster_job_02_sim9"
10,"highest_betweenness + highest_in_degree + highest_out_degree + largest_beds + largest_outgoing","fixed","Low",10,"750100125",TRUE,2,0,0,0,0,0,0,0,0,"MCO/SSR","Île-de-France",420,433,249789.64473682,1713,0,0.0549,0.0127551020408163,"cluster_job_02","cluster_job_02_sim10"
11,"highest_betweenness + highest_in_degree + highest_out_degree + largest_beds + largest_outgoing","fixed","Low",11,"750100125",TRUE,3,0,0,0,0,0,0,0,0,"MCO/SSR","Île-de-France",420,433,249789.64473682,1713,0,0.0549,0.0127551020408163,"cluster_job_02","cluster_job_02_sim11"
12,"highest_betweenness + highest_in_degree + highest_out_degree + largest_beds + largest_outgoing","fixed","Low",12,"750100125",FALSE,110,0.0473,0.0236,0.1748,0.0885,0.4976,0.2393,0.5593,0.2713,"MCO/SSR","Île-de-France",420,433,249789.64473682,1713,0,0.0549,0.0127551020408163,"cluster_job_02","cluster_job_02_sim12"
13,"highest_betweenness + highest_in_degree + highest_out_degree + largest_beds + largest_outgoing","fixed","Low",13,"750100125",TRUE,3,0,0,0,0,0,0,0,0,"MCO/SSR","Île-de-France",420,433,249789.64473682,1713,0,0.0549,0.0127551020408163,"cluster_job_02","cluster_job_02_sim13"
14,"highest_betweenness + highest_in_degree + highest_out_degree + largest_beds + largest_outgoing","fixed","Low",14,"750100125",TRUE,1,0,0,0,0,0,0,0,0,"MCO/SSR","Île-de-France",420,433,249789.64473682,1713,0,0.0549,0.0127551020408163,"cluster_job_02","cluster_job_02_sim14"
15,"highest_betweenness + highest_in_degree + highest_out_degree + largest_beds + largest_outgoing","fixed","Low",15,"750100125",TRUE,2,0,0,0,0,0,0,0,0,"MCO/SSR","Île-de-France",420,433,249789.64473682,1713,0,0.0549,0.0127551020408163,"cluster_job_02","cluster_job_02_sim15"
16,"highest_betweenness + highest_in_degree + highest_out_degree + largest_beds + largest_outgoing","fixed","Moderate",1,"750100125",TRUE,3,0,0,0,0,0,0,0,0,"MCO/SSR","Île-de-France",420,433,249789.64473682,1713,0,0.102,0.00892857142857143,"cluster_job_02","cluster_job_02_sim16"
17,"highest_betweenness + highest_in_degree + highest_out_degree + largest_beds + largest_outgoing","fixed","Moderate",2,"750100125",FALSE,1588,1.9101,1.708,6.6327,6.2868,13.8765,13.1245,15.6149,14.4836,"MCO/SSR","Île-de-France",420,433,249789.64473682,1713,0,0.102,0.00892857142857143,"cluster_job_02","cluster_job_02_sim17"
18,"highest_betweenness + highest_in_degree + highest_out_degree + largest_beds + largest_outgoing","fixed","Moderate",3,"750100125",FALSE,1440,1.474,1.2705,5.8428,5.4617,12.0023,11.2233,13.6819,12.5696,"MCO/SSR","Île-de-France",420,433,249789.64473682,1713,0,0.102,0.00892857142857143,"cluster_job_02","cluster_job_02_sim18"
19,"highest_betweenness + highest_in_degree + highest_out_degree + largest_beds + largest_outgoing","fixed","Moderate",4,"750100125",TRUE,1,0,0,0,0,0,0,0,0,"MCO/SSR","Île-de-France",420,433,249789.64473682,1713,0,0.102,0.00892857142857143,"cluster_job_02","cluster_job_02_sim19"
20,"highest_betweenness + highest_in_degree + highest_out_degree + largest_beds + largest_outgoing","fixed","Moderate",5,"750100125",TRUE,3,0,0,0,0,0,0,0,0,"MCO/SSR","Île-de-France",420,433,249789.64473682,1713,0,0.102,0.00892857142857143,"cluster_job_02","cluster_job_02_sim20"
21,"highest_betweenness + highest_in_degree + highest_out_degree + largest_beds + largest_outgoing","fixed","Moderate",6,"750100125",TRUE,3,0,0,0,0,0,0,0,0,"MCO/SSR","Île-de-France",420,433,249789.64473682,1713,0,0.102,0.00892857142857143,"cluster_job_02","cluster_job_02_sim21"
22,"highest_betweenness + highest_in_degree + highest_out_degree + largest_beds + largest_outgoing","fixed","Moderate",7,"750100125",TRUE,2,0,0,0,0,0,0,0,0,"MCO/SSR","Île-de-France",420,433,249789.64473682,1713,0,0.102,0.00892857142857143,"cluster_job_02","cluster_job_02_sim22"
23,"highest_betweenness + highest_in_degree + highest_out_degree + largest_beds + largest_outgoing","fixed","Moderate",8,"750100125",FALSE,1709,2.7106,2.501,7.4829,7.4969,15.5725,15.6424,17.4748,17.1764,"MCO/SSR","Île-de-France",420,433,249789.64473682,1713,0,0.102,0.00892857142857143,"cluster_job_02","cluster_job_02_sim23"
24,"highest_betweenness + highest_in_degree + highest_out_degree + largest_beds + largest_outgoing","fixed","Moderate",9,"750100125",FALSE,1763,2.4761,2.2397,7.819,7.7166,16.3946,16.0789,18.3649,17.7223,"MCO/SSR","Île-de-France",420,433,249789.64473682,1713,0,0.102,0.00892857142857143,"cluster_job_02","cluster_job_02_sim24"
25,"highest_betweenness + highest_in_degree + highest_out_degree + largest_beds + largest_outgoing","fixed","Moderate",10,"750100125",TRUE,3,1e-04,0,0,0,0,0,0,0,"MCO/SSR","Île-de-France",420,433,249789.64473682,1713,0,0.102,0.00892857142857143,"cluster_job_02","cluster_job_02_sim25"
26,"highest_betweenness + highest_in_degree + highest_out_degree + largest_beds + largest_outgoing","fixed","Moderate",11,"750100125",FALSE,1546,1.7825,1.5486,6.4096,6.129,13.2598,12.6939,14.9608,14.0622,"MCO/SSR","Île-de-France",420,433,249789.64473682,1713,0,0.102,0.00892857142857143,"cluster_job_02","cluster_job_02_sim26"
27,"highest_betweenness + highest_in_degree + highest_out_degree + largest_beds + largest_outgoing","fixed","Moderate",12,"750100125",FALSE,1571,2.0599,1.7637,6.6993,6.3656,13.8259,13.2216,15.6037,14.6394,"MCO/SSR","Île-de-France",420,433,249789.64473682,1713,0,0.102,0.00892857142857143,"cluster_job_02","cluster_job_02_sim27"
28,"highest_betweenness + highest_in_degree + highest_out_degree + largest_beds + largest_outgoing","fixed","Moderate",13,"750100125",FALSE,1550,1.9524,1.6568,6.423,6.1183,13.3262,12.7008,14.9776,14.0025,"MCO/SSR","Île-de-France",420,433,249789.64473682,1713,0,0.102,0.00892857142857143,"cluster_job_02","cluster_job_02_sim28"
29,"highest_betweenness + highest_in_degree + highest_out_degree + largest_beds + largest_outgoing","fixed","Moderate",14,"750100125",TRUE,1,0,0,0,0,0,0,0,0,"MCO/SSR","Île-de-France",420,433,249789.64473682,1713,0,0.102,0.00892857142857143,"cluster_job_02","cluster_job_02_sim29"
30,"highest_betweenness + highest_in_degree + highest_out_degree + largest_beds + largest_outgoing","fixed","Moderate",15,"750100125",TRUE,4,0,0,0,0,0,0,0,0,"MCO/SSR","Île-de-France",420,433,249789.64473682,1713,0,0.102,0.00892857142857143,"cluster_job_02","cluster_job_02_sim30"
31,"random_MCO","type_random","Low",1,"310780382",FALSE,25,0.0118,0.0117,0.0241,0.021,0.0712,0.0584,0.0766,0.0601,"MCO","Occitanie",45,69,9566.43071645889,133,0,0.0549,0.0127551020408163,"cluster_job_02","cluster_job_02_sim31"
32,"random_MCO","type_random","Low",2,"510000235",TRUE,3,0,0,0,0,0,0,0,0,"MCO","Grand-Est",23,29,1802.67776894762,167,0,0.0549,0.0127551020408163,"cluster_job_02","cluster_job_02_sim32"
33,"random_MCO","type_random","Low",3,"370000093",TRUE,2,0,0,0,0,0,0,0,0,"MCO","Centre-Val de Loire",56,79,11723.8014974209,325,0,0.0549,0.0127551020408163,"cluster_job_02","cluster_job_02_sim33"
34,"random_MCO","type_random","Low",4,"560004004",TRUE,3,0,0,0,0,0,0,0,0,"MCO","Bretagne",10,11,718.326695332722,148,0,0.0549,0.0127551020408163,"cluster_job_02","cluster_job_02_sim34"
35,"random_MCO","type_random","Low",5,"750300097",TRUE,1,0,0,0,0,0,0,0,0,"MCO","Île-de-France",0,7,0,12,0,0.0549,0.0127551020408163,"cluster_job_02","cluster_job_02_sim35"
36,"random_MCO","type_random","Low",6,"060780723",TRUE,3,0,1e-04,0,0,0,0,0,0,"MCO","Provence-Alpes-Côte d'Azur",26,34,1275.63974435409,68,0,0.0549,0.0127551020408163,"cluster_job_02","cluster_job_02_sim36"
37,"random_MCO","type_random","Low",7,"890975550",TRUE,3,0,0,0,0,0,0,0,0,"MCO","Bourgogne-Franche-Comté",78,101,22325.0100097615,328,0,0.0549,0.0127551020408163,"cluster_job_02","cluster_job_02_sim37"
38,"random_MCO","type_random","Low",8,"750814824",TRUE,3,0,0,0,0,0,0,0,0,"MCO","Île-de-France",12,9,1939.20441407182,148,0,0.0549,0.0127551020408163,"cluster_job_02","cluster_job_02_sim38"
39,"random_MCO","type_random","Low",9,"180000200",TRUE,1,0,0,0,0,0,0,0,0,"MCO","Centre-Val de Loire",15,33,235.343799419782,133,0,0.0549,0.0127551020408163,"cluster_job_02","cluster_job_02_sim39"
40,"random_MCO","type_random","Low",10,"130783236",TRUE,1,0,0,0,0,0,0,0,0,"MCO","Provence-Alpes-Côte d'Azur",137,117,30509.5511839846,400,0,0.0549,0.0127551020408163,"cluster_job_02","cluster_job_02_sim40"
41,"random_MCO","type_random","Low",11,"440048718",FALSE,17,0.0066,0.0072,0.0118,0.0156,0.0482,0.0552,0.0515,0.061,"MCO","Pays de la Loire",8,7,12.3961233211233,148,0,0.0549,0.0127551020408163,"cluster_job_02","cluster_job_02_sim41"
42,"random_MCO","type_random","Low",12,"670013325",TRUE,3,0,0,0,0,0,0,0,0,"MCO","Grand-Est",2,4,12.3979908979909,148,0,0.0549,0.0127551020408163,"cluster_job_02","cluster_job_02_sim42"
43,"random_MCO","type_random","Low",13,"520004680",TRUE,3,0,0,0,0,0,0,0,0,"MCO","Grand-Est",10,20,470.398912433213,38,0,0.0549,0.0127551020408163,"cluster_job_02","cluster_job_02_sim43"
44,"random_MCO","type_random","Low",14,"930100045",TRUE,2,0,0,0,0,0,0,0,0,"MCO","Île-de-France",52,63,4115.4314053545,142,0,0.0549,0.0127551020408163,"cluster_job_02","cluster_job_02_sim44"
45,"random_MCO","type_random","Low",15,"690805361",TRUE,3,0,0,0,0,0,0,0,0,"MCO","Auvergne-Rhône-Alpes",90,112,26466.0946089404,364,0,0.0549,0.0127551020408163,"cluster_job_02","cluster_job_02_sim45"
46,"random_MCO","type_random","Moderate",1,"150003416",TRUE,2,0,0,0,0,0,0,0,0,"MCO","Auvergne-Rhône-Alpes",2,2,63.3661097907053,148,0,0.102,0.00892857142857143,"cluster_job_02","cluster_job_02_sim46"
47,"random_MCO","type_random","Moderate",2,"670780188",TRUE,3,0,0,0,0,0,0,0,0,"MCO","Grand-Est",22,27,3215.71301915726,95,0,0.102,0.00892857142857143,"cluster_job_02","cluster_job_02_sim47"
48,"random_MCO","type_random","Moderate",3,"420780504",TRUE,2,0,0,0,0,0,0,0,0,"MCO","Auvergne-Rhône-Alpes",23,41,6820.9590052318,94,0,0.102,0.00892857142857143,"cluster_job_02","cluster_job_02_sim48"
49,"random_MCO","type_random","Moderate",4,"420011413",TRUE,3,0,0,0,0,0,0,0,0,"MCO","Auvergne-Rhône-Alpes",48,72,9359.94666846851,340,0,0.102,0.00892857142857143,"cluster_job_02","cluster_job_02_sim49"
50,"random_MCO","type_random","Moderate",5,"850022047",TRUE,1,0,0,0,0,0,0,0,0,"MCO","Pays de la Loire",0,2,0,148,0,0.102,0.00892857142857143,"cluster_job_02","cluster_job_02_sim50"
51,"random_MCO","type_random","Moderate",6,"160013207",FALSE,1619,1.769,1.628,6.7083,6.5349,14.0543,13.6586,15.8646,15.1168,"MCO","Nouvelle-Aquitaine",27,30,1946.40233120466,129,0,0.102,0.00892857142857143,"cluster_job_02","cluster_job_02_sim51"
52,"random_MCO","type_random","Moderate",7,"750300667",TRUE,3,0,0,0,0,0,0,0,0,"MCO","Île-de-France",8,7,25.6980235880634,69,0,0.102,0.00892857142857143,"cluster_job_02","cluster_job_02_sim52"
53,"random_MCO","type_random","Moderate",8,"130044753",FALSE,1218,1.018,0.9315,4.4036,3.9879,8.584,7.7642,10.1456,8.9872,"MCO","Provence-Alpes-Côte d'Azur",12,30,815.024521110799,24,0,0.102,0.00892857142857143,"cluster_job_02","cluster_job_02_sim53"
54,"random_MCO","type_random","Moderate",9,"470016049",TRUE,4,0,0,0,0,0,0,0,0,"MCO","Nouvelle-Aquitaine",22,38,3939.77076666343,57,0,0.102,0.00892857142857143,"cluster_job_02","cluster_job_02_sim54"
55,"random_MCO","type_random","Moderate",10,"690780358",FALSE,1010,0.8111,0.7545,3.551,3.3322,6.9223,6.5363,8.1021,7.4295,"MCO","Auvergne-Rhône-Alpes",49,56,4596.61245843468,139,0,0.102,0.00892857142857143,"cluster_job_02","cluster_job_02_sim55"
56,"random_MCO","type_random","Moderate",11,"340780840",FALSE,862,0.592,0.6244,2.6101,2.6617,5.1617,5.2361,6.1467,6.0566,"MCO","Occitanie",13,15,853.715058762101,148,0,0.102,0.00892857142857143,"cluster_job_02","cluster_job_02_sim56"
57,"random_MCO","type_random","Moderate",12,"710978123",FALSE,1342,1.1182,1.0035,4.9972,4.6746,9.8658,9.2233,11.5775,10.6113,"MCO","Bourgogne-Franche-Comté",9,10,704.227396756615,19,0,0.102,0.00892857142857143,"cluster_job_02","cluster_job_02_sim57"
58,"random_MCO","type_random","Moderate",13,"570000059",TRUE,3,0,0,0,0,0,0,0,0,"MCO","Grand-Est",25,42,8773.17845348092,222,0,0.102,0.00892857142857143,"cluster_job_02","cluster_job_02_sim58"
59,"random_MCO","type_random","Moderate",14,"470016049",TRUE,4,0,0,0,0,0,0,0,0,"MCO","Nouvelle-Aquitaine",22,38,3939.77076666343,57,0,0.102,0.00892857142857143,"cluster_job_02","cluster_job_02_sim59"
60,"random_MCO","type_random","Moderate",15,"590788964",TRUE,4,0,0,0,0,0,0,0,0,"MCO","Hauts-de-France",12,13,1306.3380292873,28,0,0.102,0.00892857142857143,"cluster_job_02","cluster_job_02_sim60"
61,"random_MCO_SSR","type_random","Low",1,"560000184",TRUE,4,0,0,0,0,0,0,0,0,"MCO/SSR","Bretagne",31,24,1481.88455903056,173,0,0.0549,0.0127551020408163,"cluster_job_02","cluster_job_02_sim61"
62,"random_MCO_SSR","type_random","Low",2,"940100027",FALSE,73,0.0232,0.02,0.0787,0.0647,0.2285,0.1949,0.2502,0.2077,"MCO/SSR","Île-de-France",260,294,159025.464004165,907,0,0.0549,0.0127551020408163,"cluster_job_02","cluster_job_02_sim62"
63,"random_MCO_SSR","type_random","Low",3,"570029801",TRUE,3,0,0,0,0,0,0,0,0,"MCO/SSR","Grand-Est",12,7,226.89208747234,36,0,0.0549,0.0127551020408163,"cluster_job_02","cluster_job_02_sim63"
64,"random_MCO_SSR","type_random","Low",4,"690000245",TRUE,3,0,0,0,0,0,0,0,0,"MCO/SSR","Auvergne-Rhône-Alpes",19,13,12.9097863522786,172,0,0.0549,0.0127551020408163,"cluster_job_02","cluster_job_02_sim64"
65,"random_MCO_SSR","type_random","Low",5,"940100027",FALSE,36,0.0128,0.0098,0.0203,0.0172,0.0695,0.0567,0.0758,0.0628,"MCO/SSR","Île-de-France",260,294,159025.464004165,907,0,0.0549,0.0127551020408163,"cluster_job_02","cluster_job_02_sim65"
66,"random_MCO_SSR","type_random","Low",6,"420000317",TRUE,3,0,0,0,0,0,0,0,0,"MCO/SSR","Auvergne-Rhône-Alpes",16,11,1146.89737956716,25,0,0.0549,0.0127551020408163,"cluster_job_02","cluster_job_02_sim66"
67,"random_MCO_SSR","type_random","Low",7,"500000450",TRUE,2,0,0,0,0,0,0,0,0,"MCO/SSR","Normandie",42,57,22460.4089461664,298,0,0.0549,0.0127551020408163,"cluster_job_02","cluster_job_02_sim67"
68,"random_MCO_SSR","type_random","Low",8,"670000306",TRUE,2,0,0,0,0,0,0,0,0,"MCO/SSR","Grand-Est",13,6,2057.45971805951,76,0,0.0549,0.0127551020408163,"cluster_job_02","cluster_job_02_sim68"
69,"random_MCO_SSR","type_random","Low",9,"2B0000012",TRUE,4,0,0,0,0,0,0,0,0,"MCO/SSR","Corse",25,75,13555.5124559914,442,0,0.0549,0.0127551020408163,"cluster_job_02","cluster_job_02_sim69"
70,"random_MCO_SSR","type_random","Low",10,"050000991",TRUE,1,0,0,0,0,0,0,0,0,"MCO/SSR","Provence-Alpes-Côte d'Azur",32,14,3034.15977621683,138,0,0.0549,0.0127551020408163,"cluster_job_02","cluster_job_02_sim70"
71,"random_MCO_SSR","type_random","Low",11,"540001104",TRUE,4,0,1e-04,0,0,0,0,0,0,"MCO/SSR","Grand-Est",22,10,1003.8011004891,43,0,0.0549,0.0127551020408163,"cluster_job_02","cluster_job_02_sim71"
72,"random_MCO_SSR","type_random","Low",12,"310026927",TRUE,2,0,0,0,0,0,0,0,0,"MCO/SSR","Occitanie",66,101,16256.5091157764,335,0,0.0549,0.0127551020408163,"cluster_job_02","cluster_job_02_sim72"
73,"random_MCO_SSR","type_random","Low",13,"510002447",TRUE,4,1e-04,2e-04,0,0,0,0,0,0,"MCO/SSR","Grand-Est",112,117,56766.0404049019,774,0,0.0549,0.0127551020408163,"cluster_job_02","cluster_job_02_sim73"
74,"random_MCO_SSR","type_random","Low",14,"940000599",TRUE,1,0,0,0,0,0,0,0,0,"MCO/SSR","Île-de-France",86,126,9475.30649698948,448,0,0.0549,0.0127551020408163,"cluster_job_02","cluster_job_02_sim74"
75,"random_MCO_SSR","type_random","Low",15,"720000389",TRUE,2,0,0,0,0,0,0,0,0,"MCO/SSR","Pays de la Loire",20,8,621.895488323406,78,0,0.0549,0.0127551020408163,"cluster_job_02","cluster_job_02_sim75"
76,"random_MCO_SSR","type_random","Moderate",1,"850000142",TRUE,7,1e-04,0,0,0,0,0,0,0,"MCO/SSR","Pays de la Loire",84,126,76616.503960439,847,0,0.102,0.00892857142857143,"cluster_job_02","cluster_job_02_sim76"
77,"random_MCO_SSR","type_random","Moderate",2,"620000034",FALSE,1430,1.8219,1.5823,5.9897,5.7327,12.4121,11.9945,14.0029,13.235,"MCO/SSR","Hauts-de-France",60,78,18033.4129336691,405,0,0.102,0.00892857142857143,"cluster_job_02","cluster_job_02_sim77"
78,"random_MCO_SSR","type_random","Moderate",3,"940100019",TRUE,2,0,0,0,0,0,0,0,0,"MCO/SSR","Île-de-France",44,31,1413.62474483041,343,0,0.102,0.00892857142857143,"cluster_job_02","cluster_job_02_sim78"
79,"random_MCO_SSR","type_random","Moderate",4,"430000190",FALSE,854,0.4236,0.4723,2.3484,2.3688,4.2,4.2667,5.147,5.0398,"MCO/SSR","Auvergne-Rhône-Alpes",16,27,1844.74129680723,94,0,0.102,0.00892857142857143,"cluster_job_02","cluster_job_02_sim79"
80,"random_MCO_SSR","type_random","Moderate",5,"500000195",FALSE,465,0.2261,0.2164,1.351,1.1722,2.339,2.0304,2.9019,2.4491,"MCO/SSR","Normandie",16,13,204.770466542708,54,0,0.102,0.00892857142857143,"cluster_job_02","cluster_job_02_sim80"
81,"random_MCO_SSR","type_random","Moderate",6,"160000261",FALSE,189,0.0465,0.0504,0.3284,0.3158,0.5814,0.5755,0.7201,0.6932,"MCO/SSR","Nouvelle-Aquitaine",14,10,116.377852189825,46,0,0.102,0.00892857142857143,"cluster_job_02","cluster_job_02_sim81"
82,"random_MCO_SSR","type_random","Moderate",7,"010005239",FALSE,1074,0.7714,0.7541,3.3395,3.1901,6.3527,6.159,7.4234,6.9565,"MCO/SSR","Auvergne-Rhône-Alpes",25,40,970.86150110057,131,0,0.102,0.00892857142857143,"cluster_job_02","cluster_job_02_sim82"
83,"random_MCO_SSR","type_random","Moderate",8,"070000096",TRUE,4,0,0,0,0,0,0,0,0,"MCO/SSR","Auvergne-Rhône-Alpes",30,20,1691.53979897167,42,0,0.102,0.00892857142857143,"cluster_job_02","cluster_job_02_sim83"
84,"random_MCO_SSR","type_random","Moderate",9,"590780383",TRUE,2,0,0,0,0,0,0,0,0,"MCO/SSR","Hauts-de-France",47,51,6082.461699803,145,0,0.102,0.00892857142857143,"cluster_job_02","cluster_job_02_sim84"
85,"random_MCO_SSR","type_random","Moderate",10,"190000018",TRUE,3,0,0,0,0,0,0,0,0,"MCO/SSR","Nouvelle-Aquitaine",61,88,42402.5091503553,550,0,0.102,0.00892857142857143,"cluster_job_02","cluster_job_02_sim85"
86,"random_MCO_SSR","type_random","Moderate",11,"560000473",TRUE,2,0,0,0,0,0,0,0,0,"MCO/SSR","Bretagne",10,8,272.182067493972,22,0,0.102,0.00892857142857143,"cluster_job_02","cluster_job_02_sim86"
87,"random_MCO_SSR","type_random","Moderate",12,"680004546",TRUE,4,0,0,0,0,0,0,0,0,"MCO/SSR","Grand-Est",58,68,22748.6650276066,933,0,0.102,0.00892857142857143,"cluster_job_02","cluster_job_02_sim87"
88,"random_MCO_SSR","type_random","Moderate",13,"680001195",FALSE,1399,1.8709,1.672,6.091,5.9056,12.6492,12.3842,14.1294,13.4586,"MCO/SSR","Grand-Est",25,38,5299.82382679199,265,0,0.102,0.00892857142857143,"cluster_job_02","cluster_job_02_sim88"
89,"random_MCO_SSR","type_random","Moderate",14,"310780259",TRUE,5,0,0,0,0,0,0,0,0,"MCO/SSR","Occitanie",118,141,26654.8930161417,449,0,0.102,0.00892857142857143,"cluster_job_02","cluster_job_02_sim89"
90,"random_MCO_SSR","type_random","Moderate",15,"020000394",TRUE,5,1e-04,0,0,0,0,0,0,0,"MCO/SSR","Hauts-de-France",40,51,3108.74717975139,235,0,0.102,0.00892857142857143,"cluster_job_02","cluster_job_02_sim90"
91,"random_SSR","type_random","Low",1,"820002350",TRUE,2,0,0,0,0,0,0,0,0,"SSR","Occitanie",16,10,648.336733975645,95,0,0.0549,0.0127551020408163,"cluster_job_02","cluster_job_02_sim91"
92,"random_SSR","type_random","Low",2,"640010518",FALSE,30,0.0068,0.0103,0.0269,0.0321,0.0606,0.0798,0.0673,0.0824,"SSR","Nouvelle-Aquitaine",22,6,1145.38810716487,74,0,0.0549,0.0127551020408163,"cluster_job_02","cluster_job_02_sim92"
93,"random_SSR","type_random","Low",3,"910300276",TRUE,3,0,0,0,0,0,0,0,0,"SSR","Île-de-France",110,32,8293.95836370042,390,0,0.0549,0.0127551020408163,"cluster_job_02","cluster_job_02_sim93"
94,"random_SSR","type_random","Low",4,"340782002",TRUE,2,0,0,0,0,0,0,0,0,"SSR","Occitanie",42,22,2752.99079231081,101,0,0.0549,0.0127551020408163,"cluster_job_02","cluster_job_02_sim94"
95,"random_SSR","type_random","Low",5,"470000308",TRUE,5,0,0,0,0,0,0,0,0,"SSR","Nouvelle-Aquitaine",27,7,485.871211266478,70,0,0.0549,0.0127551020408163,"cluster_job_02","cluster_job_02_sim95"
96,"random_SSR","type_random","Low",6,"640780904",TRUE,2,0,0,0,0,0,0,0,0,"SSR","Nouvelle-Aquitaine",4,4,0,31,0,0.0549,0.0127551020408163,"cluster_job_02","cluster_job_02_sim96"
97,"random_SSR","type_random","Low",7,"940700040",FALSE,17,0.0025,0.003,0.0022,0.0026,0.0086,0.012,0.0077,0.0101,"SSR","Île-de-France",44,14,271.446363814534,124,0,0.0549,0.0127551020408163,"cluster_job_02","cluster_job_02_sim97"
98,"random_SSR","type_random","Low",8,"810003954",FALSE,22,0.0066,0.0092,0.0118,0.0126,0.0366,0.0463,0.036,0.0457,"SSR","Occitanie",28,12,1416.22536669553,72,0,0.0549,0.0127551020408163,"cluster_job_02","cluster_job_02_sim98"
99,"random_SSR","type_random","Low",9,"300786274",TRUE,3,0,0,0,0,0,0,0,0,"SSR","Occitanie",2,1,0,32,0,0.0549,0.0127551020408163,"cluster_job_02","cluster_job_02_sim99"
100,"random_SSR","type_random","Low",10,"500024336",TRUE,3,0,1e-04,0,0,0,0,0,0,"SSR","Normandie",7,6,1638.97228909122,52,0,0.0549,0.0127551020408163,"cluster_job_02","cluster_job_02_sim100"
101,"random_SSR","type_random","Low",11,"920300258",TRUE,4,0,0,0,0,0,0,0,0,"SSR","Île-de-France",45,26,1580.55855109988,105,0,0.0549,0.0127551020408163,"cluster_job_02","cluster_job_02_sim101"
102,"random_SSR","type_random","Low",12,"330781121",FALSE,23,0.0067,0.0084,0.0185,0.016,0.058,0.0451,0.059,0.0475,"SSR","Nouvelle-Aquitaine",13,6,80.3354802913908,70,0,0.0549,0.0127551020408163,"cluster_job_02","cluster_job_02_sim102"
103,"random_SSR","type_random","Low",13,"600101687",FALSE,41,0.012,0.0153,0.0335,0.0428,0.0787,0.0908,0.0857,0.0882,"SSR","Hauts-de-France",40,12,764.798566454253,67,0,0.0549,0.0127551020408163,"cluster_job_02","cluster_job_02_sim103"
104,"random_SSR","type_random","Low",14,"540009412",TRUE,3,0,0,0,0,0,0,0,0,"SSR","Grand-Est",16,14,1133.95875542189,94,0,0.0549,0.0127551020408163,"cluster_job_02","cluster_job_02_sim104"
105,"random_SSR","type_random","Low",15,"610784423",FALSE,16,0.0057,0.0082,0.0103,0.0162,0.0306,0.0466,0.032,0.0447,"SSR","Normandie",29,12,482.855075656388,152,0,0.0549,0.0127551020408163,"cluster_job_02","cluster_job_02_sim105"
106,"random_SSR","type_random","Moderate",1,"890973258",FALSE,1611,1.9083,1.7015,6.5103,6.2894,13.4905,13.0286,15.2999,14.5713,"SSR","Bourgogne-Franche-Comté",15,18,1305.35073368965,54,0,0.102,0.00892857142857143,"cluster_job_02","cluster_job_02_sim106"
107,"random_SSR","type_random","Moderate",2,"950787135",FALSE,1096,1.0453,0.8841,4.2269,3.7835,8.8169,7.8027,10.0276,8.7797,"SSR","Île-de-France",9,6,107.288253126981,26,0,0.102,0.00892857142857143,"cluster_job_02","cluster_job_02_sim107"
108,"random_SSR","type_random","Moderate",3,"920300886",FALSE,1625,2.1362,1.9568,6.8939,6.7152,14.2423,14.0147,16.0475,15.4341,"SSR","Île-de-France",80,58,12304.4584505331,221,0,0.102,0.00892857142857143,"cluster_job_02","cluster_job_02_sim108"
109,"random_SSR","type_random","Moderate",4,"190002493",FALSE,1177,0.766,0.7523,4.0961,3.932,7.788,7.4978,9.2518,8.6848,"SSR","Nouvelle-Aquitaine",7,7,186.906825151422,28,0,0.102,0.00892857142857143,"cluster_job_02","cluster_job_02_sim109"
110,"random_SSR","type_random","Moderate",5,"940700032",TRUE,3,0,0,0,0,0,0,0,0,"SSR","Île-de-France",92,41,4545.8000954997,688,0,0.102,0.00892857142857143,"cluster_job_02","cluster_job_02_sim110"
111,"random_SSR","type_random","Moderate",6,"600101687",FALSE,986,0.78,0.6712,3.7552,3.3227,7.6324,6.6804,8.8499,7.6247,"SSR","Hauts-de-France",40,12,764.798566454253,67,0,0.102,0.00892857142857143,"cluster_job_02","cluster_job_02_sim111"
112,"random_SSR","type_random","Moderate",7,"950420042",TRUE,3,0,0,0,0,0,0,0,0,"SSR","Île-de-France",63,34,9879.55851707622,124,0,0.102,0.00892857142857143,"cluster_job_02","cluster_job_02_sim112"
113,"random_SSR","type_random","Moderate",8,"040780405",FALSE,515,0.3982,0.4207,1.6235,1.7045,3.4126,3.5523,3.8823,3.9695,"SSR","Provence-Alpes-Côte d'Azur",38,19,12164.1863501556,97,0,0.102,0.00892857142857143,"cluster_job_02","cluster_job_02_sim113"
114,"random_SSR","type_random","Moderate",9,"140008152",TRUE,3,0,0,0,0,0,0,0,0,"SSR","Normandie",17,11,926.520731571948,58,0,0.102,0.00892857142857143,"cluster_job_02","cluster_job_02_sim114"
115,"random_SSR","type_random","Moderate",10,"440024669",FALSE,261,0.1142,0.1064,0.7037,0.6481,1.1926,1.1379,1.454,1.3382,"SSR","Pays de la Loire",26,12,1332.1735249214,82,0,0.102,0.00892857142857143,"cluster_job_02","cluster_job_02_sim115"
116,"random_SSR","type_random","Moderate",11,"280000266",FALSE,1680,2.4762,2.2552,7.3661,7.3145,15.2741,15.313,17.0786,16.7688,"SSR","Centre-Val de Loire",57,15,1984.64128837641,152,0,0.102,0.00892857142857143,"cluster_job_02","cluster_job_02_sim116"
117,"random_SSR","type_random","Moderate",12,"460007842",TRUE,4,1e-04,2e-04,0,0,0,0,0,0,"SSR","Occitanie",24,6,203.992082918492,36,0,0.102,0.00892857142857143,"cluster_job_02","cluster_job_02_sim117"
118,"random_SSR","type_random","Moderate",13,"930009188",TRUE,4,0,0,0,0,0,0,0,0,"SSR","Île-de-France",64,34,5119.11638311666,174,0,0.102,0.00892857142857143,"cluster_job_02","cluster_job_02_sim118"
119,"random_SSR","type_random","Moderate",14,"290036474",FALSE,1190,1.2144,1.0732,4.6754,4.3556,9.4485,8.7032,10.8609,9.8687,"SSR","Unknown",6,5,931.455283430591,35,0,0.102,0.00892857142857143,"cluster_job_02","cluster_job_02_sim119"
120,"random_SSR","type_random","Moderate",15,"010780278",FALSE,1292,0.9914,0.9611,4.4177,4.2383,8.4666,8.2927,9.966,9.4554,"SSR","Auvergne-Rhône-Alpes",47,23,3361.47898053271,91,0,0.102,0.00892857142857143,"cluster_job_02","cluster_job_02_sim120"
1,"highest_betweenness + highest_in_degree + highest_out_degree + largest_beds + largest_outgoing","fixed","Low",1,"750100125",TRUE,1,0,0,0,0,0,0,0,0,"MCO/SSR","Île-de-France",420,433,249789.64473682,1713,0,0.0549,0.0127551020408163,"cluster_job_03","cluster_job_03_sim1"
2,"highest_betweenness + highest_in_degree + highest_out_degree + largest_beds + largest_outgoing","fixed","Low",2,"750100125",TRUE,2,0,0,0,0,0,0,0,0,"MCO/SSR","Île-de-France",420,433,249789.64473682,1713,0,0.0549,0.0127551020408163,"cluster_job_03","cluster_job_03_sim2"
3,"highest_betweenness + highest_in_degree + highest_out_degree + largest_beds + largest_outgoing","fixed","Low",3,"750100125",TRUE,2,0,0,0,0,0,0,0,0,"MCO/SSR","Île-de-France",420,433,249789.64473682,1713,0,0.0549,0.0127551020408163,"cluster_job_03","cluster_job_03_sim3"
4,"highest_betweenness + highest_in_degree + highest_out_degree + largest_beds + largest_outgoing","fixed","Low",4,"750100125",TRUE,4,0,0,0,0,0,0,0,0,"MCO/SSR","Île-de-France",420,433,249789.64473682,1713,0,0.0549,0.0127551020408163,"cluster_job_03","cluster_job_03_sim4"
5,"highest_betweenness + highest_in_degree + highest_out_degree + largest_beds + largest_outgoing","fixed","Low",5,"750100125",FALSE,61,0.024,0.0161,0.0925,0.0544,0.2468,0.1358,0.2956,0.1582,"MCO/SSR","Île-de-France",420,433,249789.64473682,1713,0,0.0549,0.0127551020408163,"cluster_job_03","cluster_job_03_sim5"
6,"highest_betweenness + highest_in_degree + highest_out_degree + largest_beds + largest_outgoing","fixed","Low",6,"750100125",TRUE,3,0,0,0,0,0,0,0,0,"MCO/SSR","Île-de-France",420,433,249789.64473682,1713,0,0.0549,0.0127551020408163,"cluster_job_03","cluster_job_03_sim6"
7,"highest_betweenness + highest_in_degree + highest_out_degree + largest_beds + largest_outgoing","fixed","Low",7,"750100125",TRUE,3,0,0,0,0,0,0,0,0,"MCO/SSR","Île-de-France",420,433,249789.64473682,1713,0,0.0549,0.0127551020408163,"cluster_job_03","cluster_job_03_sim7"
8,"highest_betweenness + highest_in_degree + highest_out_degree + largest_beds + largest_outgoing","fixed","Low",8,"750100125",FALSE,143,0.0768,0.0418,0.2402,0.1505,0.7044,0.4186,0.7689,0.453,"MCO/SSR","Île-de-France",420,433,249789.64473682,1713,0,0.0549,0.0127551020408163,"cluster_job_03","cluster_job_03_sim8"
9,"highest_betweenness + highest_in_degree + highest_out_degree + largest_beds + largest_outgoing","fixed","Low",9,"750100125",TRUE,3,0,0,0,0,0,0,0,0,"MCO/SSR","Île-de-France",420,433,249789.64473682,1713,0,0.0549,0.0127551020408163,"cluster_job_03","cluster_job_03_sim9"
10,"highest_betweenness + highest_in_degree + highest_out_degree + largest_beds + largest_outgoing","fixed","Low",10,"750100125",TRUE,4,0,0,0,0,0,0,0,0,"MCO/SSR","Île-de-France",420,433,249789.64473682,1713,0,0.0549,0.0127551020408163,"cluster_job_03","cluster_job_03_sim10"
11,"highest_betweenness + highest_in_degree + highest_out_degree + largest_beds + largest_outgoing","fixed","Low",11,"750100125",FALSE,50,0.0209,0.0144,0.0546,0.0338,0.1486,0.0987,0.1573,0.1045,"MCO/SSR","Île-de-France",420,433,249789.64473682,1713,0,0.0549,0.0127551020408163,"cluster_job_03","cluster_job_03_sim11"
12,"highest_betweenness + highest_in_degree + highest_out_degree + largest_beds + largest_outgoing","fixed","Low",12,"750100125",TRUE,2,0,0,0,0,0,0,0,0,"MCO/SSR","Île-de-France",420,433,249789.64473682,1713,0,0.0549,0.0127551020408163,"cluster_job_03","cluster_job_03_sim12"
13,"highest_betweenness + highest_in_degree + highest_out_degree + largest_beds + largest_outgoing","fixed","Low",13,"750100125",TRUE,4,0,0,0,0,0,0,0,0,"MCO/SSR","Île-de-France",420,433,249789.64473682,1713,0,0.0549,0.0127551020408163,"cluster_job_03","cluster_job_03_sim13"
14,"highest_betweenness + highest_in_degree + highest_out_degree + largest_beds + largest_outgoing","fixed","Low",14,"750100125",FALSE,70,0.0279,0.0173,0.0976,0.0604,0.297,0.1885,0.3244,0.2002,"MCO/SSR","Île-de-France",420,433,249789.64473682,1713,0,0.0549,0.0127551020408163,"cluster_job_03","cluster_job_03_sim14"
15,"highest_betweenness + highest_in_degree + highest_out_degree + largest_beds + largest_outgoing","fixed","Low",15,"750100125",FALSE,110,0.0453,0.0364,0.1485,0.1138,0.461,0.3251,0.5057,0.3558,"MCO/SSR","Île-de-France",420,433,249789.64473682,1713,0,0.0549,0.0127551020408163,"cluster_job_03","cluster_job_03_sim15"
16,"highest_betweenness + highest_in_degree + highest_out_degree + largest_beds + largest_outgoing","fixed","Moderate",1,"750100125",FALSE,1163,1.1908,0.9692,4.6093,4.0907,9.6854,8.4863,10.9797,9.4753,"MCO/SSR","Île-de-France",420,433,249789.64473682,1713,0,0.102,0.00892857142857143,"cluster_job_03","cluster_job_03_sim16"
17,"highest_betweenness + highest_in_degree + highest_out_degree + largest_beds + largest_outgoing","fixed","Moderate",2,"750100125",TRUE,3,0,0,0,0,0,0,0,0,"MCO/SSR","Île-de-France",420,433,249789.64473682,1713,0,0.102,0.00892857142857143,"cluster_job_03","cluster_job_03_sim17"
18,"highest_betweenness + highest_in_degree + highest_out_degree + largest_beds + largest_outgoing","fixed","Moderate",3,"750100125",FALSE,1463,1.7071,1.4954,5.985,5.6402,12.3292,11.7944,14.0111,13.0682,"MCO/SSR","Île-de-France",420,433,249789.64473682,1713,0,0.102,0.00892857142857143,"cluster_job_03","cluster_job_03_sim18"
19,"highest_betweenness + highest_in_degree + highest_out_degree + largest_beds + largest_outgoing","fixed","Moderate",4,"750100125",FALSE,1226,1.3264,1.1071,4.8959,4.4016,10.164,9.1764,11.5604,10.2637,"MCO/SSR","Île-de-France",420,433,249789.64473682,1713,0,0.102,0.00892857142857143,"cluster_job_03","cluster_job_03_sim19"
20,"highest_betweenness + highest_in_degree + highest_out_degree + largest_beds + largest_outgoing","fixed","Moderate",5,"750100125",TRUE,3,0,0,0,0,0,0,0,0,"MCO/SSR","Île-de-France",420,433,249789.64473682,1713,0,0.102,0.00892857142857143,"cluster_job_03","cluster_job_03_sim20"
21,"highest_betweenness + highest_in_degree + highest_out_degree + largest_beds + largest_outgoing","fixed","Moderate",6,"750100125",FALSE,1415,1.6129,1.4004,5.7698,5.5575,11.9747,11.5373,13.5407,12.7903,"MCO/SSR","Île-de-France",420,433,249789.64473682,1713,0,0.102,0.00892857142857143,"cluster_job_03","cluster_job_03_sim21"
22,"highest_betweenness + highest_in_degree + highest_out_degree + largest_beds + largest_outgoing","fixed","Moderate",7,"750100125",FALSE,1688,2.1869,1.9932,7.3234,7.1446,15.3671,15.0937,17.0588,16.3055,"MCO/SSR","Île-de-France",420,433,249789.64473682,1713,0,0.102,0.00892857142857143,"cluster_job_03","cluster_job_03_sim22"
23,"highest_betweenness + highest_in_degree + highest_out_degree + largest_beds + largest_outgoing","fixed","Moderate",8,"750100125",FALSE,1260,1.3609,1.1644,5.0698,4.6718,10.6266,9.7857,11.9347,10.8311,"MCO/SSR","Île-de-France",420,433,249789.64473682,1713,0,0.102,0.00892857142857143,"cluster_job_03","cluster_job_03_sim23"
24,"highest_betweenness + highest_in_degree + highest_out_degree + largest_beds + largest_outgoing","fixed","Moderate",9,"750100125",TRUE,3,0,0,0,0,0,0,0,0,"MCO/SSR","Île-de-France",420,433,249789.64473682,1713,0,0.102,0.00892857142857143,"cluster_job_03","cluster_job_03_sim24"
25,"highest_betweenness + highest_in_degree + highest_out_degree + largest_beds + largest_outgoing","fixed","Moderate",10,"750100125",TRUE,5,0,0,0,0,0,0,0,0,"MCO/SSR","Île-de-France",420,433,249789.64473682,1713,0,0.102,0.00892857142857143,"cluster_job_03","cluster_job_03_sim25"
26,"highest_betweenness + highest_in_degree + highest_out_degree + largest_beds + largest_outgoing","fixed","Moderate",11,"750100125",FALSE,1014,0.9278,0.7593,3.9376,3.4173,8.4278,7.3634,9.6143,8.2395,"MCO/SSR","Île-de-France",420,433,249789.64473682,1713,0,0.102,0.00892857142857143,"cluster_job_03","cluster_job_03_sim26"
27,"highest_betweenness + highest_in_degree + highest_out_degree + largest_beds + largest_outgoing","fixed","Moderate",12,"750100125",FALSE,1471,1.6964,1.4464,6.195,5.7845,12.726,11.8308,14.4314,13.1773,"MCO/SSR","Île-de-France",420,433,249789.64473682,1713,0,0.102,0.00892857142857143,"cluster_job_03","cluster_job_03_sim27"
28,"highest_betweenness + highest_in_degree + highest_out_degree + largest_beds + largest_outgoing","fixed","Moderate",13,"750100125",FALSE,962,0.7363,0.6065,3.5011,2.9538,7.3421,6.1159,8.4209,6.9339,"MCO/SSR","Île-de-France",420,433,249789.64473682,1713,0,0.102,0.00892857142857143,"cluster_job_03","cluster_job_03_sim28"
29,"highest_betweenness + highest_in_degree + highest_out_degree + largest_beds + largest_outgoing","fixed","Moderate",14,"750100125",FALSE,1363,1.3141,1.061,5.401,4.8918,11.1512,10.1372,12.6668,11.3285,"MCO/SSR","Île-de-France",420,433,249789.64473682,1713,0,0.102,0.00892857142857143,"cluster_job_03","cluster_job_03_sim29"
30,"highest_betweenness + highest_in_degree + highest_out_degree + largest_beds + largest_outgoing","fixed","Moderate",15,"750100125",FALSE,1707,2.3603,2.1651,7.3737,7.3197,15.5682,15.5218,17.3261,16.9488,"MCO/SSR","Île-de-France",420,433,249789.64473682,1713,0,0.102,0.00892857142857143,"cluster_job_03","cluster_job_03_sim30"
31,"random_MCO","type_random","Low",1,"940000631",TRUE,1,0,0,0,0,0,0,0,0,"MCO","Île-de-France",2,4,8.02840645402144,3,0,0.0549,0.0127551020408163,"cluster_job_03","cluster_job_03_sim31"
32,"random_MCO","type_random","Low",2,"590006896",FALSE,27,0.0141,0.0094,0.0319,0.0206,0.0869,0.052,0.0977,0.0584,"MCO","Hauts-de-France",8,17,110.417771939636,32,0,0.0549,0.0127551020408163,"cluster_job_03","cluster_job_03_sim32"
33,"random_MCO","type_random","Low",3,"940120017",FALSE,43,0.0129,0.0096,0.0373,0.0307,0.1148,0.0977,0.1263,0.1083,"MCO","Île-de-France",96,145,26146.0128614232,160,0,0.0549,0.0127551020408163,"cluster_job_03","cluster_job_03_sim33"
34,"random_MCO","type_random","Low",4,"310781000",TRUE,3,0,0,0,0,0,0,0,0,"MCO","Occitanie",88,128,18979.3290568874,313,0,0.0549,0.0127551020408163,"cluster_job_03","cluster_job_03_sim34"
35,"random_MCO","type_random","Low",5,"590060455",TRUE,4,0,0,0,0,0,0,0,0,"MCO","Hauts-de-France",5,7,136.846924632374,148,0,0.0549,0.0127551020408163,"cluster_job_03","cluster_job_03_sim35"
36,"random_MCO","type_random","Low",6,"210012670",TRUE,3,0,0,0,0,0,0,0,0,"MCO","Bourgogne-Franche-Comté",50,69,13809.5192674612,207,0,0.0549,0.0127551020408163,"cluster_job_03","cluster_job_03_sim36"
37,"random_MCO","type_random","Low",7,"300780152",FALSE,17,0.0049,0.007,0.0075,0.0117,0.0213,0.0385,0.0216,0.0367,"MCO","Occitanie",37,53,5493.6181297605,133,0,0.0549,0.0127551020408163,"cluster_job_03","cluster_job_03_sim37"
38,"random_MCO","type_random","Low",8,"940000664",TRUE,4,1e-04,1e-04,0,0,0,0,0,0,"MCO","Île-de-France",218,195,91672.7559552368,366,0,0.0549,0.0127551020408163,"cluster_job_03","cluster_job_03_sim38"
39,"random_MCO","type_random","Low",9,"620003376",TRUE,2,0,0,0,0,0,0,0,0,"MCO","Hauts-de-France",29,46,821.548803210274,180,0,0.0549,0.0127551020408163,"cluster_job_03","cluster_job_03_sim39"
40,"random_MCO","type_random","Low",10,"920100039",FALSE,77,0.0285,0.0191,0.1051,0.0694,0.3178,0.2192,0.3447,0.237,"MCO","Île-de-France",202,253,69238.5028244994,376,0,0.0549,0.0127551020408163,"cluster_job_03","cluster_job_03_sim40"
41,"random_MCO","type_random","Low",11,"570000117",TRUE,3,0,0,0,0,0,0,0,0,"MCO","Grand-Est",25,42,24718.8001569186,159,0,0.0549,0.0127551020408163,"cluster_job_03","cluster_job_03_sim41"
42,"random_MCO","type_random","Low",12,"140017237",TRUE,4,0,0,0,0,0,0,0,0,"MCO","Normandie",58,65,14965.8093503544,191,0,0.0549,0.0127551020408163,"cluster_job_03","cluster_job_03_sim42"
43,"random_MCO","type_random","Low",13,"850023151",TRUE,3,0,0,0,0,0,0,0,0,"MCO","Pays de la Loire",2,3,6,148,0,0.0549,0.0127551020408163,"cluster_job_03","cluster_job_03_sim43"
44,"random_MCO","type_random","Low",14,"870000098",TRUE,3,0,0,0,0,0,0,0,0,"MCO","Nouvelle-Aquitaine",13,34,2892.4988438446,105,0,0.0549,0.0127551020408163,"cluster_job_03","cluster_job_03_sim44"
45,"random_MCO","type_random","Low",15,"130042096",TRUE,4,0,0,0,0,0,0,0,0,"MCO","Provence-Alpes-Côte d'Azur",35,31,893.709712480964,53,0,0.0549,0.0127551020408163,"cluster_job_03","cluster_job_03_sim45"
46,"random_MCO","type_random","Moderate",1,"330780115",TRUE,4,0,0,0,0,0,0,0,0,"MCO","Nouvelle-Aquitaine",42,58,4227.45330559219,107,0,0.102,0.00892857142857143,"cluster_job_03","cluster_job_03_sim46"
47,"random_MCO","type_random","Moderate",2,"930300595",TRUE,4,0,0,0,0,0,0,0,0,"MCO","Île-de-France",54,76,1657.91804939994,94,0,0.102,0.00892857142857143,"cluster_job_03","cluster_job_03_sim47"
48,"random_MCO","type_random","Moderate",3,"310782347",TRUE,1,0,0,0,0,0,0,0,0,"MCO","Occitanie",75,85,15496.1834854843,111,0,0.102,0.00892857142857143,"cluster_job_03","cluster_job_03_sim48"
49,"random_MCO","type_random","Moderate",4,"340013119",FALSE,1301,1.0973,1.078,4.9312,4.7737,9.7232,9.5354,11.3036,10.8098,"MCO","Occitanie",5,5,1608.31657990324,148,0,0.102,0.00892857142857143,"cluster_job_03","cluster_job_03_sim49"
50,"random_MCO","type_random","Moderate",5,"590811006",TRUE,3,0,0,0,0,0,0,0,0,"MCO","Hauts-de-France",0,2,0,148,0,0.102,0.00892857142857143,"cluster_job_03","cluster_job_03_sim50"
51,"random_MCO","type_random","Moderate",6,"660780784",FALSE,1681,1.9959,1.8667,7.1298,7.0844,14.9396,14.8444,16.9029,16.4369,"MCO","Occitanie",36,60,8659.92405219863,270,0,0.102,0.00892857142857143,"cluster_job_03","cluster_job_03_sim51"
52,"random_MCO","type_random","Moderate",7,"630780211",TRUE,2,0,0,0,0,0,0,0,0,"MCO","Auvergne-Rhône-Alpes",46,55,2275.13013433802,227,0,0.102,0.00892857142857143,"cluster_job_03","cluster_job_03_sim52"
53,"random_MCO","type_random","Moderate",8,"130781867",FALSE,1415,1.3406,1.29,5.2075,5.1109,10.3387,10.3404,11.8685,11.5339,"MCO","Provence-Alpes-Côte d'Azur",10,29,592.210348107807,28,0,0.102,0.00892857142857143,"cluster_job_03","cluster_job_03_sim53"
54,"random_MCO","type_random","Moderate",9,"850009630",TRUE,2,0,0,0,0,0,0,0,0,"MCO","Pays de la Loire",22,35,4863.86917733225,108,0,0.102,0.00892857142857143,"cluster_job_03","cluster_job_03_sim54"
55,"random_MCO","type_random","Moderate",10,"760780510",TRUE,2,0,0,0,0,0,0,0,0,"MCO","Normandie",27,42,1180.85757983828,129,0,0.102,0.00892857142857143,"cluster_job_03","cluster_job_03_sim55"
56,"random_MCO","type_random","Moderate",11,"940300270",TRUE,4,0,0,0,0,0,0,0,0,"MCO","Île-de-France",97,117,8259.44121210432,136,0,0.102,0.00892857142857143,"cluster_job_03","cluster_job_03_sim56"
57,"random_MCO","type_random","Moderate",12,"490009008",TRUE,3,0,0,0,0,0,0,0,0,"MCO","Pays de la Loire",2,4,1893.42331304317,148,0,0.102,0.00892857142857143,"cluster_job_03","cluster_job_03_sim57"
58,"random_MCO","type_random","Moderate",13,"430000109",TRUE,3,0,0,0,0,0,0,0,0,"MCO","Auvergne-Rhône-Alpes",13,18,113.778674329169,48,0,0.102,0.00892857142857143,"cluster_job_03","cluster_job_03_sim58"
59,"random_MCO","type_random","Moderate",14,"660013012",TRUE,2,0,0,0,0,0,0,0,0,"MCO","Occitanie",8,20,716.982217024325,29,0,0.102,0.00892857142857143,"cluster_job_03","cluster_job_03_sim59"
60,"random_MCO","type_random","Moderate",15,"840017172",TRUE,2,0,0,0,0,0,0,0,0,"MCO","Provence-Alpes-Côte d'Azur",22,34,1300.49778894094,60,0,0.102,0.00892857142857143,"cluster_job_03","cluster_job_03_sim60"
61,"random_MCO_SSR","type_random","Low",1,"330780479",TRUE,3,0,0,0,0,0,0,0,0,"MCO/SSR","Nouvelle-Aquitaine",70,88,37286.8550972501,476,0,0.0549,0.0127551020408163,"cluster_job_03","cluster_job_03_sim61"
62,"random_MCO_SSR","type_random","Low",2,"590782546",TRUE,2,0,0,0,0,0,0,0,0,"MCO/SSR","Hauts-de-France",44,16,912.522302827428,316,0,0.0549,0.0127551020408163,"cluster_job_03","cluster_job_03_sim62"
63,"random_MCO_SSR","type_random","Low",3,"920300597",TRUE,3,0,0,0,0,0,0,0,0,"MCO/SSR","Île-de-France",69,66,7034.31124590194,97,0,0.0549,0.0127551020408163,"cluster_job_03","cluster_job_03_sim63"
64,"random_MCO_SSR","type_random","Low",4,"020000105",TRUE,3,1e-04,3e-04,0,0,0,0,0,0,"MCO/SSR","Hauts-de-France",21,12,598.768012945714,33,0,0.0549,0.0127551020408163,"cluster_job_03","cluster_job_03_sim64"
65,"random_MCO_SSR","type_random","Low",5,"530000181",TRUE,2,0,0,0,0,0,0,0,0,"MCO/SSR","Pays de la Loire",13,8,15.6427712483595,24,0,0.0549,0.0127551020408163,"cluster_job_03","cluster_job_03_sim65"
66,"random_MCO_SSR","type_random","Low",6,"590804696",TRUE,2,0,0,0,0,0,0,0,0,"MCO/SSR","Hauts-de-France",71,75,29268.0979760962,376,0,0.0549,0.0127551020408163,"cluster_job_03","cluster_job_03_sim66"
67,"random_MCO_SSR","type_random","Low",7,"210987582",TRUE,1,0,0,0,0,0,0,0,0,"MCO/SSR","Bourgogne-Franche-Comté",15,5,516.601345797215,22,0,0.0549,0.0127551020408163,"cluster_job_03","cluster_job_03_sim67"
68,"random_MCO_SSR","type_random","Low",8,"470000431",TRUE,3,0,0,0,0,0,0,0,0,"MCO/SSR","Nouvelle-Aquitaine",27,38,2061.69913933996,191,0,0.0549,0.0127551020408163,"cluster_job_03","cluster_job_03_sim68"
69,"random_MCO_SSR","type_random","Low",9,"620000349",TRUE,2,0,0,0,0,0,0,0,0,"MCO/SSR","Hauts-de-France",44,55,9696.07850547339,414,0,0.0549,0.0127551020408163,"cluster_job_03","cluster_job_03_sim69"
70,"random_MCO_SSR","type_random","Low",10,"380000059",TRUE,6,4e-04,0.0011,0,0,0,0,0,0,"MCO/SSR","Auvergne-Rhône-Alpes",15,12,475.58574980039,54,0,0.0549,0.0127551020408163,"cluster_job_03","cluster_job_03_sim70"
71,"random_MCO_SSR","type_random","Low",11,"480000017",TRUE,5,3e-04,9e-04,0,0,0,0,0,0,"MCO/SSR","Occitanie",32,58,9814.06866361799,119,0,0.0549,0.0127551020408163,"cluster_job_03","cluster_job_03_sim71"
72,"random_MCO_SSR","type_random","Low",12,"410000038",TRUE,3,1e-04,2e-04,0,0,0,0,0,0,"MCO/SSR","Centre-Val de Loire",16,33,1930.86456461941,107,0,0.0549,0.0127551020408163,"cluster_job_03","cluster_job_03_sim72"
73,"random_MCO_SSR","type_random","Low",13,"230000838",TRUE,2,0,1e-04,0,0,0,0,0,0,"MCO/SSR","Nouvelle-Aquitaine",16,10,742.062603688447,30,0,0.0549,0.0127551020408163,"cluster_job_03","cluster_job_03_sim73"
74,"random_MCO_SSR","type_random","Low",14,"570000349",TRUE,5,0,0,0,0,0,0,0,0,"MCO/SSR","Grand-Est",46,50,15182.747239706,471,0,0.0549,0.0127551020408163,"cluster_job_03","cluster_job_03_sim74"
75,"random_MCO_SSR","type_random","Low",15,"620000224",TRUE,2,0,0,0,0,0,0,0,0,"MCO/SSR","Hauts-de-France",54,62,10177.334694639,477,0,0.0549,0.0127551020408163,"cluster_job_03","cluster_job_03_sim75"
76,"random_MCO_SSR","type_random","Moderate",1,"650780182",TRUE,4,0,0,0,0,0,0,0,0,"MCO/SSR","Occitanie",21,10,2369.58324523803,51,0,0.102,0.00892857142857143,"cluster_job_03","cluster_job_03_sim76"
77,"random_MCO_SSR","type_random","Moderate",2,"140000258",TRUE,1,0,0,0,0,0,0,0,0,"MCO/SSR","Normandie",40,10,1742.3245721083,178,0,0.102,0.00892857142857143,"cluster_job_03","cluster_job_03_sim77"
78,"random_MCO_SSR","type_random","Moderate",3,"390000040",TRUE,2,0,0,0,0,0,0,0,0,"MCO/SSR","Bourgogne-Franche-Comté",35,77,13698.6483172277,357,0,0.102,0.00892857142857143,"cluster_job_03","cluster_job_03_sim78"
79,"random_MCO_SSR","type_random","Moderate",4,"930000294",TRUE,4,0,0,0,0,0,0,0,0,"MCO/SSR","Île-de-France",34,2,8.32132421961079,16,0,0.102,0.00892857142857143,"cluster_job_03","cluster_job_03_sim79"
80,"random_MCO_SSR","type_random","Moderate",5,"370000879",TRUE,1,0,0,0,0,0,0,0,0,"MCO/SSR","Centre-Val de Loire",18,31,3089.68426674517,109,0,0.102,0.00892857142857143,"cluster_job_03","cluster_job_03_sim80"
81,"random_MCO_SSR","type_random","Moderate",6,"920100047",TRUE,1,0,0,0,0,0,0,0,0,"MCO/SSR","Île-de-France",119,139,18151.8939764688,323,0,0.102,0.00892857142857143,"cluster_job_03","cluster_job_03_sim81"
82,"random_MCO_SSR","type_random","Moderate",7,"090001629",FALSE,1250,1.0947,1.1877,4.198,4.4186,8.2203,8.6877,9.5436,9.7798,"MCO/SSR","Occitanie",5,15,387.063645839001,26,0,0.102,0.00892857142857143,"cluster_job_03","cluster_job_03_sim82"
83,"random_MCO_SSR","type_random","Moderate",8,"910018423",TRUE,1,0,0,0,0,0,0,0,0,"MCO/SSR","Île-de-France",21,44,475.748004527662,43,0,0.102,0.00892857142857143,"cluster_job_03","cluster_job_03_sim83"
84,"random_MCO_SSR","type_random","Moderate",9,"760000133",TRUE,3,0,0,0,0,0,0,0,0,"MCO/SSR","Normandie",14,4,14.2244284111668,51,0,0.102,0.00892857142857143,"cluster_job_03","cluster_job_03_sim84"
85,"random_MCO_SSR","type_random","Moderate",10,"350000212",FALSE,847,0.6452,0.5504,3.0546,2.6072,5.7955,4.8223,6.902,5.6978,"MCO/SSR","Bretagne",19,9,1393.08534924215,36,0,0.102,0.00892857142857143,"cluster_job_03","cluster_job_03_sim85"
86,"random_MCO_SSR","type_random","Moderate",11,"620000117",TRUE,4,0,0,0,0,0,0,0,0,"MCO/SSR","Hauts-de-France",26,8,626.771382514673,35,0,0.102,0.00892857142857143,"cluster_job_03","cluster_job_03_sim86"
87,"random_MCO_SSR","type_random","Moderate",12,"830100608",TRUE,2,0,0,0,0,0,0,0,0,"MCO/SSR","Provence-Alpes-Côte d'Azur",46,66,9617.53815699371,156,0,0.102,0.00892857142857143,"cluster_job_03","cluster_job_03_sim87"
88,"random_MCO_SSR","type_random","Moderate",13,"510004302",TRUE,2,0,0,0,0,0,0,0,0,"MCO/SSR","Grand-Est",66,81,37118.6223814042,252,0,0.102,0.00892857142857143,"cluster_job_03","cluster_job_03_sim88"
89,"random_MCO_SSR","type_random","Moderate",14,"940300551",FALSE,1422,1.5969,1.3862,5.7741,5.519,12.0375,11.5166,13.7022,12.8144,"MCO/SSR","Île-de-France",26,19,1466.49817505813,122,0,0.102,0.00892857142857143,"cluster_job_03","cluster_job_03_sim89"
90,"random_MCO_SSR","type_random","Moderate",15,"630000420",TRUE,3,0,0,0,0,0,0,0,0,"MCO/SSR","Auvergne-Rhône-Alpes",14,39,5036.80208071172,128,0,0.102,0.00892857142857143,"cluster_job_03","cluster_job_03_sim90"
91,"random_SSR","type_random","Low",1,"710780081",TRUE,3,0,0,0,0,0,0,0,0,"SSR","Bourgogne-Franche-Comté",39,15,2016.98921174687,93,0,0.0549,0.0127551020408163,"cluster_job_03","cluster_job_03_sim91"
92,"random_SSR","type_random","Low",2,"340017771",TRUE,1,0,0,0,0,0,0,0,0,"SSR","Occitanie",18,8,565.984247703086,58,0,0.0549,0.0127551020408163,"cluster_job_03","cluster_job_03_sim92"
93,"random_SSR","type_random","Low",3,"680000783",TRUE,4,0,0,0,0,0,0,0,0,"SSR","Grand-Est",7,3,10.1495781995782,71,0,0.0549,0.0127551020408163,"cluster_job_03","cluster_job_03_sim93"
94,"random_SSR","type_random","Low",4,"620033712",TRUE,3,0,0,0,0,0,0,0,0,"SSR","Hauts-de-France",8,4,237.271469633991,39,0,0.0549,0.0127551020408163,"cluster_job_03","cluster_job_03_sim94"
95,"random_SSR","type_random","Low",5,"610787822",TRUE,4,1e-04,3e-04,0,0,0,0,0,0,"SSR","Pays de la Loire",10,7,29.9949632118622,20,0,0.0549,0.0127551020408163,"cluster_job_03","cluster_job_03_sim95"
96,"random_SSR","type_random","Low",6,"290002344",TRUE,2,0,0,0,0,0,0,0,0,"SSR","Bretagne",22,13,3332.47120844505,88,0,0.0549,0.0127551020408163,"cluster_job_03","cluster_job_03_sim96"
97,"random_SSR","type_random","Low",7,"940300080",FALSE,72,0.0261,0.0149,0.0645,0.043,0.2276,0.1227,0.2435,0.1339,"SSR","Île-de-France",60,25,1146.19825765064,116,0,0.0549,0.0127551020408163,"cluster_job_03","cluster_job_03_sim97"
98,"random_SSR","type_random","Low",8,"220019061",TRUE,2,0,0,0,0,0,0,0,0,"SSR","Bretagne",10,5,379.303838113719,33,0,0.0549,0.0127551020408163,"cluster_job_03","cluster_job_03_sim98"
99,"random_SSR","type_random","Low",9,"400780102",TRUE,4,1e-04,1e-04,0,0,0,0,0,0,"SSR","Nouvelle-Aquitaine",36,10,4693.3652283878,173,0,0.0549,0.0127551020408163,"cluster_job_03","cluster_job_03_sim99"
100,"random_SSR","type_random","Low",10,"940700032",FALSE,78,0.0245,0.0148,0.0772,0.0449,0.272,0.1372,0.295,0.1494,"SSR","Île-de-France",92,41,4545.8000954997,688,0,0.0549,0.0127551020408163,"cluster_job_03","cluster_job_03_sim100"
101,"random_SSR","type_random","Low",11,"440002459",TRUE,1,0,0,0,0,0,0,0,0,"SSR","Pays de la Loire",21,8,701.005672363136,77,0,0.0549,0.0127551020408163,"cluster_job_03","cluster_job_03_sim101"
102,"random_SSR","type_random","Low",12,"910800986",TRUE,1,0,0,0,0,0,0,0,0,"SSR","Île-de-France",23,15,684.620772387423,54,0,0.0549,0.0127551020408163,"cluster_job_03","cluster_job_03_sim102"
103,"random_SSR","type_random","Low",13,"270000474",TRUE,4,0,2e-04,0,0,0,0,0,0,"SSR","Normandie",17,9,231.152253026239,22,0,0.0549,0.0127551020408163,"cluster_job_03","cluster_job_03_sim103"
104,"random_SSR","type_random","Low",14,"490000643",TRUE,1,0,0,0,0,0,0,0,0,"SSR","Pays de la Loire",28,9,1861.35428900329,137,0,0.0549,0.0127551020408163,"cluster_job_03","cluster_job_03_sim104"
105,"random_SSR","type_random","Low",15,"170000061",FALSE,52,0.0213,0.0087,0.0599,0.0265,0.2397,0.0863,0.2531,0.0926,"SSR","Nouvelle-Aquitaine",13,8,1019.38086834484,47,0,0.0549,0.0127551020408163,"cluster_job_03","cluster_job_03_sim105"
106,"random_SSR","type_random","Moderate",1,"720000744",FALSE,1662,2.2615,2.185,7.2591,7.2707,15.0824,15.2224,16.9614,16.6867,"SSR","Pays de la Loire",41,17,1604.42712556354,434,0,0.102,0.00892857142857143,"cluster_job_03","cluster_job_03_sim106"
107,"random_SSR","type_random","Moderate",2,"440059319",FALSE,1069,0.9177,0.8285,3.9988,3.7203,8.0781,7.4721,9.2819,8.4448,"SSR","Pays de la Loire",15,11,4215.01787617951,83,0,0.102,0.00892857142857143,"cluster_job_03","cluster_job_03_sim107"
108,"random_SSR","type_random","Moderate",3,"720016823",TRUE,1,0,0,0,0,0,0,0,0,"SSR","Pays de la Loire",20,13,1432.77305825805,82,0,0.102,0.00892857142857143,"cluster_job_03","cluster_job_03_sim108"
109,"random_SSR","type_random","Moderate",4,"130790157",TRUE,3,0,0,0,0,0,0,0,0,"SSR","Provence-Alpes-Côte d'Azur",10,7,207.550358697398,22,0,0.102,0.00892857142857143,"cluster_job_03","cluster_job_03_sim109"
110,"random_SSR","type_random","Moderate",5,"500000419",FALSE,1258,1.1691,1.0404,4.9375,4.5661,9.9523,9.0658,11.432,10.2357,"SSR","Normandie",27,14,1673.88835150244,170,0,0.102,0.00892857142857143,"cluster_job_03","cluster_job_03_sim110"
111,"random_SSR","type_random","Moderate",6,"640787149",FALSE,1016,0.762,0.678,3.7471,3.3613,7.6861,6.9306,8.997,7.91,"SSR","Nouvelle-Aquitaine",25,13,1401.08868436396,100,0,0.102,0.00892857142857143,"cluster_job_03","cluster_job_03_sim111"
112,"random_SSR","type_random","Moderate",7,"020000915",FALSE,1673,2.353,2.1872,7.1925,7.2076,15.0213,15.0718,16.779,16.4241,"SSR","Hauts-de-France",46,20,1087.92439252185,246,0,0.102,0.00892857142857143,"cluster_job_03","cluster_job_03_sim112"
113,"random_SSR","type_random","Moderate",8,"560003055",TRUE,4,0,0,0,0,0,0,0,0,"SSR","Bretagne",29,11,3284.53039191708,90,0,0.102,0.00892857142857143,"cluster_job_03","cluster_job_03_sim113"
114,"random_SSR","type_random","Moderate",9,"340780220",FALSE,892,0.5877,0.6256,2.5943,2.6399,4.9699,5.1829,5.9456,5.9575,"SSR","Occitanie",26,14,997.36966386753,143,0,0.102,0.00892857142857143,"cluster_job_03","cluster_job_03_sim114"
115,"random_SSR","type_random","Moderate",10,"920300381",FALSE,1497,1.8789,1.6303,6.197,5.9465,13.0465,12.4823,14.5758,13.6647,"SSR","Île-de-France",59,27,1139.29119950458,160,0,0.102,0.00892857142857143,"cluster_job_03","cluster_job_03_sim115"
116,"random_SSR","type_random","Moderate",11,"330057654",TRUE,4,0,0,0,0,0,0,0,0,"SSR","Nouvelle-Aquitaine",34,20,1062.29925802425,178,0,0.102,0.00892857142857143,"cluster_job_03","cluster_job_03_sim116"
117,"random_SSR","type_random","Moderate",12,"570003103",TRUE,3,0,0,0,0,0,0,0,0,"SSR","Grand-Est",31,14,1005.02161161052,219,0,0.102,0.00892857142857143,"cluster_job_03","cluster_job_03_sim117"
118,"random_SSR","type_random","Moderate",13,"840000202",FALSE,1284,0.9608,0.8755,4.7782,4.415,9.4462,8.6315,11.0881,9.9821,"SSR","Provence-Alpes-Côte d'Azur",17,10,794.698350128467,79,0,0.102,0.00892857142857143,"cluster_job_03","cluster_job_03_sim118"
119,"random_SSR","type_random","Moderate",14,"310014329",TRUE,5,1e-04,4e-04,0,0,0,0,0,0,"SSR","Occitanie",0,1,0,15,0,0.102,0.00892857142857143,"cluster_job_03","cluster_job_03_sim119"
120,"random_SSR","type_random","Moderate",15,"170000061",TRUE,2,0,0,0,0,0,0,0,0,"SSR","Nouvelle-Aquitaine",13,8,1019.38086834484,47,0,0.102,0.00892857142857143,"cluster_job_03","cluster_job_03_sim120"
1,"highest_betweenness + highest_in_degree + highest_out_degree + largest_beds + largest_outgoing","fixed","Low",1,"750100125",FALSE,67,0.0258,0.0249,0.0588,0.0609,0.1506,0.1581,0.1682,0.17,"MCO/SSR","Île-de-France",420,433,249789.64473682,1713,0,0.0549,0.0127551020408163,"cluster_job_04","cluster_job_04_sim1"
2,"highest_betweenness + highest_in_degree + highest_out_degree + largest_beds + largest_outgoing","fixed","Low",2,"750100125",FALSE,48,0.0161,0.0134,0.0469,0.0332,0.1372,0.097,0.1423,0.0997,"MCO/SSR","Île-de-France",420,433,249789.64473682,1713,0,0.0549,0.0127551020408163,"cluster_job_04","cluster_job_04_sim2"
3,"highest_betweenness + highest_in_degree + highest_out_degree + largest_beds + largest_outgoing","fixed","Low",3,"750100125",FALSE,171,0.1087,0.0624,0.2784,0.1923,0.917,0.6072,0.9812,0.657,"MCO/SSR","Île-de-France",420,433,249789.64473682,1713,0,0.0549,0.0127551020408163,"cluster_job_04","cluster_job_04_sim3"
4,"highest_betweenness + highest_in_degree + highest_out_degree + largest_beds + largest_outgoing","fixed","Low",4,"750100125",TRUE,2,0,0,0,0,0,0,0,0,"MCO/SSR","Île-de-France",420,433,249789.64473682,1713,0,0.0549,0.0127551020408163,"cluster_job_04","cluster_job_04_sim4"
5,"highest_betweenness + highest_in_degree + highest_out_degree + largest_beds + largest_outgoing","fixed","Low",5,"750100125",TRUE,4,0,0,0,0,0,0,0,0,"MCO/SSR","Île-de-France",420,433,249789.64473682,1713,0,0.0549,0.0127551020408163,"cluster_job_04","cluster_job_04_sim5"
6,"highest_betweenness + highest_in_degree + highest_out_degree + largest_beds + largest_outgoing","fixed","Low",6,"750100125",TRUE,1,0,0,0,0,0,0,0,0,"MCO/SSR","Île-de-France",420,433,249789.64473682,1713,0,0.0549,0.0127551020408163,"cluster_job_04","cluster_job_04_sim6"
7,"highest_betweenness + highest_in_degree + highest_out_degree + largest_beds + largest_outgoing","fixed","Low",7,"750100125",TRUE,2,0,0,0,0,0,0,0,0,"MCO/SSR","Île-de-France",420,433,249789.64473682,1713,0,0.0549,0.0127551020408163,"cluster_job_04","cluster_job_04_sim7"
8,"highest_betweenness + highest_in_degree + highest_out_degree + largest_beds + largest_outgoing","fixed","Low",8,"750100125",TRUE,3,0,0,0,0,0,0,0,0,"MCO/SSR","Île-de-France",420,433,249789.64473682,1713,0,0.0549,0.0127551020408163,"cluster_job_04","cluster_job_04_sim8"
9,"highest_betweenness + highest_in_degree + highest_out_degree + largest_beds + largest_outgoing","fixed","Low",9,"750100125",FALSE,192,0.1261,0.0764,0.3604,0.2507,1.1142,0.7264,1.2124,0.7787,"MCO/SSR","Île-de-France",420,433,249789.64473682,1713,0,0.0549,0.0127551020408163,"cluster_job_04","cluster_job_04_sim9"
10,"highest_betweenness + highest_in_degree + highest_out_degree + largest_beds + largest_outgoing","fixed","Low",10,"750100125",FALSE,16,0.0043,0.0048,0.0055,0.0061,0.0174,0.0201,0.0195,0.0214,"MCO/SSR","Île-de-France",420,433,249789.64473682,1713,0,0.0549,0.0127551020408163,"cluster_job_04","cluster_job_04_sim10"
11,"highest_betweenness + highest_in_degree + highest_out_degree + largest_beds + largest_outgoing","fixed","Low",11,"750100125",TRUE,2,0,0,0,0,0,0,0,0,"MCO/SSR","Île-de-France",420,433,249789.64473682,1713,0,0.0549,0.0127551020408163,"cluster_job_04","cluster_job_04_sim11"
12,"highest_betweenness + highest_in_degree + highest_out_degree + largest_beds + largest_outgoing","fixed","Low",12,"750100125",FALSE,71,0.0248,0.0168,0.0841,0.0537,0.2213,0.1481,0.2534,0.1653,"MCO/SSR","Île-de-France",420,433,249789.64473682,1713,0,0.0549,0.0127551020408163,"cluster_job_04","cluster_job_04_sim12"
13,"highest_betweenness + highest_in_degree + highest_out_degree + largest_beds + largest_outgoing","fixed","Low",13,"750100125",TRUE,1,0,0,0,0,0,0,0,0,"MCO/SSR","Île-de-France",420,433,249789.64473682,1713,0,0.0549,0.0127551020408163,"cluster_job_04","cluster_job_04_sim13"
14,"highest_betweenness + highest_in_degree + highest_out_degree + largest_beds + largest_outgoing","fixed","Low",14,"750100125",TRUE,3,0,0,0,0,0,0,0,0,"MCO/SSR","Île-de-France",420,433,249789.64473682,1713,0,0.0549,0.0127551020408163,"cluster_job_04","cluster_job_04_sim14"
15,"highest_betweenness + highest_in_degree + highest_out_degree + largest_beds + largest_outgoing","fixed","Low",15,"750100125",TRUE,1,0,0,0,0,0,0,0,0,"MCO/SSR","Île-de-France",420,433,249789.64473682,1713,0,0.0549,0.0127551020408163,"cluster_job_04","cluster_job_04_sim15"
16,"highest_betweenness + highest_in_degree + highest_out_degree + largest_beds + largest_outgoing","fixed","Moderate",1,"750100125",TRUE,3,0,0,0,0,0,0,0,0,"MCO/SSR","Île-de-France",420,433,249789.64473682,1713,0,0.102,0.00892857142857143,"cluster_job_04","cluster_job_04_sim16"
17,"highest_betweenness + highest_in_degree + highest_out_degree + largest_beds + largest_outgoing","fixed","Moderate",2,"750100125",TRUE,1,0,0,0,0,0,0,0,0,"MCO/SSR","Île-de-France",420,433,249789.64473682,1713,0,0.102,0.00892857142857143,"cluster_job_04","cluster_job_04_sim17"
18,"highest_betweenness + highest_in_degree + highest_out_degree + largest_beds + largest_outgoing","fixed","Moderate",3,"750100125",TRUE,4,0,0,0,0,0,0,0,0,"MCO/SSR","Île-de-France",420,433,249789.64473682,1713,0,0.102,0.00892857142857143,"cluster_job_04","cluster_job_04_sim18"
19,"highest_betweenness + highest_in_degree + highest_out_degree + largest_beds + largest_outgoing","fixed","Moderate",4,"750100125",TRUE,3,0,0,0,0,0,0,0,0,"MCO/SSR","Île-de-France",420,433,249789.64473682,1713,0,0.102,0.00892857142857143,"cluster_job_04","cluster_job_04_sim19"
20,"highest_betweenness + highest_in_degree + highest_out_degree + largest_beds + largest_outgoing","fixed","Moderate",5,"750100125",FALSE,1827,2.6261,2.4039,8.321,8.6145,17.1875,17.6281,19.2738,19.3687,"MCO/SSR","Île-de-France",420,433,249789.64473682,1713,0,0.102,0.00892857142857143,"cluster_job_04","cluster_job_04_sim20"
21,"highest_betweenness + highest_in_degree + highest_out_degree + largest_beds + largest_outgoing","fixed","Moderate",6,"750100125",TRUE,3,0,0,0,0,0,0,0,0,"MCO/SSR","Île-de-France",420,433,249789.64473682,1713,0,0.102,0.00892857142857143,"cluster_job_04","cluster_job_04_sim21"
22,"highest_betweenness + highest_in_degree + highest_out_degree + largest_beds + largest_outgoing","fixed","Moderate",7,"750100125",TRUE,2,0,0,0,0,0,0,0,0,"MCO/SSR","Île-de-France",420,433,249789.64473682,1713,0,0.102,0.00892857142857143,"cluster_job_04","cluster_job_04_sim22"
23,"highest_betweenness + highest_in_degree + highest_out_degree + largest_beds + largest_outgoing","fixed","Moderate",8,"750100125",TRUE,3,0,0,0,0,0,0,0,0,"MCO/SSR","Île-de-France",420,433,249789.64473682,1713,0,0.102,0.00892857142857143,"cluster_job_04","cluster_job_04_sim23"
24,"highest_betweenness + highest_in_degree + highest_out_degree + largest_beds + largest_outgoing","fixed","Moderate",9,"750100125",FALSE,1775,2.4333,2.2023,7.7187,7.7497,16.3164,16.2482,18.2355,17.7517,"MCO/SSR","Île-de-France",420,433,249789.64473682,1713,0,0.102,0.00892857142857143,"cluster_job_04","cluster_job_04_sim24"
25,"highest_betweenness + highest_in_degree + highest_out_degree + largest_beds + largest_outgoing","fixed","Moderate",10,"750100125",FALSE,1810,2.7078,2.4773,7.9128,8.0455,16.6439,16.7915,18.523,18.207,"MCO/SSR","Île-de-France",420,433,249789.64473682,1713,0,0.102,0.00892857142857143,"cluster_job_04","cluster_job_04_sim25"
26,"highest_betweenness + highest_in_degree + highest_out_degree + largest_beds + largest_outgoing","fixed","Moderate",11,"750100125",FALSE,1787,2.5757,2.302,7.9266,7.9754,16.3907,16.4309,18.3775,18.0509,"MCO/SSR","Île-de-France",420,433,249789.64473682,1713,0,0.102,0.00892857142857143,"cluster_job_04","cluster_job_04_sim26"
27,"highest_betweenness + highest_in_degree + highest_out_degree + largest_beds + largest_outgoing","fixed","Moderate",12,"750100125",TRUE,1,0,0,0,0,0,0,0,0,"MCO/SSR","Île-de-France",420,433,249789.64473682,1713,0,0.102,0.00892857142857143,"cluster_job_04","cluster_job_04_sim27"
28,"highest_betweenness + highest_in_degree + highest_out_degree + largest_beds + largest_outgoing","fixed","Moderate",13,"750100125",FALSE,1608,2.1191,1.8141,6.9677,6.6317,14.3817,13.6947,16.2298,15.1436,"MCO/SSR","Île-de-France",420,433,249789.64473682,1713,0,0.102,0.00892857142857143,"cluster_job_04","cluster_job_04_sim28"
29,"highest_betweenness + highest_in_degree + highest_out_degree + largest_beds + largest_outgoing","fixed","Moderate",14,"750100125",TRUE,2,0,0,0,0,0,0,0,0,"MCO/SSR","Île-de-France",420,433,249789.64473682,1713,0,0.102,0.00892857142857143,"cluster_job_04","cluster_job_04_sim29"
30,"highest_betweenness + highest_in_degree + highest_out_degree + largest_beds + largest_outgoing","fixed","Moderate",15,"750100125",FALSE,1216,1.1808,1.0045,4.7814,4.2982,10.0511,9.019,11.487,10.1566,"MCO/SSR","Île-de-France",420,433,249789.64473682,1713,0,0.102,0.00892857142857143,"cluster_job_04","cluster_job_04_sim30"
31,"random_MCO","type_random","Low",1,"290023431",FALSE,70,0.0401,0.0249,0.0891,0.0561,0.2396,0.1489,0.2641,0.1572,"MCO","Bretagne",6,13,586.49532718567,41,0,0.0549,0.0127551020408163,"cluster_job_04","cluster_job_04_sim31"
32,"random_MCO","type_random","Low",2,"640781332",TRUE,3,0,0,0,0,0,0,0,0,"MCO","Nouvelle-Aquitaine",15,9,454.732097847853,148,0,0.0549,0.0127551020408163,"cluster_job_04","cluster_job_04_sim32"
33,"random_MCO","type_random","Low",3,"930150032",TRUE,3,0,0,0,0,0,0,0,0,"MCO","Île-de-France",6,7,1.52063492063492,24,0,0.0549,0.0127551020408163,"cluster_job_04","cluster_job_04_sim33"
34,"random_MCO","type_random","Low",4,"590000758",TRUE,11,0.002,0.0028,0,0,0,0,0,0,"MCO","Hauts-de-France",37,48,4725.52512777738,226,0,0.0549,0.0127551020408163,"cluster_job_04","cluster_job_04_sim34"
35,"random_MCO","type_random","Low",5,"260020078",TRUE,4,0,1e-04,0,0,0,0,0,0,"MCO","Auvergne-Rhône-Alpes",17,21,445.121812291843,23,0,0.0549,0.0127551020408163,"cluster_job_04","cluster_job_04_sim35"
36,"random_MCO","type_random","Low",6,"600100168",TRUE,1,0,0,0,0,0,0,0,0,"MCO","Hauts-de-France",22,24,1960.36387483439,59,0,0.0549,0.0127551020408163,"cluster_job_04","cluster_job_04_sim36"
37,"random_MCO","type_random","Low",7,"310783063",TRUE,3,1e-04,1e-04,0,0,0,0,0,0,"MCO","Occitanie",1,4,1.15982212232212,148,0,0.0549,0.0127551020408163,"cluster_job_04","cluster_job_04_sim37"
38,"random_MCO","type_random","Low",8,"750100018",TRUE,2,0,0,0,0,0,0,0,0,"MCO","Île-de-France",10,31,924.430413812058,20,0,0.0549,0.0127551020408163,"cluster_job_04","cluster_job_04_sim38"
39,"random_MCO","type_random","Low",9,"330000662",TRUE,2,0,0,0,0,0,0,0,0,"MCO","Nouvelle-Aquitaine",78,78,14462.575149977,139,0,0.0549,0.0127551020408163,"cluster_job_04","cluster_job_04_sim39"
40,"random_MCO","type_random","Low",10,"760000166",TRUE,4,0,0,0,0,0,0,0,0,"MCO","Normandie",49,41,5863.0558744078,132,0,0.0549,0.0127551020408163,"cluster_job_04","cluster_job_04_sim40"
41,"random_MCO","type_random","Low",11,"070000112",TRUE,2,0,0,0,0,0,0,0,0,"MCO","Auvergne-Rhône-Alpes",12,17,514.024930487819,16,0,0.0549,0.0127551020408163,"cluster_job_04","cluster_job_04_sim41"
42,"random_MCO","type_random","Low",12,"840018337",TRUE,2,0,0,0,0,0,0,0,0,"MCO","Provence-Alpes-Côte d'Azur",8,21,143.98460892307,18,0,0.0549,0.0127551020408163,"cluster_job_04","cluster_job_04_sim42"
43,"random_MCO","type_random","Low",13,"490007499",TRUE,4,0,0,0,0,0,0,0,0,"MCO","Pays de la Loire",13,12,2498.76151427559,148,0,0.0549,0.0127551020408163,"cluster_job_04","cluster_job_04_sim43"
44,"random_MCO","type_random","Low",14,"260000146",TRUE,2,0,0,0,0,0,0,0,0,"MCO","Auvergne-Rhône-Alpes",11,17,388.30354584933,40,0,0.0549,0.0127551020408163,"cluster_job_04","cluster_job_04_sim44"
45,"random_MCO","type_random","Low",15,"750000523",FALSE,8,0.0018,0.0015,5e-04,4e-04,0.002,0.0016,0.0024,0.0021,"MCO","Île-de-France",289,291,99620.8106500328,754,0,0.0549,0.0127551020408163,"cluster_job_04","cluster_job_04_sim45"
46,"random_MCO","type_random","Moderate",1,"640781332",TRUE,2,0,0,0,0,0,0,0,0,"MCO","Nouvelle-Aquitaine",15,9,454.732097847853,148,0,0.102,0.00892857142857143,"cluster_job_04","cluster_job_04_sim46"
47,"random_MCO","type_random","Moderate",2,"910300144",TRUE,6,1e-04,1e-04,0,0,0,0,0,0,"MCO","Île-de-France",54,74,8966.43571336272,119,0,0.102,0.00892857142857143,"cluster_job_04","cluster_job_04_sim47"
48,"random_MCO","type_random","Moderate",3,"910000330",TRUE,1,0,0,0,0,0,0,0,0,"MCO","Île-de-France",3,12,197.741386150056,16,0,0.102,0.00892857142857143,"cluster_job_04","cluster_job_04_sim48"
49,"random_MCO","type_random","Moderate",4,"260000146",TRUE,1,0,0,0,0,0,0,0,0,"MCO","Auvergne-Rhône-Alpes",11,17,388.30354584933,40,0,0.102,0.00892857142857143,"cluster_job_04","cluster_job_04_sim49"
50,"random_MCO","type_random","Moderate",5,"300008588",TRUE,2,0,0,0,0,0,0,0,0,"MCO","Occitanie",5,8,534.684160162653,3,0,0.102,0.00892857142857143,"cluster_job_04","cluster_job_04_sim50"
51,"random_MCO","type_random","Moderate",6,"830000337",TRUE,4,0,0,0,0,0,0,0,0,"MCO","Provence-Alpes-Côte d'Azur",17,62,5833.03892062691,62,0,0.102,0.00892857142857143,"cluster_job_04","cluster_job_04_sim51"
52,"random_MCO","type_random","Moderate",7,"600110175",TRUE,2,0,0,0,0,0,0,0,0,"MCO","Hauts-de-France",6,13,40.3595624151246,72,0,0.102,0.00892857142857143,"cluster_job_04","cluster_job_04_sim52"
53,"random_MCO","type_random","Moderate",8,"750150104",TRUE,5,0,0,0,0,0,0,0,0,"MCO","Île-de-France",221,226,31281.7681767411,362,0,0.102,0.00892857142857143,"cluster_job_04","cluster_job_04_sim53"
54,"random_MCO","type_random","Moderate",9,"480002948",TRUE,2,0,0,0,0,0,0,0,0,"MCO","Occitanie",8,17,655.310734246502,18,0,0.102,0.00892857142857143,"cluster_job_04","cluster_job_04_sim54"
55,"random_MCO","type_random","Moderate",10,"110000023",TRUE,1,0,0,0,0,0,0,0,0,"MCO","Occitanie",54,87,30100.8847368574,385,0,0.102,0.00892857142857143,"cluster_job_04","cluster_job_04_sim55"
56,"random_MCO","type_random","Moderate",11,"660006305",TRUE,2,0,0,0,0,0,0,0,0,"MCO","Occitanie",19,28,1146.82747461199,82,0,0.102,0.00892857142857143,"cluster_job_04","cluster_job_04_sim56"
57,"random_MCO","type_random","Moderate",12,"490000049",FALSE,1033,0.7406,0.6729,3.6283,3.3669,6.7848,6.2303,7.9101,7.1007,"MCO","Pays de la Loire",142,161,95208.366677123,1104,0,0.102,0.00892857142857143,"cluster_job_04","cluster_job_04_sim57"
58,"random_MCO","type_random","Moderate",13,"340780667",TRUE,1,0,0,0,0,0,0,0,0,"MCO","Occitanie",83,128,24082.5506349188,276,0,0.102,0.00892857142857143,"cluster_job_04","cluster_job_04_sim58"
59,"random_MCO","type_random","Moderate",14,"130784481",TRUE,3,0,0,0,0,0,0,0,0,"MCO","Provence-Alpes-Côte d'Azur",46,44,48266.4102997579,148,0,0.102,0.00892857142857143,"cluster_job_04","cluster_job_04_sim59"
60,"random_MCO","type_random","Moderate",15,"920100021",TRUE,1,0,0,0,0,0,0,0,0,"MCO","Île-de-France",135,188,25509.313154173,416,0,0.102,0.00892857142857143,"cluster_job_04","cluster_job_04_sim60"
61,"random_MCO_SSR","type_random","Low",1,"690000013",TRUE,1,0,0,0,0,0,0,0,0,"MCO/SSR","Auvergne-Rhône-Alpes",30,40,1796.83595103117,125,0,0.0549,0.0127551020408163,"cluster_job_04","cluster_job_04_sim61"
62,"random_MCO_SSR","type_random","Low",2,"170000178",TRUE,4,2e-04,2e-04,0,0,0,0,0,0,"MCO/SSR","Nouvelle-Aquitaine",25,11,768.359204757622,82,0,0.0549,0.0127551020408163,"cluster_job_04","cluster_job_04_sim62"
63,"random_MCO_SSR","type_random","Low",3,"690784178",TRUE,2,0,0,0,0,0,0,0,0,"MCO/SSR","Auvergne-Rhône-Alpes",126,154,42812.3360326842,278,0,0.0549,0.0127551020408163,"cluster_job_04","cluster_job_04_sim63"
64,"random_MCO_SSR","type_random","Low",4,"420000010",FALSE,8,0.0028,0.0043,0.0058,0.0055,0.0128,0.015,0.0155,0.0164,"MCO/SSR","Auvergne-Rhône-Alpes",52,73,14469.2666861261,381,0,0.0549,0.0127551020408163,"cluster_job_04","cluster_job_04_sim64"
65,"random_MCO_SSR","type_random","Low",5,"760000356",FALSE,90,0.0335,0.0217,0.1144,0.0893,0.4164,0.2711,0.4568,0.3011,"MCO/SSR","Normandie",13,20,1265.33002808275,191,0,0.0549,0.0127551020408163,"cluster_job_04","cluster_job_04_sim65"
66,"random_MCO_SSR","type_random","Low",6,"760921809",TRUE,1,0,0,0,0,0,0,0,0,"MCO/SSR","Normandie",38,45,4891.6463630103,148,0,0.0549,0.0127551020408163,"cluster_job_04","cluster_job_04_sim66"
67,"random_MCO_SSR","type_random","Low",7,"340000231",TRUE,2,0,0,0,0,0,0,0,0,"MCO/SSR","Occitanie",19,23,1223.53031827681,51,0,0.0549,0.0127551020408163,"cluster_job_04","cluster_job_04_sim67"
68,"random_MCO_SSR","type_random","Low",8,"090001629",FALSE,12,0.0035,0.0065,0.0031,0.0066,0.0139,0.0281,0.0152,0.0291,"MCO/SSR","Occitanie",5,15,387.063645839001,26,0,0.0549,0.0127551020408163,"cluster_job_04","cluster_job_04_sim68"
69,"random_MCO_SSR","type_random","Low",9,"730000049",TRUE,2,0,0,0,0,0,0,0,0,"MCO/SSR","Auvergne-Rhône-Alpes",7,5,0.833333333333333,27,0,0.0549,0.0127551020408163,"cluster_job_04","cluster_job_04_sim69"
70,"random_MCO_SSR","type_random","Low",10,"350000444",TRUE,5,0,0,0,0,0,0,0,0,"MCO/SSR","Bretagne",24,11,1546.10343183805,86,0,0.0549,0.0127551020408163,"cluster_job_04","cluster_job_04_sim70"
71,"random_MCO_SSR","type_random","Low",11,"870000270",TRUE,3,0,0,0,0,0,0,0,0,"MCO/SSR","Nouvelle-Aquitaine",18,18,3369.75808735228,97,0,0.0549,0.0127551020408163,"cluster_job_04","cluster_job_04_sim71"
72,"random_MCO_SSR","type_random","Low",12,"140000373",TRUE,2,0,0,0,0,0,0,0,0,"MCO/SSR","Normandie",16,27,2153.35923170195,115,0,0.0549,0.0127551020408163,"cluster_job_04","cluster_job_04_sim72"
73,"random_MCO_SSR","type_random","Low",13,"130000409",FALSE,13,0.0051,0.008,0.0046,0.0073,0.0116,0.0185,0.0133,0.0236,"MCO/SSR","Provence-Alpes-Côte d'Azur",109,150,50953.2638601371,575,0,0.0549,0.0127551020408163,"cluster_job_04","cluster_job_04_sim73"
74,"random_MCO_SSR","type_random","Low",14,"560002974",TRUE,2,0,0,0,0,0,0,0,0,"MCO/SSR","Bretagne",20,9,688.445994319034,87,0,0.0549,0.0127551020408163,"cluster_job_04","cluster_job_04_sim74"
75,"random_MCO_SSR","type_random","Low",15,"790000111",TRUE,2,0,0,0,0,0,0,0,0,"MCO/SSR","Nouvelle-Aquitaine",11,10,306.997445543238,50,0,0.0549,0.0127551020408163,"cluster_job_04","cluster_job_04_sim75"
76,"random_MCO_SSR","type_random","Moderate",1,"360002232",FALSE,1577,1.6913,1.585,6.5424,6.3499,13.3675,13.045,15.1293,14.4362,"MCO/SSR","Centre-Val de Loire",31,14,2978.35810198788,119,0,0.102,0.00892857142857143,"cluster_job_04","cluster_job_04_sim76"
77,"random_MCO_SSR","type_random","Moderate",2,"220000236",FALSE,459,0.2341,0.2089,1.3879,1.2012,2.4951,2.1255,3.0186,2.5164,"MCO/SSR","Bretagne",15,12,150.898500913007,36,0,0.102,0.00892857142857143,"cluster_job_04","cluster_job_04_sim77"
78,"random_MCO_SSR","type_random","Moderate",3,"770300135",TRUE,14,5e-04,3e-04,0,0,0,0,0,0,"MCO/SSR","Île-de-France",40,65,345.091669312388,139,0,0.102,0.00892857142857143,"cluster_job_04","cluster_job_04_sim78"
79,"random_MCO_SSR","type_random","Moderate",4,"500000302",FALSE,199,0.0719,0.0761,0.4453,0.3899,0.8234,0.6896,0.9729,0.8049,"MCO/SSR","Normandie",18,13,1037.22502366579,30,0,0.102,0.00892857142857143,"cluster_job_04","cluster_job_04_sim79"
80,"random_MCO_SSR","type_random","Moderate",5,"390000057",TRUE,2,0,0,0,0,0,0,0,0,"MCO/SSR","Bourgogne-Franche-Comté",14,16,731.584405346207,26,0,0.102,0.00892857142857143,"cluster_job_04","cluster_job_04_sim80"
81,"random_MCO_SSR","type_random","Moderate",6,"620000026",FALSE,1382,1.8331,1.5911,5.7347,5.3912,12.0549,11.3965,13.5896,12.5585,"MCO/SSR","Hauts-de-France",43,77,13785.4393173573,253,0,0.102,0.00892857142857143,"cluster_job_04","cluster_job_04_sim81"
82,"random_MCO_SSR","type_random","Moderate",7,"350000212",TRUE,5,1e-04,2e-04,0,0,0,0,0,0,"MCO/SSR","Bretagne",19,9,1393.08534924215,36,0,0.102,0.00892857142857143,"cluster_job_04","cluster_job_04_sim82"
83,"random_MCO_SSR","type_random","Moderate",8,"240000513",FALSE,995,0.631,0.5991,3.3427,3.0617,6.4814,5.9364,7.6698,6.8786,"MCO/SSR","Nouvelle-Aquitaine",15,11,2493.73449786674,41,0,0.102,0.00892857142857143,"cluster_job_04","cluster_job_04_sim83"
84,"random_MCO_SSR","type_random","Moderate",9,"760000026",TRUE,3,0,0,0,0,0,0,0,0,"MCO/SSR","Normandie",10,7,947.270207649144,20,0,0.102,0.00892857142857143,"cluster_job_04","cluster_job_04_sim84"
85,"random_MCO_SSR","type_random","Moderate",10,"920300845",TRUE,2,0,0,0,0,0,0,0,0,"MCO/SSR","Île-de-France",67,17,475.699209760964,42,0,0.102,0.00892857142857143,"cluster_job_04","cluster_job_04_sim85"
86,"random_MCO_SSR","type_random","Moderate",11,"540000270",FALSE,563,0.3706,0.326,1.9136,1.6579,3.4623,3.0462,4.1752,3.5406,"MCO/SSR","Grand-Est",8,5,22.021397550555,28,0,0.102,0.00892857142857143,"cluster_job_04","cluster_job_04_sim86"
87,"random_MCO_SSR","type_random","Moderate",12,"560000366",FALSE,534,0.3141,0.2707,1.4437,1.2574,2.4905,2.1619,3.0135,2.5668,"MCO/SSR","Bretagne",16,12,886.401479629117,39,0,0.102,0.00892857142857143,"cluster_job_04","cluster_job_04_sim87"
88,"random_MCO_SSR","type_random","Moderate",13,"490000650",FALSE,1370,1.3065,1.2373,5.4446,5.3648,10.789,10.6279,12.3723,11.8472,"MCO/SSR","Pays de la Loire",13,6,16.5981145935248,35,0,0.102,0.00892857142857143,"cluster_job_04","cluster_job_04_sim88"
89,"random_MCO_SSR","type_random","Moderate",14,"020000162",FALSE,1296,1.5732,1.4124,5.6727,5.4643,11.6513,11.2694,13.117,12.3261,"MCO/SSR","Hauts-de-France",74,93,16260.43549606,515,0,0.102,0.00892857142857143,"cluster_job_04","cluster_job_04_sim89"
90,"random_MCO_SSR","type_random","Moderate",15,"440001295",TRUE,3,0,0,0,0,0,0,0,0,"MCO/SSR","Pays de la Loire",12,9,810.148619893212,39,0,0.102,0.00892857142857143,"cluster_job_04","cluster_job_04_sim90"
91,"random_SSR","type_random","Low",1,"290000686",FALSE,41,0.0306,0.0186,0.0485,0.0304,0.1427,0.0867,0.1508,0.0887,"SSR","Bretagne",8,8,2.73395273822627,54,0,0.0549,0.0127551020408163,"cluster_job_04","cluster_job_04_sim91"
92,"random_SSR","type_random","Low",2,"810099838",TRUE,3,0,1e-04,0,0,0,0,0,0,"SSR","Occitanie",13,8,124.945319067682,41,0,0.0549,0.0127551020408163,"cluster_job_04","cluster_job_04_sim92"
93,"random_SSR","type_random","Low",3,"540022811",TRUE,4,1e-04,1e-04,0,0,0,0,0,0,"SSR","Grand-Est",0,2,0,50,0,0.0549,0.0127551020408163,"cluster_job_04","cluster_job_04_sim93"
94,"random_SSR","type_random","Low",4,"320780323",TRUE,2,0,0,0,0,0,0,0,0,"SSR","Occitanie",7,5,58.8558436714672,98,0,0.0549,0.0127551020408163,"cluster_job_04","cluster_job_04_sim94"
95,"random_SSR","type_random","Low",5,"110004942",TRUE,4,1e-04,2e-04,0,0,0,0,0,0,"SSR","Occitanie",30,22,940.421520421411,142,0,0.0549,0.0127551020408163,"cluster_job_04","cluster_job_04_sim95"
96,"random_SSR","type_random","Low",6,"290036466",FALSE,16,0.0064,0.0043,0.0215,0.0121,0.0485,0.0261,0.0547,0.0304,"SSR","Bretagne",23,7,522.442874812792,165,0,0.0549,0.0127551020408163,"cluster_job_04","cluster_job_04_sim96"
97,"random_SSR","type_random","Low",7,"660780743",TRUE,4,0,0,0,0,0,0,0,0,"SSR","Occitanie",32,15,4591.66870378057,261,0,0.0549,0.0127551020408163,"cluster_job_04","cluster_job_04_sim97"
98,"random_SSR","type_random","Low",8,"440000693",TRUE,3,0,0,0,0,0,0,0,0,"SSR","Pays de la Loire",14,14,445.883040780154,81,0,0.0549,0.0127551020408163,"cluster_job_04","cluster_job_04_sim98"
99,"random_SSR","type_random","Low",9,"600101687",FALSE,5,6e-04,0.0011,6e-04,0.0012,0.0016,0.0033,0.0019,0.0032,"SSR","Hauts-de-France",40,12,764.798566454253,67,0,0.0549,0.0127551020408163,"cluster_job_04","cluster_job_04_sim99"
100,"random_SSR","type_random","Low",10,"580972008",FALSE,53,0.0219,0.0186,0.0606,0.0432,0.1372,0.103,0.1503,0.1084,"SSR","Bourgogne-Franche-Comté",61,19,3061.26494556482,171,0,0.0549,0.0127551020408163,"cluster_job_04","cluster_job_04_sim100"
101,"random_SSR","type_random","Low",11,"560014219",TRUE,4,0,1e-04,0,0,0,0,0,0,"SSR","Bretagne",7,5,914.863062137627,31,0,0.0549,0.0127551020408163,"cluster_job_04","cluster_job_04_sim101"
102,"random_SSR","type_random","Low",12,"540026994",TRUE,5,0,0,0,0,0,0,0,0,"SSR","Grand-Est",3,6,0,11,0,0.0549,0.0127551020408163,"cluster_job_04","cluster_job_04_sim102"
103,"random_SSR","type_random","Low",13,"290036466",TRUE,4,0,0,0,0,0,0,0,0,"SSR","Bretagne",23,7,522.442874812792,165,0,0.0549,0.0127551020408163,"cluster_job_04","cluster_job_04_sim103"
104,"random_SSR","type_random","Low",14,"720019918",TRUE,2,0,1e-04,0,0,0,0,0,0,"SSR","Pays de la Loire",13,2,98.2163804347241,25,0,0.0549,0.0127551020408163,"cluster_job_04","cluster_job_04_sim104"
105,"random_SSR","type_random","Low",15,"300002169",FALSE,31,0.0101,0.0149,0.0294,0.0306,0.0806,0.0786,0.0878,0.0839,"SSR","Occitanie",27,7,964.743210612588,70,0,0.0549,0.0127551020408163,"cluster_job_04","cluster_job_04_sim105"
106,"random_SSR","type_random","Moderate",1,"560027377",FALSE,1083,1.0073,0.8402,4.2772,3.7809,8.926,7.8394,10.1093,8.7575,"SSR","Bretagne",5,2,0,12,0,0.102,0.00892857142857143,"cluster_job_04","cluster_job_04_sim106"
107,"random_SSR","type_random","Moderate",2,"640780607",FALSE,1473,1.3914,1.256,5.9283,5.6686,12.2852,11.5714,13.9041,12.9134,"SSR","Nouvelle-Aquitaine",18,11,226.027175601305,100,0,0.102,0.00892857142857143,"cluster_job_04","cluster_job_04_sim107"
108,"random_SSR","type_random","Moderate",3,"150002608",FALSE,1421,1.2148,1.1418,5.5133,5.2874,11.0869,10.5732,12.8308,11.9306,"SSR","Auvergne-Rhône-Alpes",14,7,1059.56265293248,85,0,0.102,0.00892857142857143,"cluster_job_04","cluster_job_04_sim108"
109,"random_SSR","type_random","Moderate",4,"590786984",TRUE,4,0,0,0,0,0,0,0,0,"SSR","Hauts-de-France",8,3,0,51,0,0.102,0.00892857142857143,"cluster_job_04","cluster_job_04_sim109"
110,"random_SSR","type_random","Moderate",5,"790000186",FALSE,1154,1.1512,1.0066,4.7817,4.383,9.9148,9.0013,11.2662,10.0991,"SSR","Nouvelle-Aquitaine",13,9,251.367144686443,61,0,0.102,0.00892857142857143,"cluster_job_04","cluster_job_04_sim110"
111,"random_SSR","type_random","Moderate",6,"130781768",FALSE,1380,1.2208,1.1682,5.0521,4.7553,10.2457,9.6721,11.8021,10.8791,"SSR","Provence-Alpes-Côte d'Azur",40,16,2143.01344614866,121,0,0.102,0.00892857142857143,"cluster_job_04","cluster_job_04_sim111"
112,"random_SSR","type_random","Moderate",7,"210010443",FALSE,1475,1.3814,1.1909,5.9483,5.4105,12.1922,11.0896,13.8635,12.4917,"SSR","Bourgogne-Franche-Comté",38,5,4719.44180603887,57,0,0.102,0.00892857142857143,"cluster_job_04","cluster_job_04_sim112"
113,"random_SSR","type_random","Moderate",8,"210987046",TRUE,3,0,0,0,0,0,0,0,0,"SSR","Bourgogne-Franche-Comté",34,13,1182.64605801928,136,0,0.102,0.00892857142857143,"cluster_job_04","cluster_job_04_sim113"
114,"random_SSR","type_random","Moderate",9,"660781287",TRUE,3,0,0,0,0,0,0,0,0,"SSR","Occitanie",43,23,3240.68287748546,203,0,0.102,0.00892857142857143,"cluster_job_04","cluster_job_04_sim114"
115,"random_SSR","type_random","Moderate",10,"490000601",TRUE,4,0,0,0,0,0,0,0,0,"SSR","Pays de la Loire",14,10,616.560127199114,43,0,0.102,0.00892857142857143,"cluster_job_04","cluster_job_04_sim115"
116,"random_SSR","type_random","Moderate",11,"670014992",TRUE,3,0,0,0,0,0,0,0,0,"SSR","Grand-Est",9,7,92.013299083322,32,0,0.102,0.00892857142857143,"cluster_job_04","cluster_job_04_sim116"
117,"random_SSR","type_random","Moderate",12,"440050466",TRUE,2,0,0,0,0,0,0,0,0,"SSR","Pays de la Loire",10,5,21.74721479667,31,0,0.102,0.00892857142857143,"cluster_job_04","cluster_job_04_sim117"
118,"random_SSR","type_random","Moderate",13,"590797387",TRUE,2,0,0,0,0,0,0,0,0,"SSR","Hauts-de-France",41,22,2296.97957385236,269,0,0.102,0.00892857142857143,"cluster_job_04","cluster_job_04_sim118"
119,"random_SSR","type_random","Moderate",14,"310784830",TRUE,1,0,0,0,0,0,0,0,0,"SSR","Occitanie",16,9,928.412799586524,124,0,0.102,0.00892857142857143,"cluster_job_04","cluster_job_04_sim119"
120,"random_SSR","type_random","Moderate",15,"020016341",FALSE,1,0.0029,0.009,0.002,0.0065,0.0061,0.0192,0.0061,0.0194,"SSR","Hauts-de-France",1,0,0,47,0,0.102,0.00892857142857143,"cluster_job_04","cluster_job_04_sim120"
1,"highest_betweenness + highest_in_degree + highest_out_degree + largest_beds + largest_outgoing","fixed","Low",1,"750100125",TRUE,2,0,0,0,0,0,0,0,0,"MCO/SSR","Île-de-France",420,433,249789.64473682,1713,0,0.0549,0.0127551020408163,"cluster_job_05","cluster_job_05_sim1"
2,"highest_betweenness + highest_in_degree + highest_out_degree + largest_beds + largest_outgoing","fixed","Low",2,"750100125",TRUE,2,0,0,0,0,0,0,0,0,"MCO/SSR","Île-de-France",420,433,249789.64473682,1713,0,0.0549,0.0127551020408163,"cluster_job_05","cluster_job_05_sim2"
3,"highest_betweenness + highest_in_degree + highest_out_degree + largest_beds + largest_outgoing","fixed","Low",3,"750100125",TRUE,1,0,0,0,0,0,0,0,0,"MCO/SSR","Île-de-France",420,433,249789.64473682,1713,0,0.0549,0.0127551020408163,"cluster_job_05","cluster_job_05_sim3"
4,"highest_betweenness + highest_in_degree + highest_out_degree + largest_beds + largest_outgoing","fixed","Low",4,"750100125",TRUE,1,0,0,0,0,0,0,0,0,"MCO/SSR","Île-de-France",420,433,249789.64473682,1713,0,0.0549,0.0127551020408163,"cluster_job_05","cluster_job_05_sim4"
5,"highest_betweenness + highest_in_degree + highest_out_degree + largest_beds + largest_outgoing","fixed","Low",5,"750100125",TRUE,2,0,0,0,0,0,0,0,0,"MCO/SSR","Île-de-France",420,433,249789.64473682,1713,0,0.0549,0.0127551020408163,"cluster_job_05","cluster_job_05_sim5"
6,"highest_betweenness + highest_in_degree + highest_out_degree + largest_beds + largest_outgoing","fixed","Low",6,"750100125",TRUE,3,0,0,0,0,0,0,0,0,"MCO/SSR","Île-de-France",420,433,249789.64473682,1713,0,0.0549,0.0127551020408163,"cluster_job_05","cluster_job_05_sim6"
7,"highest_betweenness + highest_in_degree + highest_out_degree + largest_beds + largest_outgoing","fixed","Low",7,"750100125",TRUE,1,0,0,0,0,0,0,0,0,"MCO/SSR","Île-de-France",420,433,249789.64473682,1713,0,0.0549,0.0127551020408163,"cluster_job_05","cluster_job_05_sim7"
8,"highest_betweenness + highest_in_degree + highest_out_degree + largest_beds + largest_outgoing","fixed","Low",8,"750100125",TRUE,1,0,0,0,0,0,0,0,0,"MCO/SSR","Île-de-France",420,433,249789.64473682,1713,0,0.0549,0.0127551020408163,"cluster_job_05","cluster_job_05_sim8"
9,"highest_betweenness + highest_in_degree + highest_out_degree + largest_beds + largest_outgoing","fixed","Low",9,"750100125",TRUE,1,0,0,0,0,0,0,0,0,"MCO/SSR","Île-de-France",420,433,249789.64473682,1713,0,0.0549,0.0127551020408163,"cluster_job_05","cluster_job_05_sim9"
10,"highest_betweenness + highest_in_degree + highest_out_degree + largest_beds + largest_outgoing","fixed","Low",10,"750100125",FALSE,32,0.0101,0.0066,0.0303,0.0177,0.0829,0.0513,0.0865,0.0538,"MCO/SSR","Île-de-France",420,433,249789.64473682,1713,0,0.0549,0.0127551020408163,"cluster_job_05","cluster_job_05_sim10"
11,"highest_betweenness + highest_in_degree + highest_out_degree + largest_beds + largest_outgoing","fixed","Low",11,"750100125",FALSE,43,0.0211,0.021,0.0483,0.046,0.1252,0.1224,0.1383,0.1308,"MCO/SSR","Île-de-France",420,433,249789.64473682,1713,0,0.0549,0.0127551020408163,"cluster_job_05","cluster_job_05_sim11"
12,"highest_betweenness + highest_in_degree + highest_out_degree + largest_beds + largest_outgoing","fixed","Low",12,"750100125",TRUE,4,0,0,0,0,0,0,0,0,"MCO/SSR","Île-de-France",420,433,249789.64473682,1713,0,0.0549,0.0127551020408163,"cluster_job_05","cluster_job_05_sim12"
13,"highest_betweenness + highest_in_degree + highest_out_degree + largest_beds + largest_outgoing","fixed","Low",13,"750100125",FALSE,12,0.003,0.0054,0.0084,0.0132,0.0203,0.0339,0.0232,0.0376,"MCO/SSR","Île-de-France",420,433,249789.64473682,1713,0,0.0549,0.0127551020408163,"cluster_job_05","cluster_job_05_sim13"
14,"highest_betweenness + highest_in_degree + highest_out_degree + largest_beds + largest_outgoing","fixed","Low",14,"750100125",TRUE,4,0,0,0,0,0,0,0,0,"MCO/SSR","Île-de-France",420,433,249789.64473682,1713,0,0.0549,0.0127551020408163,"cluster_job_05","cluster_job_05_sim14"
15,"highest_betweenness + highest_in_degree + highest_out_degree + largest_beds + largest_outgoing","fixed","Low",15,"750100125",FALSE,70,0.0249,0.0143,0.0817,0.0504,0.2156,0.1338,0.235,0.1427,"MCO/SSR","Île-de-France",420,433,249789.64473682,1713,0,0.0549,0.0127551020408163,"cluster_job_05","cluster_job_05_sim15"
16,"highest_betweenness + highest_in_degree + highest_out_degree + largest_beds + largest_outgoing","fixed","Moderate",1,"750100125",TRUE,2,0,0,0,0,0,0,0,0,"MCO/SSR","Île-de-France",420,433,249789.64473682,1713,0,0.102,0.00892857142857143,"cluster_job_05","cluster_job_05_sim16"
17,"highest_betweenness + highest_in_degree + highest_out_degree + largest_beds + largest_outgoing","fixed","Moderate",2,"750100125",TRUE,2,0,0,0,0,0,0,0,0,"MCO/SSR","Île-de-France",420,433,249789.64473682,1713,0,0.102,0.00892857142857143,"cluster_job_05","cluster_job_05_sim17"
18,"highest_betweenness + highest_in_degree + highest_out_degree + largest_beds + largest_outgoing","fixed","Moderate",3,"750100125",TRUE,1,0,0,0,0,0,0,0,0,"MCO/SSR","Île-de-France",420,433,249789.64473682,1713,0,0.102,0.00892857142857143,"cluster_job_05","cluster_job_05_sim18"
19,"highest_betweenness + highest_in_degree + highest_out_degree + largest_beds + largest_outgoing","fixed","Moderate",4,"750100125",TRUE,4,0,0,0,0,0,0,0,0,"MCO/SSR","Île-de-France",420,433,249789.64473682,1713,0,0.102,0.00892857142857143,"cluster_job_05","cluster_job_05_sim19"
20,"highest_betweenness + highest_in_degree + highest_out_degree + largest_beds + largest_outgoing","fixed","Moderate",5,"750100125",TRUE,2,0,0,0,0,0,0,0,0,"MCO/SSR","Île-de-France",420,433,249789.64473682,1713,0,0.102,0.00892857142857143,"cluster_job_05","cluster_job_05_sim20"
21,"highest_betweenness + highest_in_degree + highest_out_degree + largest_beds + largest_outgoing","fixed","Moderate",6,"750100125",TRUE,2,0,0,0,0,0,0,0,0,"MCO/SSR","Île-de-France",420,433,249789.64473682,1713,0,0.102,0.00892857142857143,"cluster_job_05","cluster_job_05_sim21"
22,"highest_betweenness + highest_in_degree + highest_out_degree + largest_beds + largest_outgoing","fixed","Moderate",7,"750100125",TRUE,3,0,0,0,0,0,0,0,0,"MCO/SSR","Île-de-France",420,433,249789.64473682,1713,0,0.102,0.00892857142857143,"cluster_job_05","cluster_job_05_sim22"
23,"highest_betweenness + highest_in_degree + highest_out_degree + largest_beds + largest_outgoing","fixed","Moderate",8,"750100125",TRUE,1,0,0,0,0,0,0,0,0,"MCO/SSR","Île-de-France",420,433,249789.64473682,1713,0,0.102,0.00892857142857143,"cluster_job_05","cluster_job_05_sim23"
24,"highest_betweenness + highest_in_degree + highest_out_degree + largest_beds + largest_outgoing","fixed","Moderate",9,"750100125",FALSE,1538,2.0837,1.8647,6.5867,6.4599,13.9403,13.5592,15.5898,14.8524,"MCO/SSR","Île-de-France",420,433,249789.64473682,1713,0,0.102,0.00892857142857143,"cluster_job_05","cluster_job_05_sim24"
25,"highest_betweenness + highest_in_degree + highest_out_degree + largest_beds + largest_outgoing","fixed","Moderate",10,"750100125",FALSE,1774,2.6182,2.393,7.7854,7.7942,16.2627,16.3761,18.1359,17.8105,"MCO/SSR","Île-de-France",420,433,249789.64473682,1713,0,0.102,0.00892857142857143,"cluster_job_05","cluster_job_05_sim25"
26,"highest_betweenness + highest_in_degree + highest_out_degree + largest_beds + largest_outgoing","fixed","Moderate",11,"750100125",TRUE,3,0,0,0,0,0,0,0,0,"MCO/SSR","Île-de-France",420,433,249789.64473682,1713,0,0.102,0.00892857142857143,"cluster_job_05","cluster_job_05_sim26"
27,"highest_betweenness + highest_in_degree + highest_out_degree + largest_beds + largest_outgoing","fixed","Moderate",12,"750100125",FALSE,1676,2.3779,2.1218,7.2661,7.0497,15.1527,14.795,16.8511,16.1577,"MCO/SSR","Île-de-France",420,433,249789.64473682,1713,0,0.102,0.00892857142857143,"cluster_job_05","cluster_job_05_sim27"
28,"highest_betweenness + highest_in_degree + highest_out_degree + largest_beds + largest_outgoing","fixed","Moderate",13,"750100125",TRUE,2,0,0,0,0,0,0,0,0,"MCO/SSR","Île-de-France",420,433,249789.64473682,1713,0,0.102,0.00892857142857143,"cluster_job_05","cluster_job_05_sim28"
29,"highest_betweenness + highest_in_degree + highest_out_degree + largest_beds + largest_outgoing","fixed","Moderate",14,"750100125",FALSE,1492,1.8287,1.5908,6.0851,5.7562,12.6792,12.0224,14.272,13.2544,"MCO/SSR","Île-de-France",420,433,249789.64473682,1713,0,0.102,0.00892857142857143,"cluster_job_05","cluster_job_05_sim29"
30,"highest_betweenness + highest_in_degree + highest_out_degree + largest_beds + largest_outgoing","fixed","Moderate",15,"750100125",FALSE,1703,2.2812,2.0866,7.4562,7.3555,15.5298,15.3754,17.4081,16.8931,"MCO/SSR","Île-de-France",420,433,249789.64473682,1713,0,0.102,0.00892857142857143,"cluster_job_05","cluster_job_05_sim30"
31,"random_MCO","type_random","Low",1,"860780568",TRUE,2,0,0,0,0,0,0,0,0,"MCO","Nouvelle-Aquitaine",4,6,26.603533048373,44,0,0.0549,0.0127551020408163,"cluster_job_05","cluster_job_05_sim31"
32,"random_MCO","type_random","Low",2,"940000649",TRUE,2,0,0,0,0,0,0,0,0,"MCO","Île-de-France",78,128,10016.747848073,350,0,0.0549,0.0127551020408163,"cluster_job_05","cluster_job_05_sim32"
33,"random_MCO","type_random","Low",3,"690780663",TRUE,1,0,0,0,0,0,0,0,0,"MCO","Auvergne-Rhône-Alpes",18,40,939.722973590879,78,0,0.0549,0.0127551020408163,"cluster_job_05","cluster_job_05_sim33"
34,"random_MCO","type_random","Low",4,"140000290",FALSE,15,0.0067,0.0054,0.0107,0.0111,0.0414,0.0411,0.0435,0.0419,"MCO","Normandie",8,25,196.098309454942,27,0,0.0549,0.0127551020408163,"cluster_job_05","cluster_job_05_sim34"
35,"random_MCO","type_random","Low",5,"240000372",TRUE,2,0,0,0,0,0,0,0,0,"MCO","Nouvelle-Aquitaine",33,61,9840.46059428767,185,0,0.0549,0.0127551020408163,"cluster_job_05","cluster_job_05_sim35"
36,"random_MCO","type_random","Low",6,"850022047",TRUE,2,0,0,0,0,0,0,0,0,"MCO","Pays de la Loire",0,2,0,148,0,0.0549,0.0127551020408163,"cluster_job_05","cluster_job_05_sim36"
37,"random_MCO","type_random","Low",7,"410007553",TRUE,3,0,0,0,0,0,0,0,0,"MCO","Centre-Val de Loire",6,8,2090.05593810535,148,0,0.0549,0.0127551020408163,"cluster_job_05","cluster_job_05_sim37"
38,"random_MCO","type_random","Low",8,"660006305",TRUE,1,0,0,0,0,0,0,0,0,"MCO","Occitanie",19,28,1146.82747461199,82,0,0.0549,0.0127551020408163,"cluster_job_05","cluster_job_05_sim38"
39,"random_MCO","type_random","Low",9,"920300191",TRUE,1,0,0,0,0,0,0,0,0,"MCO","Île-de-France",15,15,484.272326565116,29,0,0.0549,0.0127551020408163,"cluster_job_05","cluster_job_05_sim39"
40,"random_MCO","type_random","Low",10,"530008119",TRUE,3,0,0,0,0,0,0,0,0,"MCO","Pays de la Loire",4,2,13.9648422041477,148,0,0.0549,0.0127551020408163,"cluster_job_05","cluster_job_05_sim40"
41,"random_MCO","type_random","Low",11,"440055770",TRUE,4,0,0,0,0,0,0,0,0,"MCO","Pays de la Loire",10,10,2997.31598866269,148,0,0.0549,0.0127551020408163,"cluster_job_05","cluster_job_05_sim41"
42,"random_MCO","type_random","Low",12,"060780491",TRUE,3,0,0,0,0,0,0,0,0,"MCO","Provence-Alpes-Côte d'Azur",46,52,5467.04881182793,160,0,0.0549,0.0127551020408163,"cluster_job_05","cluster_job_05_sim42"
43,"random_MCO","type_random","Low",13,"930300595",TRUE,3,0,0,0,0,0,0,0,0,"MCO","Île-de-France",54,76,1657.91804939994,94,0,0.0549,0.0127551020408163,"cluster_job_05","cluster_job_05_sim43"
44,"random_MCO","type_random","Low",14,"060021276",TRUE,2,0,0,0,0,0,0,0,0,"MCO","Provence-Alpes-Côte d'Azur",4,3,17.120365238354,148,0,0.0549,0.0127551020408163,"cluster_job_05","cluster_job_05_sim44"
45,"random_MCO","type_random","Low",15,"590047718",TRUE,1,0,0,0,0,0,0,0,0,"MCO","Hauts-de-France",1,0,0,1,0,0.0549,0.0127551020408163,"cluster_job_05","cluster_job_05_sim45"
46,"random_MCO","type_random","Moderate",1,"490007499",TRUE,2,0,0,0,0,0,0,0,0,"MCO","Pays de la Loire",13,12,2498.76151427559,148,0,0.102,0.00892857142857143,"cluster_job_05","cluster_job_05_sim46"
47,"random_MCO","type_random","Moderate",2,"780000329",TRUE,2,0,0,0,0,0,0,0,0,"MCO","Île-de-France",58,94,10308.2057865917,203,0,0.102,0.00892857142857143,"cluster_job_05","cluster_job_05_sim47"
48,"random_MCO","type_random","Moderate",3,"340780154",TRUE,3,0,0,0,0,0,0,0,0,"MCO","Occitanie",17,31,881.00914892886,43,0,0.102,0.00892857142857143,"cluster_job_05","cluster_job_05_sim48"
49,"random_MCO","type_random","Moderate",4,"250011848",TRUE,2,0,0,0,0,0,0,0,0,"MCO","Bourgogne-Franche-Comté",11,28,340.824051254881,61,0,0.102,0.00892857142857143,"cluster_job_05","cluster_job_05_sim49"
50,"random_MCO","type_random","Moderate",5,"330000662",TRUE,2,0,0,0,0,0,0,0,0,"MCO","Nouvelle-Aquitaine",78,78,14462.575149977,139,0,0.102,0.00892857142857143,"cluster_job_05","cluster_job_05_sim50"
51,"random_MCO","type_random","Moderate",6,"330781352",TRUE,2,0,0,0,0,0,0,0,0,"MCO","Nouvelle-Aquitaine",82,82,24792.3925129658,239,0,0.102,0.00892857142857143,"cluster_job_05","cluster_job_05_sim51"
52,"random_MCO","type_random","Moderate",7,"670013341",FALSE,498,0.226,0.1927,1.209,1.0467,2.1377,1.9047,2.5786,2.1961,"MCO","Grand-Est",0,1,0,148,0,0.102,0.00892857142857143,"cluster_job_05","cluster_job_05_sim52"
53,"random_MCO","type_random","Moderate",8,"870000080",TRUE,4,0,0,0,0,0,0,0,0,"MCO","Nouvelle-Aquitaine",11,10,1135.36876704718,148,0,0.102,0.00892857142857143,"cluster_job_05","cluster_job_05_sim53"
54,"random_MCO","type_random","Moderate",9,"290000025",FALSE,807,0.5535,0.4681,2.7047,2.3466,5.1618,4.3293,6.1336,5.0775,"MCO","Bretagne",41,71,16316.0268788387,589,0,0.102,0.00892857142857143,"cluster_job_05","cluster_job_05_sim54"
55,"random_MCO","type_random","Moderate",10,"130785652",TRUE,1,0,0,0,0,0,0,0,0,"MCO","Provence-Alpes-Côte d'Azur",148,148,39200.5894515596,774,0,0.102,0.00892857142857143,"cluster_job_05","cluster_job_05_sim55"
56,"random_MCO","type_random","Moderate",11,"480000074",TRUE,7,5e-04,0.0017,0,0,0,0,0,0,"MCO","Occitanie",13,9,998.931490601943,24,0,0.102,0.00892857142857143,"cluster_job_05","cluster_job_05_sim56"
57,"random_MCO","type_random","Moderate",12,"840019079",TRUE,1,0,0,0,0,0,0,0,0,"MCO","Provence-Alpes-Côte d'Azur",1,2,3.63620448179272,2,0,0.102,0.00892857142857143,"cluster_job_05","cluster_job_05_sim57"
58,"random_MCO","type_random","Moderate",13,"380020123",TRUE,1,0,0,0,0,0,0,0,0,"MCO","Auvergne-Rhône-Alpes",20,28,483.477734271806,50,0,0.102,0.00892857142857143,"cluster_job_05","cluster_job_05_sim58"
59,"random_MCO","type_random","Moderate",14,"840017461",TRUE,2,0,0,0,0,0,0,0,0,"MCO","Provence-Alpes-Côte d'Azur",13,12,2155.9090190233,148,0,0.102,0.00892857142857143,"cluster_job_05","cluster_job_05_sim59"
60,"random_MCO","type_random","Moderate",15,"210987699",TRUE,5,0,0,0,0,0,0,0,0,"MCO","Bourgogne-Franche-Comté",20,48,2398.28734327318,131,0,0.102,0.00892857142857143,"cluster_job_05","cluster_job_05_sim60"
61,"random_MCO_SSR","type_random","Low",1,"150000040",TRUE,3,0,0,0,0,0,0,0,0,"MCO/SSR","Auvergne-Rhône-Alpes",43,71,29231.0775560525,358,0,0.0549,0.0127551020408163,"cluster_job_05","cluster_job_05_sim61"
62,"random_MCO_SSR","type_random","Low",2,"140000373",TRUE,3,0,0,0,0,0,0,0,0,"MCO/SSR","Normandie",16,27,2153.35923170195,115,0,0.0549,0.0127551020408163,"cluster_job_05","cluster_job_05_sim62"
63,"random_MCO_SSR","type_random","Low",3,"220000236",TRUE,2,0,0,0,0,0,0,0,0,"MCO/SSR","Bretagne",15,12,150.898500913007,36,0,0.0549,0.0127551020408163,"cluster_job_05","cluster_job_05_sim63"
64,"random_MCO_SSR","type_random","Low",4,"010000107",TRUE,4,1e-04,6e-04,0,0,0,0,0,0,"MCO/SSR","Auvergne-Rhône-Alpes",6,6,127.430454613292,24,0,0.0549,0.0127551020408163,"cluster_job_05","cluster_job_05_sim64"
65,"random_MCO_SSR","type_random","Low",5,"650780398",TRUE,3,0,0,0,0,0,0,0,0,"MCO/SSR","Occitanie",33,13,1621.54115622947,121,0,0.0549,0.0127551020408163,"cluster_job_05","cluster_job_05_sim65"
66,"random_MCO_SSR","type_random","Low",6,"550000434",TRUE,3,0,0,0,0,0,0,0,0,"MCO/SSR","Grand-Est",41,42,6231.77747886322,305,0,0.0549,0.0127551020408163,"cluster_job_05","cluster_job_05_sim66"
67,"random_MCO_SSR","type_random","Low",7,"480000017",TRUE,2,0,0,0,0,0,0,0,0,"MCO/SSR","Occitanie",32,58,9814.06866361799,119,0,0.0549,0.0127551020408163,"cluster_job_05","cluster_job_05_sim67"
68,"random_MCO_SSR","type_random","Low",8,"510012040",TRUE,3,0,0,0,0,0,0,0,0,"MCO/SSR","Grand-Est",29,19,5437.77459814764,501,0,0.0549,0.0127551020408163,"cluster_job_05","cluster_job_05_sim68"
69,"random_MCO_SSR","type_random","Low",9,"750000499",TRUE,3,0,0,0,0,0,0,0,0,"MCO/SSR","Île-de-France",126,168,15330.2453503531,138,0,0.0549,0.0127551020408163,"cluster_job_05","cluster_job_05_sim69"
70,"random_MCO_SSR","type_random","Low",10,"130785389",TRUE,2,0,0,0,0,0,0,0,0,"MCO/SSR","Provence-Alpes-Côte d'Azur",38,38,1280.77670628195,129,0,0.0549,0.0127551020408163,"cluster_job_05","cluster_job_05_sim70"
71,"random_MCO_SSR","type_random","Low",11,"490000262",TRUE,3,0,0,0,0,0,0,0,0,"MCO/SSR","Pays de la Loire",40,46,7423.4651224151,174,0,0.0549,0.0127551020408163,"cluster_job_05","cluster_job_05_sim71"
72,"random_MCO_SSR","type_random","Low",12,"540000395",TRUE,1,0,0,0,0,0,0,0,0,"MCO/SSR","Grand-Est",9,10,169.35290180612,53,0,0.0549,0.0127551020408163,"cluster_job_05","cluster_job_05_sim72"
73,"random_MCO_SSR","type_random","Low",13,"560002974",TRUE,2,0,0,0,0,0,0,0,0,"MCO/SSR","Bretagne",20,9,688.445994319034,87,0,0.0549,0.0127551020408163,"cluster_job_05","cluster_job_05_sim73"
74,"random_MCO_SSR","type_random","Low",14,"760783035",FALSE,75,0.0251,0.0197,0.0938,0.0704,0.2513,0.1902,0.2835,0.205,"MCO/SSR","Normandie",23,18,3036.63092930417,110,0,0.0549,0.0127551020408163,"cluster_job_05","cluster_job_05_sim74"
75,"random_MCO_SSR","type_random","Low",15,"950300277",TRUE,3,0,0,0,0,0,0,0,0,"MCO/SSR","Île-de-France",46,63,3819.45127316369,115,0,0.0549,0.0127551020408163,"cluster_job_05","cluster_job_05_sim75"
76,"random_MCO_SSR","type_random","Moderate",1,"180000283",TRUE,1,0,0,0,0,0,0,0,0,"MCO/SSR","Centre-Val de Loire",17,36,1201.57974912568,149,0,0.102,0.00892857142857143,"cluster_job_05","cluster_job_05_sim76"
77,"random_MCO_SSR","type_random","Moderate",2,"940100043",FALSE,323,0.153,0.106,1.0172,0.7633,2.1548,1.5637,2.5511,1.854,"MCO/SSR","Île-de-France",291,311,132745.211264276,847,0,0.102,0.00892857142857143,"cluster_job_05","cluster_job_05_sim77"
78,"random_MCO_SSR","type_random","Moderate",3,"140004383",FALSE,1466,1.394,1.3547,5.7111,5.576,11.1238,10.9233,12.87,12.3478,"MCO/SSR","Normandie",9,15,1595.38500436295,88,0,0.102,0.00892857142857143,"cluster_job_05","cluster_job_05_sim78"
79,"random_MCO_SSR","type_random","Moderate",4,"760000018",TRUE,1,0,0,0,0,0,0,0,0,"MCO/SSR","Normandie",40,54,19336.7608921791,385,0,0.102,0.00892857142857143,"cluster_job_05","cluster_job_05_sim79"
80,"random_MCO_SSR","type_random","Moderate",5,"640005591",TRUE,2,0,0,0,0,0,0,0,0,"MCO/SSR","Nouvelle-Aquitaine",32,15,3517.67765621833,166,0,0.102,0.00892857142857143,"cluster_job_05","cluster_job_05_sim80"
81,"random_MCO_SSR","type_random","Moderate",6,"600000020",TRUE,1,0,0,0,0,0,0,0,0,"MCO/SSR","Hauts-de-France",26,11,210.990010321075,32,0,0.102,0.00892857142857143,"cluster_job_05","cluster_job_05_sim81"
82,"random_MCO_SSR","type_random","Moderate",7,"930000336",TRUE,3,0,0,0,0,0,0,0,0,"MCO/SSR","Île-de-France",96,119,13405.7262158447,450,0,0.102,0.00892857142857143,"cluster_job_05","cluster_job_05_sim82"
83,"random_MCO_SSR","type_random","Moderate",8,"590000337",TRUE,2,0,0,0,0,0,0,0,0,"MCO/SSR","Hauts-de-France",44,56,12096.5495426956,477,0,0.102,0.00892857142857143,"cluster_job_05","cluster_job_05_sim83"
84,"random_MCO_SSR","type_random","Moderate",9,"710978289",TRUE,3,0,0,0,0,0,0,0,0,"MCO/SSR","Bourgogne-Franche-Comté",64,84,14073.2842432138,501,0,0.102,0.00892857142857143,"cluster_job_05","cluster_job_05_sim84"
85,"random_MCO_SSR","type_random","Moderate",10,"340781608",TRUE,1,0,0,0,0,0,0,0,0,"MCO/SSR","Occitanie",38,27,7761.74628502709,144,0,0.102,0.00892857142857143,"cluster_job_05","cluster_job_05_sim85"
86,"random_MCO_SSR","type_random","Moderate",11,"780300208",TRUE,1,0,0,0,0,0,0,0,0,"MCO/SSR","Île-de-France",41,31,1353.0601665036,93,0,0.102,0.00892857142857143,"cluster_job_05","cluster_job_05_sim86"
87,"random_MCO_SSR","type_random","Moderate",12,"460000110",FALSE,610,0.2838,0.3118,1.5006,1.5193,2.7444,2.8181,3.3387,3.3103,"MCO/SSR","Occitanie",42,71,8307.99272643882,209,0,0.102,0.00892857142857143,"cluster_job_05","cluster_job_05_sim87"
88,"random_MCO_SSR","type_random","Moderate",13,"710006859",TRUE,5,0,0,0,0,0,0,0,0,"MCO/SSR","Bourgogne-Franche-Comté",19,28,2288.60259376032,105,0,0.102,0.00892857142857143,"cluster_job_05","cluster_job_05_sim88"
89,"random_MCO_SSR","type_random","Moderate",14,"070000187",FALSE,35,0.0096,0.0163,0.0319,0.0444,0.0441,0.0623,0.0505,0.0687,"MCO/SSR","Auvergne-Rhône-Alpes",25,11,352.165889309176,38,0,0.102,0.00892857142857143,"cluster_job_05","cluster_job_05_sim89"
90,"random_MCO_SSR","type_random","Moderate",15,"030007942",FALSE,1698,2.3033,2.1603,7.5956,7.6146,15.8512,15.9085,17.7082,17.4066,"MCO/SSR","Auvergne-Rhône-Alpes",15,11,423.970070343254,77,0,0.102,0.00892857142857143,"cluster_job_05","cluster_job_05_sim90"
91,"random_SSR","type_random","Low",1,"130785983",TRUE,2,0,0,0,0,0,0,0,0,"SSR","Provence-Alpes-Côte d'Azur",55,41,10456.8814461388,193,0,0.0549,0.0127551020408163,"cluster_job_05","cluster_job_05_sim91"
92,"random_SSR","type_random","Low",2,"710978248",TRUE,3,0,0,0,0,0,0,0,0,"SSR","Bourgogne-Franche-Comté",8,12,208.087602989242,26,0,0.0549,0.0127551020408163,"cluster_job_05","cluster_job_05_sim92"
93,"random_SSR","type_random","Low",3,"460000060",TRUE,4,0,0,0,0,0,0,0,0,"SSR","Occitanie",50,21,6150.03984565473,160,0,0.0549,0.0127551020408163,"cluster_job_05","cluster_job_05_sim93"
94,"random_SSR","type_random","Low",4,"100010362",TRUE,2,0,0,0,0,0,0,0,0,"SSR","Grand-Est",42,13,5494.83504470333,115,0,0.0549,0.0127551020408163,"cluster_job_05","cluster_job_05_sim94"
95,"random_SSR","type_random","Low",5,"210986741",TRUE,1,0,0,0,0,0,0,0,0,"SSR","Bourgogne-Franche-Comté",22,16,3097.08284568843,70,0,0.0549,0.0127551020408163,"cluster_job_05","cluster_job_05_sim95"
96,"random_SSR","type_random","Low",6,"830200507",TRUE,1,0,0,0,0,0,0,0,0,"SSR","Provence-Alpes-Côte d'Azur",39,17,2527.34053709897,115,0,0.0549,0.0127551020408163,"cluster_job_05","cluster_job_05_sim96"
97,"random_SSR","type_random","Low",7,"730780681",TRUE,2,0,0,0,0,0,0,0,0,"SSR","Auvergne-Rhône-Alpes",34,10,1027.37244788442,123,0,0.0549,0.0127551020408163,"cluster_job_05","cluster_job_05_sim97"
98,"random_SSR","type_random","Low",8,"290036474",FALSE,23,0.0083,0.0088,0.0279,0.0262,0.0654,0.0543,0.0683,0.0564,"SSR","Unknown",6,5,931.455283430591,35,0,0.0549,0.0127551020408163,"cluster_job_05","cluster_job_05_sim98"
99,"random_SSR","type_random","Low",9,"720016138",FALSE,27,0.0124,0.0095,0.0329,0.025,0.0953,0.0721,0.1065,0.0787,"SSR","Pays de la Loire",2,2,0,150,0,0.0549,0.0127551020408163,"cluster_job_05","cluster_job_05_sim99"
100,"random_SSR","type_random","Low",10,"130044662",FALSE,25,0.0167,0.0092,0.0296,0.0218,0.1234,0.0767,0.1287,0.0815,"SSR","Provence-Alpes-Côte d'Azur",4,2,10.9953568743893,339,0,0.0549,0.0127551020408163,"cluster_job_05","cluster_job_05_sim100"
101,"random_SSR","type_random","Low",11,"060790862",TRUE,4,0,0,0,0,0,0,0,0,"SSR","Provence-Alpes-Côte d'Azur",14,6,764.31467699224,58,0,0.0549,0.0127551020408163,"cluster_job_05","cluster_job_05_sim101"
102,"random_SSR","type_random","Low",12,"590809703",FALSE,60,0.0297,0.0196,0.0861,0.0545,0.2344,0.1407,0.2534,0.1479,"SSR","Hauts-de-France",45,22,4012.62686788566,253,0,0.0549,0.0127551020408163,"cluster_job_05","cluster_job_05_sim102"
103,"random_SSR","type_random","Low",13,"380005868",TRUE,3,0,0,0,0,0,0,0,0,"SSR","Auvergne-Rhône-Alpes",28,17,1099.13710335712,75,0,0.0549,0.0127551020408163,"cluster_job_05","cluster_job_05_sim103"
104,"random_SSR","type_random","Low",14,"310787965",TRUE,1,0,0,0,0,0,0,0,0,"SSR","Occitanie",7,2,47.0480883860472,44,0,0.0549,0.0127551020408163,"cluster_job_05","cluster_job_05_sim104"
105,"random_SSR","type_random","Low",15,"630780526",FALSE,6,0.0013,0.0028,0.0022,0.0051,0.0062,0.0138,0.0067,0.0153,"SSR","Auvergne-Rhône-Alpes",18,15,2397.82429583402,60,0,0.0549,0.0127551020408163,"cluster_job_05","cluster_job_05_sim105"
106,"random_SSR","type_random","Moderate",1,"610008815",FALSE,922,0.6326,0.5442,3.2786,2.9153,6.3804,5.6213,7.496,6.5087,"SSR","Normandie",8,10,96.0461077108709,22,0,0.102,0.00892857142857143,"cluster_job_05","cluster_job_05_sim106"
107,"random_SSR","type_random","Moderate",2,"930006648",FALSE,1590,2.0696,1.8264,6.5309,6.3604,13.5449,13.2518,15.2679,14.6492,"SSR","Île-de-France",69,37,1507.65343767823,251,0,0.102,0.00892857142857143,"cluster_job_05","cluster_job_05_sim107"
108,"random_SSR","type_random","Moderate",3,"300012358",FALSE,310,0.1073,0.1429,0.6595,0.7797,1.0847,1.2998,1.3312,1.5239,"SSR","Occitanie",38,19,1302.44545768674,113,0,0.102,0.00892857142857143,"cluster_job_05","cluster_job_05_sim108"
109,"random_SSR","type_random","Moderate",4,"440000693",FALSE,852,0.5248,0.464,2.8113,2.5488,5.1552,4.7298,6.1993,5.4981,"SSR","Pays de la Loire",14,14,445.883040780154,81,0,0.102,0.00892857142857143,"cluster_job_05","cluster_job_05_sim109"
110,"random_SSR","type_random","Moderate",5,"770803989",FALSE,1353,1.2966,1.066,5.3538,4.8708,11.132,10.011,12.6692,11.2921,"SSR","Île-de-France",38,20,1044.19094841198,164,0,0.102,0.00892857142857143,"cluster_job_05","cluster_job_05_sim110"
111,"random_SSR","type_random","Moderate",6,"490543675",FALSE,576,0.3532,0.3064,1.7492,1.6007,3.123,2.8542,3.696,3.2814,"SSR","Pays de la Loire",15,3,0,219,0,0.102,0.00892857142857143,"cluster_job_05","cluster_job_05_sim111"
112,"random_SSR","type_random","Moderate",7,"300780491",FALSE,1311,1.1503,1.2086,4.7407,4.8305,9.2684,9.5155,10.8326,10.8236,"SSR","Occitanie",23,10,507.057049260682,232,0,0.102,0.00892857142857143,"cluster_job_05","cluster_job_05_sim112"
113,"random_SSR","type_random","Moderate",8,"930011788",FALSE,1509,1.9459,1.6784,6.1953,5.923,12.8256,12.3191,14.3684,13.5422,"SSR","Île-de-France",55,45,430.112863012769,174,0,0.102,0.00892857142857143,"cluster_job_05","cluster_job_05_sim113"
114,"random_SSR","type_random","Moderate",9,"860780436",FALSE,1475,1.6417,1.4941,6.0077,5.8176,12.4239,11.9761,14.0533,13.2874,"SSR","Nouvelle-Aquitaine",27,11,2178.7882607037,75,0,0.102,0.00892857142857143,"cluster_job_05","cluster_job_05_sim114"
115,"random_SSR","type_random","Moderate",10,"010780799",FALSE,590,0.2334,0.2257,1.3689,1.3413,2.4064,2.4464,2.9775,2.8989,"SSR","Auvergne-Rhône-Alpes",37,15,821.063682380732,29,0,0.102,0.00892857142857143,"cluster_job_05","cluster_job_05_sim115"
116,"random_SSR","type_random","Moderate",11,"490000817",TRUE,3,0,0,0,0,0,0,0,0,"SSR","Pays de la Loire",20,10,2298.93865543317,42,0,0.102,0.00892857142857143,"cluster_job_05","cluster_job_05_sim116"
117,"random_SSR","type_random","Moderate",12,"380000364",FALSE,1000,0.6063,0.5601,3.3304,3.0631,6.2679,5.8828,7.4413,6.7225,"SSR","Auvergne-Rhône-Alpes",19,8,2569.09186906814,32,0,0.102,0.00892857142857143,"cluster_job_05","cluster_job_05_sim117"
118,"random_SSR","type_random","Moderate",13,"170792220",FALSE,893,0.4373,0.4168,2.6311,2.4427,4.992,4.6259,6.0393,5.4878,"SSR","Nouvelle-Aquitaine",2,2,1.43594877344877,83,0,0.102,0.00892857142857143,"cluster_job_05","cluster_job_05_sim118"
119,"random_SSR","type_random","Moderate",14,"290037548",FALSE,1425,1.3302,1.1549,5.6129,5.3106,11.4134,10.5723,12.9811,11.8254,"SSR","Bretagne",10,9,443.220025936248,39,0,0.102,0.00892857142857143,"cluster_job_05","cluster_job_05_sim119"
120,"random_SSR","type_random","Moderate",15,"300780111",FALSE,1162,0.7749,0.6582,4.048,3.6069,8.0635,7.0857,9.5038,8.2325,"SSR","Occitanie",20,10,3670.07702222762,62,0,0.102,0.00892857142857143,"cluster_job_05","cluster_job_05_sim120"
1,"highest_betweenness + highest_in_degree + highest_out_degree + largest_beds + largest_outgoing","fixed","Low",1,"750100125",TRUE,2,0,0,0,0,0,0,0,0,"MCO/SSR","Île-de-France",420,433,249789.64473682,1713,0,0.0549,0.0127551020408163,"cluster_job_06","cluster_job_06_sim1"
2,"highest_betweenness + highest_in_degree + highest_out_degree + largest_beds + largest_outgoing","fixed","Low",2,"750100125",TRUE,3,0,0,0,0,0,0,0,0,"MCO/SSR","Île-de-France",420,433,249789.64473682,1713,0,0.0549,0.0127551020408163,"cluster_job_06","cluster_job_06_sim2"
3,"highest_betweenness + highest_in_degree + highest_out_degree + largest_beds + largest_outgoing","fixed","Low",3,"750100125",TRUE,5,0,0,0,0,0,0,0,0,"MCO/SSR","Île-de-France",420,433,249789.64473682,1713,0,0.0549,0.0127551020408163,"cluster_job_06","cluster_job_06_sim3"
4,"highest_betweenness + highest_in_degree + highest_out_degree + largest_beds + largest_outgoing","fixed","Low",4,"750100125",TRUE,2,0,0,0,0,0,0,0,0,"MCO/SSR","Île-de-France",420,433,249789.64473682,1713,0,0.0549,0.0127551020408163,"cluster_job_06","cluster_job_06_sim4"
5,"highest_betweenness + highest_in_degree + highest_out_degree + largest_beds + largest_outgoing","fixed","Low",5,"750100125",TRUE,3,0,0,0,0,0,0,0,0,"MCO/SSR","Île-de-France",420,433,249789.64473682,1713,0,0.0549,0.0127551020408163,"cluster_job_06","cluster_job_06_sim5"
6,"highest_betweenness + highest_in_degree + highest_out_degree + largest_beds + largest_outgoing","fixed","Low",6,"750100125",TRUE,4,0,0,0,0,0,0,0,0,"MCO/SSR","Île-de-France",420,433,249789.64473682,1713,0,0.0549,0.0127551020408163,"cluster_job_06","cluster_job_06_sim6"
7,"highest_betweenness + highest_in_degree + highest_out_degree + largest_beds + largest_outgoing","fixed","Low",7,"750100125",TRUE,3,0,0,0,0,0,0,0,0,"MCO/SSR","Île-de-France",420,433,249789.64473682,1713,0,0.0549,0.0127551020408163,"cluster_job_06","cluster_job_06_sim7"
8,"highest_betweenness + highest_in_degree + highest_out_degree + largest_beds + largest_outgoing","fixed","Low",8,"750100125",TRUE,2,0,0,0,0,0,0,0,0,"MCO/SSR","Île-de-France",420,433,249789.64473682,1713,0,0.0549,0.0127551020408163,"cluster_job_06","cluster_job_06_sim8"
9,"highest_betweenness + highest_in_degree + highest_out_degree + largest_beds + largest_outgoing","fixed","Low",9,"750100125",TRUE,2,0,0,0,0,0,0,0,0,"MCO/SSR","Île-de-France",420,433,249789.64473682,1713,0,0.0549,0.0127551020408163,"cluster_job_06","cluster_job_06_sim9"
10,"highest_betweenness + highest_in_degree + highest_out_degree + largest_beds + largest_outgoing","fixed","Low",10,"750100125",TRUE,4,0,0,0,0,0,0,0,0,"MCO/SSR","Île-de-France",420,433,249789.64473682,1713,0,0.0549,0.0127551020408163,"cluster_job_06","cluster_job_06_sim10"
11,"highest_betweenness + highest_in_degree + highest_out_degree + largest_beds + largest_outgoing","fixed","Low",11,"750100125",TRUE,4,0,0,0,0,0,0,0,0,"MCO/SSR","Île-de-France",420,433,249789.64473682,1713,0,0.0549,0.0127551020408163,"cluster_job_06","cluster_job_06_sim11"
12,"highest_betweenness + highest_in_degree + highest_out_degree + largest_beds + largest_outgoing","fixed","Low",12,"750100125",TRUE,1,0,0,0,0,0,0,0,0,"MCO/SSR","Île-de-France",420,433,249789.64473682,1713,0,0.0549,0.0127551020408163,"cluster_job_06","cluster_job_06_sim12"
13,"highest_betweenness + highest_in_degree + highest_out_degree + largest_beds + largest_outgoing","fixed","Low",13,"750100125",TRUE,1,0,0,0,0,0,0,0,0,"MCO/SSR","Île-de-France",420,433,249789.64473682,1713,0,0.0549,0.0127551020408163,"cluster_job_06","cluster_job_06_sim13"
14,"highest_betweenness + highest_in_degree + highest_out_degree + largest_beds + largest_outgoing","fixed","Low",14,"750100125",TRUE,1,0,0,0,0,0,0,0,0,"MCO/SSR","Île-de-France",420,433,249789.64473682,1713,0,0.0549,0.0127551020408163,"cluster_job_06","cluster_job_06_sim14"
15,"highest_betweenness + highest_in_degree + highest_out_degree + largest_beds + largest_outgoing","fixed","Low",15,"750100125",FALSE,54,0.0188,0.0099,0.0776,0.0422,0.2069,0.1072,0.2384,0.1267,"MCO/SSR","Île-de-France",420,433,249789.64473682,1713,0,0.0549,0.0127551020408163,"cluster_job_06","cluster_job_06_sim15"
16,"highest_betweenness + highest_in_degree + highest_out_degree + largest_beds + largest_outgoing","fixed","Moderate",1,"750100125",FALSE,1708,2.2088,2.0112,7.2528,7.1669,15.0921,14.8632,16.9795,16.3975,"MCO/SSR","Île-de-France",420,433,249789.64473682,1713,0,0.102,0.00892857142857143,"cluster_job_06","cluster_job_06_sim16"
17,"highest_betweenness + highest_in_degree + highest_out_degree + largest_beds + largest_outgoing","fixed","Moderate",2,"750100125",FALSE,1855,2.7339,2.4927,8.402,8.4361,17.5772,17.5759,19.5253,19.1466,"MCO/SSR","Île-de-France",420,433,249789.64473682,1713,0,0.102,0.00892857142857143,"cluster_job_06","cluster_job_06_sim17"
18,"highest_betweenness + highest_in_degree + highest_out_degree + largest_beds + largest_outgoing","fixed","Moderate",3,"750100125",TRUE,4,1e-04,1e-04,0,0,0,0,0,0,"MCO/SSR","Île-de-France",420,433,249789.64473682,1713,0,0.102,0.00892857142857143,"cluster_job_06","cluster_job_06_sim18"
19,"highest_betweenness + highest_in_degree + highest_out_degree + largest_beds + largest_outgoing","fixed","Moderate",4,"750100125",FALSE,1654,2.3005,2.0653,7.1022,6.9119,14.8054,14.5523,16.5879,15.9681,"MCO/SSR","Île-de-France",420,433,249789.64473682,1713,0,0.102,0.00892857142857143,"cluster_job_06","cluster_job_06_sim19"
20,"highest_betweenness + highest_in_degree + highest_out_degree + largest_beds + largest_outgoing","fixed","Moderate",5,"750100125",FALSE,1757,2.7739,2.5363,7.877,7.9665,16.3229,16.6122,18.1556,18.0292,"MCO/SSR","Île-de-France",420,433,249789.64473682,1713,0,0.102,0.00892857142857143,"cluster_job_06","cluster_job_06_sim20"
21,"highest_betweenness + highest_in_degree + highest_out_degree + largest_beds + largest_outgoing","fixed","Moderate",6,"750100125",TRUE,3,0,0,0,0,0,0,0,0,"MCO/SSR","Île-de-France",420,433,249789.64473682,1713,0,0.102,0.00892857142857143,"cluster_job_06","cluster_job_06_sim21"
22,"highest_betweenness + highest_in_degree + highest_out_degree + largest_beds + largest_outgoing","fixed","Moderate",7,"750100125",FALSE,1846,2.8062,2.5695,8.433,8.5876,17.4649,17.8594,19.5402,19.4971,"MCO/SSR","Île-de-France",420,433,249789.64473682,1713,0,0.102,0.00892857142857143,"cluster_job_06","cluster_job_06_sim22"
23,"highest_betweenness + highest_in_degree + highest_out_degree + largest_beds + largest_outgoing","fixed","Moderate",8,"750100125",FALSE,1581,2.1397,1.8796,6.8429,6.602,14.3353,13.9774,16.0336,15.2357,"MCO/SSR","Île-de-France",420,433,249789.64473682,1713,0,0.102,0.00892857142857143,"cluster_job_06","cluster_job_06_sim23"
24,"highest_betweenness + highest_in_degree + highest_out_degree + largest_beds + largest_outgoing","fixed","Moderate",9,"750100125",FALSE,1472,1.6908,1.4564,6.1354,5.8036,12.8857,12.0404,14.4765,13.2919,"MCO/SSR","Île-de-France",420,433,249789.64473682,1713,0,0.102,0.00892857142857143,"cluster_job_06","cluster_job_06_sim24"
25,"highest_betweenness + highest_in_degree + highest_out_degree + largest_beds + largest_outgoing","fixed","Moderate",10,"750100125",FALSE,1607,2.0345,1.8088,6.5964,6.4274,13.8187,13.51,15.5789,14.9006,"MCO/SSR","Île-de-France",420,433,249789.64473682,1713,0,0.102,0.00892857142857143,"cluster_job_06","cluster_job_06_sim25"
26,"highest_betweenness + highest_in_degree + highest_out_degree + largest_beds + largest_outgoing","fixed","Moderate",11,"750100125",TRUE,2,0,0,0,0,0,0,0,0,"MCO/SSR","Île-de-France",420,433,249789.64473682,1713,0,0.102,0.00892857142857143,"cluster_job_06","cluster_job_06_sim26"
27,"highest_betweenness + highest_in_degree + highest_out_degree + largest_beds + largest_outgoing","fixed","Moderate",12,"750100125",TRUE,2,0,0,0,0,0,0,0,0,"MCO/SSR","Île-de-France",420,433,249789.64473682,1713,0,0.102,0.00892857142857143,"cluster_job_06","cluster_job_06_sim27"
28,"highest_betweenness + highest_in_degree + highest_out_degree + largest_beds + largest_outgoing","fixed","Moderate",13,"750100125",TRUE,2,0,0,0,0,0,0,0,0,"MCO/SSR","Île-de-France",420,433,249789.64473682,1713,0,0.102,0.00892857142857143,"cluster_job_06","cluster_job_06_sim28"
29,"highest_betweenness + highest_in_degree + highest_out_degree + largest_beds + largest_outgoing","fixed","Moderate",14,"750100125",TRUE,3,0,0,0,0,0,0,0,0,"MCO/SSR","Île-de-France",420,433,249789.64473682,1713,0,0.102,0.00892857142857143,"cluster_job_06","cluster_job_06_sim29"
30,"highest_betweenness + highest_in_degree + highest_out_degree + largest_beds + largest_outgoing","fixed","Moderate",15,"750100125",FALSE,1673,2.2796,2.0364,7.2272,7.0535,14.9975,14.7425,16.8439,16.1055,"MCO/SSR","Île-de-France",420,433,249789.64473682,1713,0,0.102,0.00892857142857143,"cluster_job_06","cluster_job_06_sim30"
31,"random_MCO","type_random","Low",1,"300017431",FALSE,14,0.008,0.0116,0.0117,0.0195,0.0544,0.0732,0.0574,0.0773,"MCO","Occitanie",14,12,180.823536059109,148,0,0.0549,0.0127551020408163,"cluster_job_06","cluster_job_06_sim31"
32,"random_MCO","type_random","Low",2,"830213625",TRUE,1,0,0,0,0,0,0,0,0,"MCO","Provence-Alpes-Côte d'Azur",3,5,287.627530988149,148,0,0.0549,0.0127551020408163,"cluster_job_06","cluster_job_06_sim32"
33,"random_MCO","type_random","Low",3,"860780311",FALSE,17,0.0049,0.0089,0.009,0.0158,0.021,0.0393,0.0232,0.0386,"MCO","Nouvelle-Aquitaine",5,6,0.166666666666667,34,0,0.0549,0.0127551020408163,"cluster_job_06","cluster_job_06_sim33"
34,"random_MCO","type_random","Low",4,"750047318",TRUE,1,0,0,0,0,0,0,0,0,"MCO","Île-de-France",3,3,36.426145819603,148,0,0.0549,0.0127551020408163,"cluster_job_06","cluster_job_06_sim34"
35,"random_MCO","type_random","Low",5,"240000216",TRUE,4,0,0,0,0,0,0,0,0,"MCO","Nouvelle-Aquitaine",6,19,70.4291017767601,32,0,0.0549,0.0127551020408163,"cluster_job_06","cluster_job_06_sim35"
36,"random_MCO","type_random","Low",6,"800017253",TRUE,3,0,0,0,0,0,0,0,0,"MCO","Hauts-de-France",2,2,0,148,0,0.0549,0.0127551020408163,"cluster_job_06","cluster_job_06_sim36"
37,"random_MCO","type_random","Low",7,"130783723",TRUE,1,0,0,0,0,0,0,0,0,"MCO","Provence-Alpes-Côte d'Azur",18,58,3123.6198127794,60,0,0.0549,0.0127551020408163,"cluster_job_06","cluster_job_06_sim37"
38,"random_MCO","type_random","Low",8,"130782675",FALSE,28,0.0137,0.0137,0.0273,0.0291,0.0733,0.0764,0.0825,0.0807,"MCO","Provence-Alpes-Côte d'Azur",7,8,71.3344490082487,22,0,0.0549,0.0127551020408163,"cluster_job_06","cluster_job_06_sim38"
39,"random_MCO","type_random","Low",9,"750300097",TRUE,2,0,0,0,0,0,0,0,0,"MCO","Île-de-France",0,7,0,12,0,0.0549,0.0127551020408163,"cluster_job_06","cluster_job_06_sim39"
40,"random_MCO","type_random","Low",10,"800002503",TRUE,2,0,0,0,0,0,0,0,0,"MCO","Hauts-de-France",14,12,152.658958561964,46,0,0.0549,0.0127551020408163,"cluster_job_06","cluster_job_06_sim40"
41,"random_MCO","type_random","Low",11,"060780723",TRUE,3,0,0,0,0,0,0,0,0,"MCO","Provence-Alpes-Côte d'Azur",26,34,1275.63974435409,68,0,0.0549,0.0127551020408163,"cluster_job_06","cluster_job_06_sim41"
42,"random_MCO","type_random","Low",12,"130809809",TRUE,4,0,0,0,0,0,0,0,0,"MCO","Provence-Alpes-Côte d'Azur",16,6,766.675388327526,148,0,0.0549,0.0127551020408163,"cluster_job_06","cluster_job_06_sim42"
43,"random_MCO","type_random","Low",13,"190000224",TRUE,1,0,0,0,0,0,0,0,0,"MCO","Nouvelle-Aquitaine",14,28,458.074108286407,97,0,0.0549,0.0127551020408163,"cluster_job_06","cluster_job_06_sim43"
44,"random_MCO","type_random","Low",14,"350000196",TRUE,2,0,0,0,0,0,0,0,0,"MCO","Bretagne",12,15,1337.42797585033,52,0,0.0549,0.0127551020408163,"cluster_job_06","cluster_job_06_sim44"
45,"random_MCO","type_random","Low",15,"750150187",TRUE,3,0,0,0,0,0,0,0,0,"MCO","Île-de-France",93,22,10074.8489394847,74,0,0.0549,0.0127551020408163,"cluster_job_06","cluster_job_06_sim45"
46,"random_MCO","type_random","Moderate",1,"950300202",TRUE,2,0,0,0,0,0,0,0,0,"MCO","Île-de-France",26,55,2603.00217231044,85,0,0.102,0.00892857142857143,"cluster_job_06","cluster_job_06_sim46"
47,"random_MCO","type_random","Moderate",2,"100000124",TRUE,1,0,0,0,0,0,0,0,0,"MCO","Grand-Est",15,19,327.212045941026,91,0,0.102,0.00892857142857143,"cluster_job_06","cluster_job_06_sim47"
48,"random_MCO","type_random","Moderate",3,"520004714",FALSE,1422,1.7611,1.5547,6.0558,5.7484,12.5016,11.9487,13.9994,13.0594,"MCO","Grand-Est",8,29,250.852136834037,31,0,0.102,0.00892857142857143,"cluster_job_06","cluster_job_06_sim48"
49,"random_MCO","type_random","Moderate",4,"590796975",TRUE,1,0,0,0,0,0,0,0,0,"MCO","Hauts-de-France",159,139,50336.7644488755,613,0,0.102,0.00892857142857143,"cluster_job_06","cluster_job_06_sim49"
50,"random_MCO","type_random","Moderate",5,"130034093",TRUE,3,0,0,0,0,0,0,0,0,"MCO","Provence-Alpes-Côte d'Azur",11,8,722.7259487711,148,0,0.102,0.00892857142857143,"cluster_job_06","cluster_job_06_sim50"
51,"random_MCO","type_random","Moderate",6,"420780637",FALSE,1289,0.9317,0.9414,4.4057,4.4316,8.271,8.4921,9.8616,9.7583,"MCO","Auvergne-Rhône-Alpes",19,30,813.448996370952,192,0,0.102,0.00892857142857143,"cluster_job_06","cluster_job_06_sim51"
52,"random_MCO","type_random","Moderate",7,"210987574",TRUE,4,0,1e-04,0,0,0,0,0,0,"MCO","Bourgogne-Franche-Comté",8,4,372.80769820721,9,0,0.102,0.00892857142857143,"cluster_job_06","cluster_job_06_sim52"
53,"random_MCO","type_random","Moderate",8,"340780725",TRUE,2,0,0,0,0,0,0,0,0,"MCO","Occitanie",10,36,1563.68581384834,29,0,0.102,0.00892857142857143,"cluster_job_06","cluster_job_06_sim53"
54,"random_MCO","type_random","Moderate",9,"540000015",TRUE,3,0,0,0,0,0,0,0,0,"MCO","Grand-Est",40,25,3325.02729634894,100,0,0.102,0.00892857142857143,"cluster_job_06","cluster_job_06_sim54"
55,"random_MCO","type_random","Moderate",10,"950300244",TRUE,1,0,0,0,0,0,0,0,0,"MCO","Île-de-France",47,40,2331.99608741373,103,0,0.102,0.00892857142857143,"cluster_job_06","cluster_job_06_sim55"
56,"random_MCO","type_random","Moderate",11,"930014428",FALSE,1213,1.3186,1.1027,4.8623,4.3907,10.2365,9.3446,11.5802,10.3496,"MCO","Île-de-France",17,19,180.671690651805,148,0,0.102,0.00892857142857143,"cluster_job_06","cluster_job_06_sim56"
57,"random_MCO","type_random","Moderate",12,"130782675",FALSE,1330,1.1099,0.9588,4.9866,4.5651,10.3681,9.4599,11.927,10.7318,"MCO","Provence-Alpes-Côte d'Azur",7,8,71.3344490082487,22,0,0.102,0.00892857142857143,"cluster_job_06","cluster_job_06_sim57"
58,"random_MCO","type_random","Moderate",13,"070000013",TRUE,4,0,0,0,0,0,0,0,0,"MCO","Auvergne-Rhône-Alpes",30,49,4288.77562299278,108,0,0.102,0.00892857142857143,"cluster_job_06","cluster_job_06_sim58"
59,"random_MCO","type_random","Moderate",14,"750300667",TRUE,7,3e-04,5e-04,0,0,0,0,0,0,"MCO","Île-de-France",8,7,25.6980235880634,69,0,0.102,0.00892857142857143,"cluster_job_06","cluster_job_06_sim59"
60,"random_MCO","type_random","Moderate",15,"130050917",TRUE,1,0,0,0,0,0,0,0,0,"MCO","Provence-Alpes-Côte d'Azur",7,13,77.0214670391529,38,0,0.102,0.00892857142857143,"cluster_job_06","cluster_job_06_sim60"
61,"random_MCO_SSR","type_random","Low",1,"840000343",TRUE,2,0,0,0,0,0,0,0,0,"MCO/SSR","Provence-Alpes-Côte d'Azur",23,44,3032.15223480931,82,0,0.0549,0.0127551020408163,"cluster_job_06","cluster_job_06_sim61"
62,"random_MCO_SSR","type_random","Low",2,"370000499",FALSE,29,0.0083,0.0038,0.0276,0.0162,0.0699,0.0372,0.079,0.0445,"MCO/SSR","Centre-Val de Loire",47,38,44532.1545148313,127,0,0.0549,0.0127551020408163,"cluster_job_06","cluster_job_06_sim62"
63,"random_MCO_SSR","type_random","Low",3,"500000021",FALSE,132,0.0699,0.0347,0.169,0.0973,0.5833,0.2993,0.6122,0.3217,"MCO/SSR","Normandie",45,57,8127.24284042448,262,0,0.0549,0.0127551020408163,"cluster_job_06","cluster_job_06_sim63"
64,"random_MCO_SSR","type_random","Low",4,"220000236",TRUE,3,0,0,0,0,0,0,0,0,"MCO/SSR","Bretagne",15,12,150.898500913007,36,0,0.0549,0.0127551020408163,"cluster_job_06","cluster_job_06_sim64"
65,"random_MCO_SSR","type_random","Low",5,"380000406",TRUE,1,0,0,0,0,0,0,0,0,"MCO/SSR","Auvergne-Rhône-Alpes",33,52,5011.42775822884,234,0,0.0549,0.0127551020408163,"cluster_job_06","cluster_job_06_sim65"
66,"random_MCO_SSR","type_random","Low",6,"430000190",FALSE,33,0.0139,0.0217,0.0339,0.0497,0.0907,0.136,0.0958,0.1405,"MCO/SSR","Auvergne-Rhône-Alpes",16,27,1844.74129680723,94,0,0.0549,0.0127551020408163,"cluster_job_06","cluster_job_06_sim66"
67,"random_MCO_SSR","type_random","Low",7,"780300208",FALSE,95,0.0394,0.0291,0.1064,0.0814,0.31,0.231,0.3337,0.2469,"MCO/SSR","Île-de-France",41,31,1353.0601665036,93,0,0.0549,0.0127551020408163,"cluster_job_06","cluster_job_06_sim67"
68,"random_MCO_SSR","type_random","Low",8,"570029801",TRUE,2,0,0,0,0,0,0,0,0,"MCO/SSR","Grand-Est",12,7,226.89208747234,36,0,0.0549,0.0127551020408163,"cluster_job_06","cluster_job_06_sim68"
69,"random_MCO_SSR","type_random","Low",9,"590000600",FALSE,69,0.0429,0.0272,0.0857,0.06,0.2518,0.1695,0.2697,0.1696,"MCO/SSR","Hauts-de-France",26,23,1094.14968467692,436,0,0.0549,0.0127551020408163,"cluster_job_06","cluster_job_06_sim69"
70,"random_MCO_SSR","type_random","Low",10,"570000968",FALSE,7,0.0016,0.0047,0.0018,0.0055,0.0038,0.0111,0.0045,0.0131,"MCO/SSR","Grand-Est",18,17,3402.78286956962,44,0,0.0549,0.0127551020408163,"cluster_job_06","cluster_job_06_sim70"
71,"random_MCO_SSR","type_random","Low",11,"350000436",TRUE,2,0,0,0,0,0,0,0,0,"MCO/SSR","Bretagne",17,7,328.13187781411,46,0,0.0549,0.0127551020408163,"cluster_job_06","cluster_job_06_sim71"
72,"random_MCO_SSR","type_random","Low",12,"690000088",FALSE,65,0.035,0.0238,0.0847,0.0585,0.2563,0.1715,0.2622,0.1719,"MCO/SSR","Auvergne-Rhône-Alpes",13,10,211.738487519387,22,0,0.0549,0.0127551020408163,"cluster_job_06","cluster_job_06_sim72"
73,"random_MCO_SSR","type_random","Low",13,"520000076",TRUE,3,0,1e-04,0,0,0,0,0,0,"MCO/SSR","Grand-Est",31,11,4568.99085574672,60,0,0.0549,0.0127551020408163,"cluster_job_06","cluster_job_06_sim73"
74,"random_MCO_SSR","type_random","Low",14,"560000465",TRUE,3,0,0,0,0,0,0,0,0,"MCO/SSR","Bretagne",15,7,2252.09845920064,30,0,0.0549,0.0127551020408163,"cluster_job_06","cluster_job_06_sim74"
75,"random_MCO_SSR","type_random","Low",15,"180000010",TRUE,3,0,0,0,0,0,0,0,0,"MCO/SSR","Centre-Val de Loire",47,82,11013.3363380514,482,0,0.0549,0.0127551020408163,"cluster_job_06","cluster_job_06_sim75"
76,"random_MCO_SSR","type_random","Moderate",1,"380000406",TRUE,3,0,0,0,0,0,0,0,0,"MCO/SSR","Auvergne-Rhône-Alpes",33,52,5011.42775822884,234,0,0.102,0.00892857142857143,"cluster_job_06","cluster_job_06_sim76"
77,"random_MCO_SSR","type_random","Moderate",2,"920000635",TRUE,3,0,1e-04,0,0,0,0,0,0,"MCO/SSR","Île-de-France",63,41,2527.01967930664,118,0,0.102,0.00892857142857143,"cluster_job_06","cluster_job_06_sim77"
78,"random_MCO_SSR","type_random","Moderate",3,"690000088",FALSE,1357,1.1912,1.1631,5.116,5.0497,10.041,9.9687,11.6704,11.3157,"MCO/SSR","Auvergne-Rhône-Alpes",13,10,211.738487519387,22,0,0.102,0.00892857142857143,"cluster_job_06","cluster_job_06_sim78"
79,"random_MCO_SSR","type_random","Moderate",4,"930000328",FALSE,1070,0.9001,0.7279,4.0189,3.4625,8.3484,7.2202,9.581,8.1435,"MCO/SSR","Île-de-France",105,144,14550.5681211645,392,0,0.102,0.00892857142857143,"cluster_job_06","cluster_job_06_sim79"
80,"random_MCO_SSR","type_random","Moderate",5,"280504267",FALSE,1718,2.3351,2.1283,7.5902,7.6238,15.7324,15.701,17.765,17.2788,"MCO/SSR","Centre-Val de Loire",93,111,21518.4824429612,516,0,0.102,0.00892857142857143,"cluster_job_06","cluster_job_06_sim80"
81,"random_MCO_SSR","type_random","Moderate",6,"440001253",FALSE,1008,0.7908,0.7115,3.74,3.4485,7.2946,6.6538,8.4588,7.5604,"MCO/SSR","Pays de la Loire",16,22,1002.93565636836,94,0,0.102,0.00892857142857143,"cluster_job_06","cluster_job_06_sim81"
82,"random_MCO_SSR","type_random","Moderate",7,"430007450",TRUE,3,0,0,0,0,0,0,0,0,"MCO/SSR","Auvergne-Rhône-Alpes",33,16,2446.57948871424,100,0,0.102,0.00892857142857143,"cluster_job_06","cluster_job_06_sim82"
83,"random_MCO_SSR","type_random","Moderate",8,"300000023",TRUE,2,0,0,0,0,0,0,0,0,"MCO/SSR","Occitanie",41,77,14339.939950619,345,0,0.102,0.00892857142857143,"cluster_job_06","cluster_job_06_sim83"
84,"random_MCO_SSR","type_random","Moderate",9,"600100101",FALSE,972,0.7899,0.6815,3.5567,3.2259,7.4451,6.5723,8.5354,7.4159,"MCO/SSR","Hauts-de-France",21,25,1743.02718509781,126,0,0.102,0.00892857142857143,"cluster_job_06","cluster_job_06_sim84"
85,"random_MCO_SSR","type_random","Moderate",10,"170000137",FALSE,583,0.2249,0.2031,1.4345,1.3253,2.4599,2.3481,3.0202,2.7742,"MCO/SSR","Nouvelle-Aquitaine",6,6,116.946700849405,23,0,0.102,0.00892857142857143,"cluster_job_06","cluster_job_06_sim85"
86,"random_MCO_SSR","type_random","Moderate",11,"800000226",FALSE,1361,1.3861,1.2845,5.5206,5.2999,11.3564,10.8347,12.9149,12.0735,"MCO/SSR","Hauts-de-France",13,20,137.728529842186,98,0,0.102,0.00892857142857143,"cluster_job_06","cluster_job_06_sim86"
87,"random_MCO_SSR","type_random","Moderate",12,"510012040",FALSE,1536,1.7538,1.5931,6.5196,6.3451,13.2371,12.8129,15.0145,14.231,"MCO/SSR","Grand-Est",29,19,5437.77459814764,501,0,0.102,0.00892857142857143,"cluster_job_06","cluster_job_06_sim87"
88,"random_MCO_SSR","type_random","Moderate",13,"120004668",TRUE,2,0,0,0,0,0,0,0,0,"MCO/SSR","Occitanie",18,36,3635.77572647858,58,0,0.102,0.00892857142857143,"cluster_job_06","cluster_job_06_sim88"
89,"random_MCO_SSR","type_random","Moderate",14,"170780621",TRUE,2,0,0,0,0,0,0,0,0,"MCO/SSR","Nouvelle-Aquitaine",23,17,2772.50350851156,125,0,0.102,0.00892857142857143,"cluster_job_06","cluster_job_06_sim89"
90,"random_MCO_SSR","type_random","Moderate",15,"670017458",TRUE,2,0,0,0,0,0,0,0,0,"MCO/SSR","Grand-Est",14,18,3318.73294664971,60,0,0.102,0.00892857142857143,"cluster_job_06","cluster_job_06_sim90"
91,"random_SSR","type_random","Low",1,"240008318",TRUE,3,0,1e-04,0,0,0,0,0,0,"SSR","Nouvelle-Aquitaine",4,5,7.05285083274214,14,0,0.0549,0.0127551020408163,"cluster_job_06","cluster_job_06_sim91"
92,"random_SSR","type_random","Low",2,"170780068",FALSE,31,0.0116,0.0103,0.033,0.024,0.0896,0.0598,0.1049,0.072,"SSR","Nouvelle-Aquitaine",40,13,6468.42794271265,116,0,0.0549,0.0127551020408163,"cluster_job_06","cluster_job_06_sim92"
93,"random_SSR","type_random","Low",3,"660781097",TRUE,4,0,0,0,0,0,0,0,0,"SSR","Occitanie",10,10,222.783845581967,45,0,0.0549,0.0127551020408163,"cluster_job_06","cluster_job_06_sim93"
94,"random_SSR","type_random","Low",4,"750150088",FALSE,56,0.0147,0.0155,0.0544,0.0525,0.1506,0.1418,0.1637,0.1573,"SSR","Île-de-France",35,14,448.155796266416,82,0,0.0549,0.0127551020408163,"cluster_job_06","cluster_job_06_sim94"
95,"random_SSR","type_random","Low",5,"290002344",TRUE,1,0,0,0,0,0,0,0,0,"SSR","Bretagne",22,13,3332.47120844505,88,0,0.0549,0.0127551020408163,"cluster_job_06","cluster_job_06_sim95"
96,"random_SSR","type_random","Low",6,"530031509",TRUE,2,0,0,0,0,0,0,0,0,"SSR","Pays de la Loire",32,5,6384.96140825309,64,0,0.0549,0.0127551020408163,"cluster_job_06","cluster_job_06_sim96"
97,"random_SSR","type_random","Low",7,"780001657",FALSE,45,0.0134,0.0136,0.0289,0.0345,0.0742,0.0806,0.0841,0.0901,"SSR","Île-de-France",20,12,939.273545314363,98,0,0.0549,0.0127551020408163,"cluster_job_06","cluster_job_06_sim97"
98,"random_SSR","type_random","Low",8,"950300087",TRUE,13,0.001,0.0022,0,0,0,0,0,0,"SSR","Île-de-France",45,21,590.49958141011,56,0,0.0549,0.0127551020408163,"cluster_job_06","cluster_job_06_sim98"
99,"random_SSR","type_random","Low",9,"950787135",TRUE,9,8e-04,0.0033,0,0,0,0,0,0,"SSR","Île-de-France",9,6,107.288253126981,26,0,0.0549,0.0127551020408163,"cluster_job_06","cluster_job_06_sim99"
100,"random_SSR","type_random","Low",10,"170803431",TRUE,3,0,0,0,0,0,0,0,0,"SSR","Nouvelle-Aquitaine",18,10,104.513400205991,127,0,0.0549,0.0127551020408163,"cluster_job_06","cluster_job_06_sim100"
101,"random_SSR","type_random","Low",11,"670018449",FALSE,16,0.0068,0.0062,0.014,0.0137,0.0494,0.0481,0.0542,0.0524,"SSR","Grand-Est",0,3,0,140,0,0.0549,0.0127551020408163,"cluster_job_06","cluster_job_06_sim101"
102,"random_SSR","type_random","Low",12,"480780287",TRUE,2,0,0,0,0,0,0,0,0,"SSR","Occitanie",39,20,3832.66590100782,41,0,0.0549,0.0127551020408163,"cluster_job_06","cluster_job_06_sim102"
103,"random_SSR","type_random","Low",13,"150780708",TRUE,2,0,0,0,0,0,0,0,0,"SSR","Auvergne-Rhône-Alpes",22,4,411.693092247152,50,0,0.0549,0.0127551020408163,"cluster_job_06","cluster_job_06_sim103"
104,"random_SSR","type_random","Low",14,"420000556",TRUE,1,0,0,0,0,0,0,0,0,"SSR","Auvergne-Rhône-Alpes",11,6,307.358961617666,17,0,0.0549,0.0127551020408163,"cluster_job_06","cluster_job_06_sim104"
105,"random_SSR","type_random","Low",15,"350002234",TRUE,2,0,0,0,0,0,0,0,0,"SSR","Bretagne",17,4,100.814717244065,124,0,0.0549,0.0127551020408163,"cluster_job_06","cluster_job_06_sim105"
106,"random_SSR","type_random","Moderate",1,"450002456",FALSE,1582,1.9445,1.7309,6.6378,6.3553,13.8194,13.2321,15.6123,14.6753,"SSR","Centre-Val de Loire",37,13,3263.30366391661,147,0,0.102,0.00892857142857143,"cluster_job_06","cluster_job_06_sim106"
107,"random_SSR","type_random","Moderate",2,"210987046",FALSE,1565,1.5444,1.4596,6.222,6.1849,12.2295,12.1749,14.1022,13.7386,"SSR","Bourgogne-Franche-Comté",34,13,1182.64605801928,136,0,0.102,0.00892857142857143,"cluster_job_06","cluster_job_06_sim107"
108,"random_SSR","type_random","Moderate",3,"740780143",FALSE,1351,1.0428,0.9079,5.0701,4.7034,10.1173,9.3452,11.8007,10.7335,"SSR","Auvergne-Rhône-Alpes",32,14,1781.23942719508,221,0,0.102,0.00892857142857143,"cluster_job_06","cluster_job_06_sim108"
109,"random_SSR","type_random","Moderate",4,"430000166",FALSE,1197,0.9527,0.9348,4.2606,4.1949,8.3117,8.2205,9.7195,9.3468,"SSR","Auvergne-Rhône-Alpes",24,10,588.582091655442,87,0,0.102,0.00892857142857143,"cluster_job_06","cluster_job_06_sim109"
110,"random_SSR","type_random","Moderate",5,"130782451",FALSE,1397,1.2807,1.112,5.5083,5.076,11.5654,10.6011,13.1856,11.8904,"SSR","Provence-Alpes-Côte d'Azur",56,32,3177.33186755783,144,0,0.102,0.00892857142857143,"cluster_job_06","cluster_job_06_sim110"
111,"random_SSR","type_random","Moderate",6,"780140075",FALSE,1610,1.9491,1.7014,6.8791,6.4645,14.2556,13.4823,16.1001,14.9153,"SSR","Île-de-France",19,4,722.880170144152,51,0,0.102,0.00892857142857143,"cluster_job_06","cluster_job_06_sim111"
112,"random_SSR","type_random","Moderate",7,"420011728",TRUE,1,0,0,0,0,0,0,0,0,"SSR","Auvergne-Rhône-Alpes",4,4,2.88333333333333,93,0,0.102,0.00892857142857143,"cluster_job_06","cluster_job_06_sim112"
113,"random_SSR","type_random","Moderate",8,"920711512",FALSE,1651,2.231,1.9895,7.1485,7.0281,14.7907,14.6716,16.6082,16.1888,"SSR","Île-de-France",68,52,2217.93591596019,174,0,0.102,0.00892857142857143,"cluster_job_06","cluster_job_06_sim113"
114,"random_SSR","type_random","Moderate",9,"130782097",FALSE,940,0.6478,0.6207,2.8828,2.797,5.7287,5.5716,6.7226,6.4077,"SSR","Provence-Alpes-Côte d'Azur",40,24,1246.89330979403,120,0,0.102,0.00892857142857143,"cluster_job_06","cluster_job_06_sim114"
115,"random_SSR","type_random","Moderate",10,"440000701",FALSE,781,0.4752,0.4579,2.3003,2.1694,4.048,3.9151,4.9716,4.5887,"SSR","Pays de la Loire",22,12,398.961446265089,122,0,0.102,0.00892857142857143,"cluster_job_06","cluster_job_06_sim115"
116,"random_SSR","type_random","Moderate",11,"150000149",TRUE,3,0,0,0,0,0,0,0,0,"SSR","Auvergne-Rhône-Alpes",23,14,1482.89653659532,50,0,0.102,0.00892857142857143,"cluster_job_06","cluster_job_06_sim116"
117,"random_SSR","type_random","Moderate",12,"110786746",FALSE,820,0.4934,0.539,2.3145,2.4486,4.3584,4.7633,5.1145,5.3574,"SSR","Occitanie",15,3,53.0793282993705,84,0,0.102,0.00892857142857143,"cluster_job_06","cluster_job_06_sim117"
118,"random_SSR","type_random","Moderate",13,"590785424",FALSE,362,0.2279,0.194,0.9233,0.7868,1.7161,1.5394,2.0014,1.7357,"SSR","Hauts-de-France",6,1,41.8691103571575,47,0,0.102,0.00892857142857143,"cluster_job_06","cluster_job_06_sim118"
119,"random_SSR","type_random","Moderate",14,"100011477",FALSE,1811,2.4079,2.2667,8.0037,8.1085,16.5128,16.8047,18.5727,18.4116,"SSR","Grand-Est",22,9,1700.41270143041,91,0,0.102,0.00892857142857143,"cluster_job_06","cluster_job_06_sim119"
120,"random_SSR","type_random","Moderate",15,"690010848",FALSE,1496,1.5124,1.4516,5.7602,5.5668,11.6494,11.3531,13.3386,12.6588,"SSR","Auvergne-Rhône-Alpes",40,19,1324.93953837013,171,0,0.102,0.00892857142857143,"cluster_job_06","cluster_job_06_sim120"
1,"highest_betweenness + highest_in_degree + highest_out_degree + largest_beds + largest_outgoing","fixed","Low",1,"750100125",FALSE,190,0.1088,0.0597,0.2995,0.1969,0.8952,0.5529,0.9708,0.5916,"MCO/SSR","Île-de-France",420,433,249789.64473682,1713,0,0.0549,0.0127551020408163,"cluster_job_07","cluster_job_07_sim1"
2,"highest_betweenness + highest_in_degree + highest_out_degree + largest_beds + largest_outgoing","fixed","Low",2,"750100125",TRUE,1,0,0,0,0,0,0,0,0,"MCO/SSR","Île-de-France",420,433,249789.64473682,1713,0,0.0549,0.0127551020408163,"cluster_job_07","cluster_job_07_sim2"
3,"highest_betweenness + highest_in_degree + highest_out_degree + largest_beds + largest_outgoing","fixed","Low",3,"750100125",FALSE,181,0.1172,0.0677,0.2992,0.1949,0.9097,0.5643,0.9929,0.6084,"MCO/SSR","Île-de-France",420,433,249789.64473682,1713,0,0.0549,0.0127551020408163,"cluster_job_07","cluster_job_07_sim3"
4,"highest_betweenness + highest_in_degree + highest_out_degree + largest_beds + largest_outgoing","fixed","Low",4,"750100125",FALSE,115,0.0372,0.0289,0.124,0.0992,0.3438,0.2657,0.3893,0.2947,"MCO/SSR","Île-de-France",420,433,249789.64473682,1713,0,0.0549,0.0127551020408163,"cluster_job_07","cluster_job_07_sim4"
5,"highest_betweenness + highest_in_degree + highest_out_degree + largest_beds + largest_outgoing","fixed","Low",5,"750100125",TRUE,2,0,0,0,0,0,0,0,0,"MCO/SSR","Île-de-France",420,433,249789.64473682,1713,0,0.0549,0.0127551020408163,"cluster_job_07","cluster_job_07_sim5"
6,"highest_betweenness + highest_in_degree + highest_out_degree + largest_beds + largest_outgoing","fixed","Low",6,"750100125",TRUE,1,0,0,0,0,0,0,0,0,"MCO/SSR","Île-de-France",420,433,249789.64473682,1713,0,0.0549,0.0127551020408163,"cluster_job_07","cluster_job_07_sim6"
7,"highest_betweenness + highest_in_degree + highest_out_degree + largest_beds + largest_outgoing","fixed","Low",7,"750100125",FALSE,38,0.0093,0.0073,0.0308,0.0182,0.1079,0.0619,0.1105,0.0617,"MCO/SSR","Île-de-France",420,433,249789.64473682,1713,0,0.0549,0.0127551020408163,"cluster_job_07","cluster_job_07_sim7"
8,"highest_betweenness + highest_in_degree + highest_out_degree + largest_beds + largest_outgoing","fixed","Low",8,"750100125",FALSE,16,0.0036,0.0028,0.0087,0.006,0.0332,0.0242,0.035,0.0257,"MCO/SSR","Île-de-France",420,433,249789.64473682,1713,0,0.0549,0.0127551020408163,"cluster_job_07","cluster_job_07_sim8"
9,"highest_betweenness + highest_in_degree + highest_out_degree + largest_beds + largest_outgoing","fixed","Low",9,"750100125",TRUE,3,0,0,0,0,0,0,0,0,"MCO/SSR","Île-de-France",420,433,249789.64473682,1713,0,0.0549,0.0127551020408163,"cluster_job_07","cluster_job_07_sim9"
10,"highest_betweenness + highest_in_degree + highest_out_degree + largest_beds + largest_outgoing","fixed","Low",10,"750100125",FALSE,18,0.0051,0.0033,0.007,0.0046,0.0233,0.0157,0.0251,0.0168,"MCO/SSR","Île-de-France",420,433,249789.64473682,1713,0,0.0549,0.0127551020408163,"cluster_job_07","cluster_job_07_sim10"
11,"highest_betweenness + highest_in_degree + highest_out_degree + largest_beds + largest_outgoing","fixed","Low",11,"750100125",TRUE,1,0,0,0,0,0,0,0,0,"MCO/SSR","Île-de-France",420,433,249789.64473682,1713,0,0.0549,0.0127551020408163,"cluster_job_07","cluster_job_07_sim11"
12,"highest_betweenness + highest_in_degree + highest_out_degree + largest_beds + largest_outgoing","fixed","Low",12,"750100125",TRUE,2,0,0,0,0,0,0,0,0,"MCO/SSR","Île-de-France",420,433,249789.64473682,1713,0,0.0549,0.0127551020408163,"cluster_job_07","cluster_job_07_sim12"
13,"highest_betweenness + highest_in_degree + highest_out_degree + largest_beds + largest_outgoing","fixed","Low",13,"750100125",TRUE,3,0,0,0,0,0,0,0,0,"MCO/SSR","Île-de-France",420,433,249789.64473682,1713,0,0.0549,0.0127551020408163,"cluster_job_07","cluster_job_07_sim13"
14,"highest_betweenness + highest_in_degree + highest_out_degree + largest_beds + largest_outgoing","fixed","Low",14,"750100125",TRUE,4,0,0,0,0,0,0,0,0,"MCO/SSR","Île-de-France",420,433,249789.64473682,1713,0,0.0549,0.0127551020408163,"cluster_job_07","cluster_job_07_sim14"
15,"highest_betweenness + highest_in_degree + highest_out_degree + largest_beds + largest_outgoing","fixed","Low",15,"750100125",TRUE,3,0,0,0,0,0,0,0,0,"MCO/SSR","Île-de-France",420,433,249789.64473682,1713,0,0.0549,0.0127551020408163,"cluster_job_07","cluster_job_07_sim15"
16,"highest_betweenness + highest_in_degree + highest_out_degree + largest_beds + largest_outgoing","fixed","Moderate",1,"750100125",TRUE,2,0,0,0,0,0,0,0,0,"MCO/SSR","Île-de-France",420,433,249789.64473682,1713,0,0.102,0.00892857142857143,"cluster_job_07","cluster_job_07_sim16"
17,"highest_betweenness + highest_in_degree + highest_out_degree + largest_beds + largest_outgoing","fixed","Moderate",2,"750100125",FALSE,1381,1.4606,1.2346,5.4787,5.0881,11.328,10.4956,12.9231,11.7981,"MCO/SSR","Île-de-France",420,433,249789.64473682,1713,0,0.102,0.00892857142857143,"cluster_job_07","cluster_job_07_sim17"
18,"highest_betweenness + highest_in_degree + highest_out_degree + largest_beds + largest_outgoing","fixed","Moderate",3,"750100125",TRUE,3,1e-04,0,0,0,0,0,0,0,"MCO/SSR","Île-de-France",420,433,249789.64473682,1713,0,0.102,0.00892857142857143,"cluster_job_07","cluster_job_07_sim18"
19,"highest_betweenness + highest_in_degree + highest_out_degree + largest_beds + largest_outgoing","fixed","Moderate",4,"750100125",TRUE,3,0,0,0,0,0,0,0,0,"MCO/SSR","Île-de-France",420,433,249789.64473682,1713,0,0.102,0.00892857142857143,"cluster_job_07","cluster_job_07_sim19"
20,"highest_betweenness + highest_in_degree + highest_out_degree + largest_beds + largest_outgoing","fixed","Moderate",5,"750100125",TRUE,1,0,0,0,0,0,0,0,0,"MCO/SSR","Île-de-France",420,433,249789.64473682,1713,0,0.102,0.00892857142857143,"cluster_job_07","cluster_job_07_sim20"
21,"highest_betweenness + highest_in_degree + highest_out_degree + largest_beds + largest_outgoing","fixed","Moderate",6,"750100125",FALSE,1665,2.537,2.295,7.3203,7.368,15.1564,15.3149,16.8466,16.5192,"MCO/SSR","Île-de-France",420,433,249789.64473682,1713,0,0.102,0.00892857142857143,"cluster_job_07","cluster_job_07_sim21"
22,"highest_betweenness + highest_in_degree + highest_out_degree + largest_beds + largest_outgoing","fixed","Moderate",7,"750100125",FALSE,1601,2.0278,1.7637,6.7021,6.5045,13.8496,13.405,15.7089,14.8661,"MCO/SSR","Île-de-France",420,433,249789.64473682,1713,0,0.102,0.00892857142857143,"cluster_job_07","cluster_job_07_sim22"
23,"highest_betweenness + highest_in_degree + highest_out_degree + largest_beds + largest_outgoing","fixed","Moderate",8,"750100125",TRUE,2,0,0,0,0,0,0,0,0,"MCO/SSR","Île-de-France",420,433,249789.64473682,1713,0,0.102,0.00892857142857143,"cluster_job_07","cluster_job_07_sim23"
24,"highest_betweenness + highest_in_degree + highest_out_degree + largest_beds + largest_outgoing","fixed","Moderate",9,"750100125",TRUE,3,0,0,0,0,0,0,0,0,"MCO/SSR","Île-de-France",420,433,249789.64473682,1713,0,0.102,0.00892857142857143,"cluster_job_07","cluster_job_07_sim24"
25,"highest_betweenness + highest_in_degree + highest_out_degree + largest_beds + largest_outgoing","fixed","Moderate",10,"750100125",TRUE,4,0,0,0,0,0,0,0,0,"MCO/SSR","Île-de-France",420,433,249789.64473682,1713,0,0.102,0.00892857142857143,"cluster_job_07","cluster_job_07_sim25"
26,"highest_betweenness + highest_in_degree + highest_out_degree + largest_beds + largest_outgoing","fixed","Moderate",11,"750100125",TRUE,4,0,0,0,0,0,0,0,0,"MCO/SSR","Île-de-France",420,433,249789.64473682,1713,0,0.102,0.00892857142857143,"cluster_job_07","cluster_job_07_sim26"
27,"highest_betweenness + highest_in_degree + highest_out_degree + largest_beds + largest_outgoing","fixed","Moderate",12,"750100125",TRUE,3,0,0,0,0,0,0,0,0,"MCO/SSR","Île-de-France",420,433,249789.64473682,1713,0,0.102,0.00892857142857143,"cluster_job_07","cluster_job_07_sim27"
28,"highest_betweenness + highest_in_degree + highest_out_degree + largest_beds + largest_outgoing","fixed","Moderate",13,"750100125",FALSE,973,0.7279,0.6137,3.7169,3.2664,7.3893,6.3687,8.6169,7.3828,"MCO/SSR","Île-de-France",420,433,249789.64473682,1713,0,0.102,0.00892857142857143,"cluster_job_07","cluster_job_07_sim28"
29,"highest_betweenness + highest_in_degree + highest_out_degree + largest_beds + largest_outgoing","fixed","Moderate",14,"750100125",TRUE,2,0,0,0,0,0,0,0,0,"MCO/SSR","Île-de-France",420,433,249789.64473682,1713,0,0.102,0.00892857142857143,"cluster_job_07","cluster_job_07_sim29"
30,"highest_betweenness + highest_in_degree + highest_out_degree + largest_beds + largest_outgoing","fixed","Moderate",15,"750100125",FALSE,1601,1.9766,1.7571,6.6879,6.4915,13.9139,13.442,15.6342,14.8692,"MCO/SSR","Île-de-France",420,433,249789.64473682,1713,0,0.102,0.00892857142857143,"cluster_job_07","cluster_job_07_sim30"
31,"random_MCO","type_random","Low",1,"570000901",TRUE,3,0,1e-04,0,0,0,0,0,0,"MCO","Grand-Est",34,44,5294.59157142046,233,0,0.0549,0.0127551020408163,"cluster_job_07","cluster_job_07_sim31"
32,"random_MCO","type_random","Low",2,"410007553",TRUE,3,0,0,0,0,0,0,0,0,"MCO","Centre-Val de Loire",6,8,2090.05593810535,148,0,0.0549,0.0127551020408163,"cluster_job_07","cluster_job_07_sim32"
33,"random_MCO","type_random","Low",3,"310016977",TRUE,5,0,0,0,0,0,0,0,0,"MCO","Occitanie",71,60,10593.5022301954,329,0,0.0549,0.0127551020408163,"cluster_job_07","cluster_job_07_sim33"
34,"random_MCO","type_random","Low",4,"370000093",TRUE,1,0,0,0,0,0,0,0,0,"MCO","Centre-Val de Loire",56,79,11723.8014974209,325,0,0.0549,0.0127551020408163,"cluster_job_07","cluster_job_07_sim34"
35,"random_MCO","type_random","Low",5,"160015368",TRUE,2,0,0,0,0,0,0,0,0,"MCO","Nouvelle-Aquitaine",22,28,7307.93630604724,102,0,0.0549,0.0127551020408163,"cluster_job_07","cluster_job_07_sim35"
36,"random_MCO","type_random","Low",6,"840000285",TRUE,1,0,0,0,0,0,0,0,0,"MCO","Provence-Alpes-Côte d'Azur",9,15,119.641743295889,48,0,0.0549,0.0127551020408163,"cluster_job_07","cluster_job_07_sim36"
37,"random_MCO","type_random","Low",7,"210987731",TRUE,2,0,0,0,0,0,0,0,0,"MCO","Bourgogne-Franche-Comté",74,65,19602.0222503828,166,0,0.0549,0.0127551020408163,"cluster_job_07","cluster_job_07_sim37"
38,"random_MCO","type_random","Low",8,"940000649",FALSE,34,0.007,0.0039,0.0277,0.0141,0.0656,0.0372,0.0745,0.0421,"MCO","Île-de-France",78,128,10016.747848073,350,0,0.0549,0.0127551020408163,"cluster_job_07","cluster_job_07_sim38"
39,"random_MCO","type_random","Low",9,"640019634",TRUE,4,1e-04,2e-04,0,0,0,0,0,0,"MCO","Nouvelle-Aquitaine",9,18,162.219207004836,36,0,0.0549,0.0127551020408163,"cluster_job_07","cluster_job_07_sim39"
40,"random_MCO","type_random","Low",10,"350002804",TRUE,4,0,0,0,0,0,0,0,0,"MCO","Bretagne",28,28,12468.7270930699,148,0,0.0549,0.0127551020408163,"cluster_job_07","cluster_job_07_sim40"
41,"random_MCO","type_random","Low",11,"080010473",TRUE,3,0,0,0,0,0,0,0,0,"MCO","Grand-Est",11,17,49.6128725310536,50,0,0.0549,0.0127551020408163,"cluster_job_07","cluster_job_07_sim41"
42,"random_MCO","type_random","Low",12,"340009885",TRUE,3,0,0,0,0,0,0,0,0,"MCO","Occitanie",20,42,6372.73155854933,100,0,0.0549,0.0127551020408163,"cluster_job_07","cluster_job_07_sim42"
43,"random_MCO","type_random","Low",13,"890975550",TRUE,2,0,0,0,0,0,0,0,0,"MCO","Bourgogne-Franche-Comté",78,101,22325.0100097615,328,0,0.0549,0.0127551020408163,"cluster_job_07","cluster_job_07_sim43"
44,"random_MCO","type_random","Low",14,"060021276",TRUE,2,0,0,0,0,0,0,0,0,"MCO","Provence-Alpes-Côte d'Azur",4,3,17.120365238354,148,0,0.0549,0.0127551020408163,"cluster_job_07","cluster_job_07_sim44"
45,"random_MCO","type_random","Low",15,"600000467",TRUE,1,0,0,0,0,0,0,0,0,"MCO","Hauts-de-France",69,90,9138.13490451475,298,0,0.0549,0.0127551020408163,"cluster_job_07","cluster_job_07_sim45"
46,"random_MCO","type_random","Moderate",1,"690023411",TRUE,3,0,0,0,0,0,0,0,0,"MCO","Auvergne-Rhône-Alpes",104,128,27668.9327874376,249,0,0.102,0.00892857142857143,"cluster_job_07","cluster_job_07_sim46"
47,"random_MCO","type_random","Moderate",2,"780022737",TRUE,2,0,0,0,0,0,0,0,0,"MCO","Île-de-France",27,50,1058.14181320164,76,0,0.102,0.00892857142857143,"cluster_job_07","cluster_job_07_sim47"
48,"random_MCO","type_random","Moderate",3,"130002215",FALSE,693,0.4973,0.4864,2.1911,2.1361,4.4727,4.3859,5.1802,4.9889,"MCO","Provence-Alpes-Côte d'Azur",35,80,12942.8447706584,117,0,0.102,0.00892857142857143,"cluster_job_07","cluster_job_07_sim48"
49,"random_MCO","type_random","Moderate",4,"510000185",TRUE,2,0,0,0,0,0,0,0,0,"MCO","Grand-Est",44,45,18361.4393347307,151,0,0.102,0.00892857142857143,"cluster_job_07","cluster_job_07_sim49"
50,"random_MCO","type_random","Moderate",5,"360002133",TRUE,4,0,0,0,0,0,0,0,0,"MCO","Centre-Val de Loire",15,13,5992.26031153907,148,0,0.102,0.00892857142857143,"cluster_job_07","cluster_job_07_sim50"
51,"random_MCO","type_random","Moderate",6,"050000223",TRUE,2,0,2e-04,0,0,0,0,0,0,"MCO","Provence-Alpes-Côte d'Azur",6,3,287.106776828074,6,0,0.102,0.00892857142857143,"cluster_job_07","cluster_job_07_sim51"
52,"random_MCO","type_random","Moderate",7,"680000338",TRUE,2,0,0,0,0,0,0,0,0,"MCO","Grand-Est",13,14,3914.84708032307,148,0,0.102,0.00892857142857143,"cluster_job_07","cluster_job_07_sim52"
53,"random_MCO","type_random","Moderate",8,"830100582",TRUE,2,0,0,0,0,0,0,0,0,"MCO","Provence-Alpes-Côte d'Azur",22,23,1205.42321445891,148,0,0.102,0.00892857142857143,"cluster_job_07","cluster_job_07_sim53"
54,"random_MCO","type_random","Moderate",9,"560000135",TRUE,3,0,0,0,0,0,0,0,0,"MCO","Bretagne",60,87,27776.5317316274,648,0,0.102,0.00892857142857143,"cluster_job_07","cluster_job_07_sim54"
55,"random_MCO","type_random","Moderate",10,"640780946",TRUE,2,0,0,0,0,0,0,0,0,"MCO","Nouvelle-Aquitaine",37,53,3348.91834928256,202,0,0.102,0.00892857142857143,"cluster_job_07","cluster_job_07_sim55"
56,"random_MCO","type_random","Moderate",11,"330000662",TRUE,3,0,0,0,0,0,0,0,0,"MCO","Nouvelle-Aquitaine",78,78,14462.575149977,139,0,0.102,0.00892857142857143,"cluster_job_07","cluster_job_07_sim56"
57,"random_MCO","type_random","Moderate",12,"210780789",FALSE,1649,2.087,1.9477,7.1359,6.9668,14.6093,14.1707,16.5014,15.7514,"MCO","Bourgogne-Franche-Comté",32,42,10370.7341792726,97,0,0.102,0.00892857142857143,"cluster_job_07","cluster_job_07_sim57"
58,"random_MCO","type_random","Moderate",13,"060780590",TRUE,3,0,0,0,0,0,0,0,0,"MCO","Provence-Alpes-Côte d'Azur",11,18,91.0692689635381,37,0,0.102,0.00892857142857143,"cluster_job_07","cluster_job_07_sim58"
59,"random_MCO","type_random","Moderate",14,"940000078",TRUE,3,0,0,0,0,0,0,0,0,"MCO","Île-de-France",6,4,130.107726965522,148,0,0.102,0.00892857142857143,"cluster_job_07","cluster_job_07_sim59"
60,"random_MCO","type_random","Moderate",15,"930817333",TRUE,4,0,0,0,0,0,0,0,0,"MCO","Île-de-France",16,14,338.281644680566,148,0,0.102,0.00892857142857143,"cluster_job_07","cluster_job_07_sim60"
61,"random_MCO_SSR","type_random","Low",1,"730783644",TRUE,4,1e-04,1e-04,0,0,0,0,0,0,"MCO/SSR","Auvergne-Rhône-Alpes",18,21,3197.95408842945,188,0,0.0549,0.0127551020408163,"cluster_job_07","cluster_job_07_sim61"
62,"random_MCO_SSR","type_random","Low",2,"140000340",TRUE,5,0,0,0,0,0,0,0,0,"MCO/SSR","Normandie",25,5,382.930339645788,79,0,0.0549,0.0127551020408163,"cluster_job_07","cluster_job_07_sim62"
63,"random_MCO_SSR","type_random","Low",3,"710006859",TRUE,3,0,0,0,0,0,0,0,0,"MCO/SSR","Bourgogne-Franche-Comté",19,28,2288.60259376032,105,0,0.0549,0.0127551020408163,"cluster_job_07","cluster_job_07_sim63"
64,"random_MCO_SSR","type_random","Low",4,"060789195",TRUE,3,0,1e-04,0,0,0,0,0,0,"MCO/SSR","Provence-Alpes-Côte d'Azur",83,89,54379.5423449777,409,0,0.0549,0.0127551020408163,"cluster_job_07","cluster_job_07_sim64"
65,"random_MCO_SSR","type_random","Low",5,"390000065",TRUE,3,0,0,0,0,0,0,0,0,"MCO/SSR","Bourgogne-Franche-Comté",19,32,2977.9189946197,72,0,0.0549,0.0127551020408163,"cluster_job_07","cluster_job_07_sim65"
66,"random_MCO_SSR","type_random","Low",6,"660000167",FALSE,36,0.0181,0.0176,0.0469,0.0445,0.115,0.1097,0.1284,0.1225,"MCO/SSR","Occitanie",14,14,2376.66145273161,45,0,0.0549,0.0127551020408163,"cluster_job_07","cluster_job_07_sim66"
67,"random_MCO_SSR","type_random","Low",7,"030780548",TRUE,3,0,0,0,0,0,0,0,0,"MCO/SSR","Auvergne-Rhône-Alpes",21,17,1198.68326450909,128,0,0.0549,0.0127551020408163,"cluster_job_07","cluster_job_07_sim67"
68,"random_MCO_SSR","type_random","Low",8,"580004836",TRUE,2,0,0,0,0,0,0,0,0,"MCO/SSR","Bourgogne-Franche-Comté",11,18,208.832919286621,80,0,0.0549,0.0127551020408163,"cluster_job_07","cluster_job_07_sim68"
69,"random_MCO_SSR","type_random","Low",9,"100000116",TRUE,2,0,0,0,0,0,0,0,0,"MCO/SSR","Grand-Est",19,11,1518.14688255163,51,0,0.0549,0.0127551020408163,"cluster_job_07","cluster_job_07_sim69"
70,"random_MCO_SSR","type_random","Low",10,"940300445",TRUE,4,0,0,0,0,0,0,0,0,"MCO/SSR","Île-de-France",46,71,2993.64085849352,97,0,0.0549,0.0127551020408163,"cluster_job_07","cluster_job_07_sim70"
71,"random_MCO_SSR","type_random","Low",11,"680004553",TRUE,5,0,0,0,0,0,0,0,0,"MCO/SSR","Grand-Est",9,7,799.622943728629,82,0,0.0549,0.0127551020408163,"cluster_job_07","cluster_job_07_sim71"
72,"random_MCO_SSR","type_random","Low",12,"790000681",TRUE,3,0,0,0,0,0,0,0,0,"MCO/SSR","Nouvelle-Aquitaine",44,14,7104.36987388393,153,0,0.0549,0.0127551020408163,"cluster_job_07","cluster_job_07_sim72"
73,"random_MCO_SSR","type_random","Low",13,"350005021",TRUE,2,0,0,0,0,0,0,0,0,"MCO/SSR","Bretagne",28,20,3952.17155857594,233,0,0.0549,0.0127551020408163,"cluster_job_07","cluster_job_07_sim73"
74,"random_MCO_SSR","type_random","Low",14,"290000173",FALSE,67,0.0388,0.0256,0.0824,0.0577,0.2245,0.1547,0.2419,0.1657,"MCO/SSR","Bretagne",16,30,4685.72183909434,150,0,0.0549,0.0127551020408163,"cluster_job_07","cluster_job_07_sim74"
75,"random_MCO_SSR","type_random","Low",15,"590000121",TRUE,2,0,0,0,0,0,0,0,0,"MCO/SSR","Hauts-de-France",48,51,6986.6187412094,358,0,0.0549,0.0127551020408163,"cluster_job_07","cluster_job_07_sim75"
76,"random_MCO_SSR","type_random","Moderate",1,"060000304",TRUE,2,0,0,0,0,0,0,0,0,"MCO/SSR","Provence-Alpes-Côte d'Azur",5,5,30.3736614601874,16,0,0.102,0.00892857142857143,"cluster_job_07","cluster_job_07_sim76"
77,"random_MCO_SSR","type_random","Moderate",2,"870000064",TRUE,5,1e-04,0,0,0,0,0,0,0,"MCO/SSR","Nouvelle-Aquitaine",105,145,116851.713769718,815,0,0.102,0.00892857142857143,"cluster_job_07","cluster_job_07_sim77"
78,"random_MCO_SSR","type_random","Moderate",3,"2B0005664",FALSE,152,0.0477,0.0463,0.2877,0.1911,0.583,0.3739,0.7134,0.4444,"MCO/SSR","Corse",14,7,872.86295802549,36,0,0.102,0.00892857142857143,"cluster_job_07","cluster_job_07_sim78"
79,"random_MCO_SSR","type_random","Moderate",4,"170000111",TRUE,5,4e-04,0.0014,0,0,0,0,0,0,"MCO/SSR","Nouvelle-Aquitaine",10,3,25.7568430498209,30,0,0.102,0.00892857142857143,"cluster_job_07","cluster_job_07_sim79"
80,"random_MCO_SSR","type_random","Moderate",5,"380000042",TRUE,2,0,0,0,0,0,0,0,0,"MCO/SSR","Auvergne-Rhône-Alpes",36,39,1655.66918145547,154,0,0.102,0.00892857142857143,"cluster_job_07","cluster_job_07_sim80"
81,"random_MCO_SSR","type_random","Moderate",6,"690784194",FALSE,1748,2.0584,1.9103,7.5023,7.4723,15.6955,15.6173,17.6139,17.1735,"MCO/SSR","Auvergne-Rhône-Alpes",31,22,3287.60753417066,175,0,0.102,0.00892857142857143,"cluster_job_07","cluster_job_07_sim81"
82,"random_MCO_SSR","type_random","Moderate",7,"600000020",FALSE,1057,0.8947,0.7524,4.0988,3.6373,8.4569,7.3659,9.6482,8.3573,"MCO/SSR","Hauts-de-France",26,11,210.990010321075,32,0,0.102,0.00892857142857143,"cluster_job_07","cluster_job_07_sim82"
83,"random_MCO_SSR","type_random","Moderate",8,"400780482",FALSE,1558,1.484,1.3446,6.331,6.0529,13.0204,12.3129,14.7656,13.7419,"MCO/SSR","Nouvelle-Aquitaine",8,6,118.013225977035,99,0,0.102,0.00892857142857143,"cluster_job_07","cluster_job_07_sim83"
84,"random_MCO_SSR","type_random","Moderate",9,"850000183",TRUE,9,3e-04,0.0011,0,0,0,0,0,0,"MCO/SSR","Pays de la Loire",12,8,396.923881358685,26,0,0.102,0.00892857142857143,"cluster_job_07","cluster_job_07_sim84"
85,"random_MCO_SSR","type_random","Moderate",10,"430000190",TRUE,4,0,0,0,0,0,0,0,0,"MCO/SSR","Auvergne-Rhône-Alpes",16,27,1844.74129680723,94,0,0.102,0.00892857142857143,"cluster_job_07","cluster_job_07_sim85"
86,"random_MCO_SSR","type_random","Moderate",11,"310783055",TRUE,1,0,0,0,0,0,0,0,0,"MCO/SSR","Occitanie",170,188,98258.5511063162,844,0,0.102,0.00892857142857143,"cluster_job_07","cluster_job_07_sim86"
87,"random_MCO_SSR","type_random","Moderate",12,"110780236",TRUE,2,0,0,0,0,0,0,0,0,"MCO/SSR","Occitanie",18,8,2833.81812618762,29,0,0.102,0.00892857142857143,"cluster_job_07","cluster_job_07_sim87"
88,"random_MCO_SSR","type_random","Moderate",13,"060791811",TRUE,1,0,0,0,0,0,0,0,0,"MCO/SSR","Provence-Alpes-Côte d'Azur",37,37,5946.59445717131,155,0,0.102,0.00892857142857143,"cluster_job_07","cluster_job_07_sim88"
89,"random_MCO_SSR","type_random","Moderate",14,"770000149",FALSE,1572,1.9598,1.7133,6.3747,6.2158,13.3643,12.9207,15.0174,14.2041,"MCO/SSR","Île-de-France",56,77,3520.06280127324,216,0,0.102,0.00892857142857143,"cluster_job_07","cluster_job_07_sim89"
90,"random_MCO_SSR","type_random","Moderate",15,"740000062",FALSE,1128,0.7328,0.6243,3.6996,3.166,7.2655,6.1665,8.5707,7.1633,"MCO/SSR","Auvergne-Rhône-Alpes",24,17,1793.27822296811,116,0,0.102,0.00892857142857143,"cluster_job_07","cluster_job_07_sim90"
91,"random_SSR","type_random","Low",1,"2A0022554",TRUE,7,9e-04,0.0014,0,0,0,0,0,0,"SSR","Corse",4,5,74.7699057846213,78,0,0.0549,0.0127551020408163,"cluster_job_07","cluster_job_07_sim91"
92,"random_SSR","type_random","Low",2,"830206298",TRUE,3,0,2e-04,0,0,0,0,0,0,"SSR","Provence-Alpes-Côte d'Azur",12,8,640.721238780405,33,0,0.0549,0.0127551020408163,"cluster_job_07","cluster_job_07_sim92"
93,"random_SSR","type_random","Low",3,"750032229",TRUE,3,0,0,0,0,0,0,0,0,"SSR","Île-de-France",20,4,8.97244138799449,93,0,0.0549,0.0127551020408163,"cluster_job_07","cluster_job_07_sim93"
94,"random_SSR","type_random","Low",4,"590785424",TRUE,3,0,0,0,0,0,0,0,0,"SSR","Hauts-de-France",6,1,41.8691103571575,47,0,0.0549,0.0127551020408163,"cluster_job_07","cluster_job_07_sim94"
95,"random_SSR","type_random","Low",5,"830100087",FALSE,26,0.008,0.0085,0.0242,0.0279,0.0623,0.0703,0.071,0.0786,"SSR","Provence-Alpes-Côte d'Azur",30,14,823.320926272058,140,0,0.0549,0.0127551020408163,"cluster_job_07","cluster_job_07_sim95"
96,"random_SSR","type_random","Low",6,"190009985",TRUE,3,0,1e-04,0,0,0,0,0,0,"SSR","Nouvelle-Aquitaine",2,1,35.3543546841373,6,0,0.0549,0.0127551020408163,"cluster_job_07","cluster_job_07_sim96"
97,"random_SSR","type_random","Low",7,"620117606",TRUE,3,0,1e-04,0,0,0,0,0,0,"SSR","Hauts-de-France",18,8,282.528458812123,23,0,0.0549,0.0127551020408163,"cluster_job_07","cluster_job_07_sim97"
98,"random_SSR","type_random","Low",8,"800012528",TRUE,2,0,0,0,0,0,0,0,0,"SSR","Hauts-de-France",24,9,2368.48086002858,89,0,0.0549,0.0127551020408163,"cluster_job_07","cluster_job_07_sim98"
99,"random_SSR","type_random","Low",9,"370000515",TRUE,6,0.0011,0.0015,0,0,0,0,0,0,"SSR","Centre-Val de Loire",13,7,144.968616660832,94,0,0.0549,0.0127551020408163,"cluster_job_07","cluster_job_07_sim99"
100,"random_SSR","type_random","Low",10,"820003218",TRUE,1,0,0,0,0,0,0,0,0,"SSR","Occitanie",39,24,7073.25161751913,177,0,0.0549,0.0127551020408163,"cluster_job_07","cluster_job_07_sim100"
101,"random_SSR","type_random","Low",11,"590797387",FALSE,25,0.0123,0.0067,0.0191,0.0111,0.0485,0.028,0.0534,0.0309,"SSR","Hauts-de-France",41,22,2296.97957385236,269,0,0.0549,0.0127551020408163,"cluster_job_07","cluster_job_07_sim101"
102,"random_SSR","type_random","Low",12,"130008238",TRUE,2,0,0,0,0,0,0,0,0,"SSR","Provence-Alpes-Côte d'Azur",36,19,1483.0018780416,113,0,0.0549,0.0127551020408163,"cluster_job_07","cluster_job_07_sim102"
103,"random_SSR","type_random","Low",13,"140025362",TRUE,2,0,0,0,0,0,0,0,0,"SSR","Normandie",6,4,5.60714285714286,38,0,0.0549,0.0127551020408163,"cluster_job_07","cluster_job_07_sim103"
104,"random_SSR","type_random","Low",14,"130043854",FALSE,27,0.0104,0.009,0.0278,0.0235,0.0855,0.074,0.0884,0.0765,"SSR","Provence-Alpes-Côte d'Azur",23,11,60.0062440485387,141,0,0.0549,0.0127551020408163,"cluster_job_07","cluster_job_07_sim104"
105,"random_SSR","type_random","Low",15,"660780743",TRUE,2,0,0,0,0,0,0,0,0,"SSR","Occitanie",32,15,4591.66870378057,261,0,0.0549,0.0127551020408163,"cluster_job_07","cluster_job_07_sim105"
106,"random_SSR","type_random","Moderate",1,"810004200",FALSE,778,0.4558,0.5285,2.1265,2.3664,4.0785,4.6116,4.8005,5.2147,"SSR","Occitanie",29,15,1181.67426982544,80,0,0.102,0.00892857142857143,"cluster_job_07","cluster_job_07_sim106"
107,"random_SSR","type_random","Moderate",2,"730780681",FALSE,1223,1.0508,0.9158,4.5396,4.1913,9.2176,8.4842,10.7074,9.6612,"SSR","Auvergne-Rhône-Alpes",34,10,1027.37244788442,123,0,0.102,0.00892857142857143,"cluster_job_07","cluster_job_07_sim107"
108,"random_SSR","type_random","Moderate",3,"110780194",TRUE,3,1e-04,1e-04,0,0,0,0,0,0,"SSR","Occitanie",22,21,2184.34037272945,72,0,0.102,0.00892857142857143,"cluster_job_07","cluster_job_07_sim108"
109,"random_SSR","type_random","Moderate",4,"590001442",FALSE,837,0.7416,0.6361,3.1695,2.8518,6.169,5.504,7.2277,6.3091,"SSR","Hauts-de-France",46,20,9951.62876814262,261,0,0.102,0.00892857142857143,"cluster_job_07","cluster_job_07_sim109"
110,"random_SSR","type_random","Moderate",5,"680000692",TRUE,2,0,0,0,0,0,0,0,0,"SSR","Grand-Est",12,9,1545.62613818576,21,0,0.102,0.00892857142857143,"cluster_job_07","cluster_job_07_sim110"
111,"random_SSR","type_random","Moderate",6,"680020427",TRUE,3,1e-04,1e-04,0,0,0,0,0,0,"SSR","Grand-Est",11,4,2201.30090840604,27,0,0.102,0.00892857142857143,"cluster_job_07","cluster_job_07_sim111"
112,"random_SSR","type_random","Moderate",7,"070780234",TRUE,2,2e-04,7e-04,0,0,0,0,0,0,"SSR","Auvergne-Rhône-Alpes",29,8,2966.02129714905,30,0,0.102,0.00892857142857143,"cluster_job_07","cluster_job_07_sim112"
113,"random_SSR","type_random","Moderate",8,"880780465",TRUE,5,0,1e-04,0,0,0,0,0,0,"SSR","Grand-Est",1,3,23.0688199928396,44,0,0.102,0.00892857142857143,"cluster_job_07","cluster_job_07_sim113"
114,"random_SSR","type_random","Moderate",9,"490543675",FALSE,645,0.3166,0.2762,1.8154,1.6942,3.3054,2.9952,3.9944,3.5334,"SSR","Pays de la Loire",15,3,0,219,0,0.102,0.00892857142857143,"cluster_job_07","cluster_job_07_sim114"
115,"random_SSR","type_random","Moderate",10,"740000278",TRUE,3,0,0,0,0,0,0,0,0,"SSR","Auvergne-Rhône-Alpes",14,3,36.4835410103105,29,0,0.102,0.00892857142857143,"cluster_job_07","cluster_job_07_sim115"
116,"random_SSR","type_random","Moderate",11,"310781174",TRUE,3,0,0,0,0,0,0,0,0,"SSR","Occitanie",23,22,2770.10394192465,140,0,0.102,0.00892857142857143,"cluster_job_07","cluster_job_07_sim116"
117,"random_SSR","type_random","Moderate",12,"460785900",FALSE,1341,0.9907,0.9707,5.0427,4.7624,9.6061,9.1514,11.2729,10.4009,"SSR","Occitanie",8,4,91.41554346846,44,0,0.102,0.00892857142857143,"cluster_job_07","cluster_job_07_sim117"
118,"random_SSR","type_random","Moderate",13,"300780442",FALSE,681,0.3503,0.3639,1.8995,1.7988,3.3767,3.318,4.2382,3.9456,"SSR","Occitanie",28,21,1086.1021841486,60,0,0.102,0.00892857142857143,"cluster_job_07","cluster_job_07_sim118"
119,"random_SSR","type_random","Moderate",14,"440053387",FALSE,1353,1.3334,1.2849,5.2924,5.1793,10.5529,10.2666,12.0669,11.546,"SSR","Pays de la Loire",21,12,653.761841037462,204,0,0.102,0.00892857142857143,"cluster_job_07","cluster_job_07_sim119"
120,"random_SSR","type_random","Moderate",15,"340780816",FALSE,410,0.1411,0.1287,0.9982,0.8424,1.7344,1.5137,2.1952,1.8581,"SSR","Occitanie",24,16,365.591572512556,56,0,0.102,0.00892857142857143,"cluster_job_07","cluster_job_07_sim120"
1,"highest_betweenness + highest_in_degree + highest_out_degree + largest_beds + largest_outgoing","fixed","Low",1,"750100125",FALSE,145,0.0715,0.0399,0.2228,0.1348,0.6693,0.3565,0.7382,0.3955,"MCO/SSR","Île-de-France",420,433,249789.64473682,1713,0,0.0549,0.0127551020408163,"cluster_job_08","cluster_job_08_sim1"
2,"highest_betweenness + highest_in_degree + highest_out_degree + largest_beds + largest_outgoing","fixed","Low",2,"750100125",TRUE,2,0,0,0,0,0,0,0,0,"MCO/SSR","Île-de-France",420,433,249789.64473682,1713,0,0.0549,0.0127551020408163,"cluster_job_08","cluster_job_08_sim2"
3,"highest_betweenness + highest_in_degree + highest_out_degree + largest_beds + largest_outgoing","fixed","Low",3,"750100125",TRUE,2,0,0,0,0,0,0,0,0,"MCO/SSR","Île-de-France",420,433,249789.64473682,1713,0,0.0549,0.0127551020408163,"cluster_job_08","cluster_job_08_sim3"
4,"highest_betweenness + highest_in_degree + highest_out_degree + largest_beds + largest_outgoing","fixed","Low",4,"750100125",TRUE,3,1e-04,0,0,0,0,0,0,0,"MCO/SSR","Île-de-France",420,433,249789.64473682,1713,0,0.0549,0.0127551020408163,"cluster_job_08","cluster_job_08_sim4"
5,"highest_betweenness + highest_in_degree + highest_out_degree + largest_beds + largest_outgoing","fixed","Low",5,"750100125",TRUE,2,0,0,0,0,0,0,0,0,"MCO/SSR","Île-de-France",420,433,249789.64473682,1713,0,0.0549,0.0127551020408163,"cluster_job_08","cluster_job_08_sim5"
6,"highest_betweenness + highest_in_degree + highest_out_degree + largest_beds + largest_outgoing","fixed","Low",6,"750100125",TRUE,2,0,0,0,0,0,0,0,0,"MCO/SSR","Île-de-France",420,433,249789.64473682,1713,0,0.0549,0.0127551020408163,"cluster_job_08","cluster_job_08_sim6"
7,"highest_betweenness + highest_in_degree + highest_out_degree + largest_beds + largest_outgoing","fixed","Low",7,"750100125",TRUE,2,0,0,0,0,0,0,0,0,"MCO/SSR","Île-de-France",420,433,249789.64473682,1713,0,0.0549,0.0127551020408163,"cluster_job_08","cluster_job_08_sim7"
8,"highest_betweenness + highest_in_degree + highest_out_degree + largest_beds + largest_outgoing","fixed","Low",8,"750100125",TRUE,1,0,0,0,0,0,0,0,0,"MCO/SSR","Île-de-France",420,433,249789.64473682,1713,0,0.0549,0.0127551020408163,"cluster_job_08","cluster_job_08_sim8"
9,"highest_betweenness + highest_in_degree + highest_out_degree + largest_beds + largest_outgoing","fixed","Low",9,"750100125",TRUE,3,0,0,0,0,0,0,0,0,"MCO/SSR","Île-de-France",420,433,249789.64473682,1713,0,0.0549,0.0127551020408163,"cluster_job_08","cluster_job_08_sim9"
10,"highest_betweenness + highest_in_degree + highest_out_degree + largest_beds + largest_outgoing","fixed","Low",10,"750100125",TRUE,1,0,0,0,0,0,0,0,0,"MCO/SSR","Île-de-France",420,433,249789.64473682,1713,0,0.0549,0.0127551020408163,"cluster_job_08","cluster_job_08_sim10"
11,"highest_betweenness + highest_in_degree + highest_out_degree + largest_beds + largest_outgoing","fixed","Low",11,"750100125",TRUE,5,0,0,0,0,0,0,0,0,"MCO/SSR","Île-de-France",420,433,249789.64473682,1713,0,0.0549,0.0127551020408163,"cluster_job_08","cluster_job_08_sim11"
12,"highest_betweenness + highest_in_degree + highest_out_degree + largest_beds + largest_outgoing","fixed","Low",12,"750100125",TRUE,2,0,0,0,0,0,0,0,0,"MCO/SSR","Île-de-France",420,433,249789.64473682,1713,0,0.0549,0.0127551020408163,"cluster_job_08","cluster_job_08_sim12"
13,"highest_betweenness + highest_in_degree + highest_out_degree + largest_beds + largest_outgoing","fixed","Low",13,"750100125",TRUE,2,0,0,0,0,0,0,0,0,"MCO/SSR","Île-de-France",420,433,249789.64473682,1713,0,0.0549,0.0127551020408163,"cluster_job_08","cluster_job_08_sim13"
14,"highest_betweenness + highest_in_degree + highest_out_degree + largest_beds + largest_outgoing","fixed","Low",14,"750100125",TRUE,2,0,0,0,0,0,0,0,0,"MCO/SSR","Île-de-France",420,433,249789.64473682,1713,0,0.0549,0.0127551020408163,"cluster_job_08","cluster_job_08_sim14"
15,"highest_betweenness + highest_in_degree + highest_out_degree + largest_beds + largest_outgoing","fixed","Low",15,"750100125",TRUE,1,0,0,0,0,0,0,0,0,"MCO/SSR","Île-de-France",420,433,249789.64473682,1713,0,0.0549,0.0127551020408163,"cluster_job_08","cluster_job_08_sim15"
16,"highest_betweenness + highest_in_degree + highest_out_degree + largest_beds + largest_outgoing","fixed","Moderate",1,"750100125",FALSE,1533,2.0081,1.768,6.5327,6.2499,13.5225,12.9361,15.2179,14.2377,"MCO/SSR","Île-de-France",420,433,249789.64473682,1713,0,0.102,0.00892857142857143,"cluster_job_08","cluster_job_08_sim16"
17,"highest_betweenness + highest_in_degree + highest_out_degree + largest_beds + largest_outgoing","fixed","Moderate",2,"750100125",FALSE,1729,2.4076,2.1562,7.5662,7.3862,15.7649,15.4795,17.6179,16.9108,"MCO/SSR","Île-de-France",420,433,249789.64473682,1713,0,0.102,0.00892857142857143,"cluster_job_08","cluster_job_08_sim17"
18,"highest_betweenness + highest_in_degree + highest_out_degree + largest_beds + largest_outgoing","fixed","Moderate",3,"750100125",FALSE,1711,2.4329,2.1729,7.5925,7.3973,15.7112,15.2933,17.6996,16.8275,"MCO/SSR","Île-de-France",420,433,249789.64473682,1713,0,0.102,0.00892857142857143,"cluster_job_08","cluster_job_08_sim18"
19,"highest_betweenness + highest_in_degree + highest_out_degree + largest_beds + largest_outgoing","fixed","Moderate",4,"750100125",FALSE,1523,1.8685,1.6393,6.4432,6.2265,13.4035,12.9152,15.0665,14.2384,"MCO/SSR","Île-de-France",420,433,249789.64473682,1713,0,0.102,0.00892857142857143,"cluster_job_08","cluster_job_08_sim19"
20,"highest_betweenness + highest_in_degree + highest_out_degree + largest_beds + largest_outgoing","fixed","Moderate",5,"750100125",FALSE,1610,2.1444,1.9326,6.8156,6.6091,14.1699,13.8282,15.9626,15.2297,"MCO/SSR","Île-de-France",420,433,249789.64473682,1713,0,0.102,0.00892857142857143,"cluster_job_08","cluster_job_08_sim20"
21,"highest_betweenness + highest_in_degree + highest_out_degree + largest_beds + largest_outgoing","fixed","Moderate",6,"750100125",TRUE,4,0,0,0,0,0,0,0,0,"MCO/SSR","Île-de-France",420,433,249789.64473682,1713,0,0.102,0.00892857142857143,"cluster_job_08","cluster_job_08_sim21"
22,"highest_betweenness + highest_in_degree + highest_out_degree + largest_beds + largest_outgoing","fixed","Moderate",7,"750100125",FALSE,1311,1.4683,1.2376,5.2477,4.8709,11.0974,10.2528,12.4842,11.2963,"MCO/SSR","Île-de-France",420,433,249789.64473682,1713,0,0.102,0.00892857142857143,"cluster_job_08","cluster_job_08_sim22"
23,"highest_betweenness + highest_in_degree + highest_out_degree + largest_beds + largest_outgoing","fixed","Moderate",8,"750100125",TRUE,3,0,0,0,0,0,0,0,0,"MCO/SSR","Île-de-France",420,433,249789.64473682,1713,0,0.102,0.00892857142857143,"cluster_job_08","cluster_job_08_sim23"
24,"highest_betweenness + highest_in_degree + highest_out_degree + largest_beds + largest_outgoing","fixed","Moderate",9,"750100125",TRUE,2,0,0,0,0,0,0,0,0,"MCO/SSR","Île-de-France",420,433,249789.64473682,1713,0,0.102,0.00892857142857143,"cluster_job_08","cluster_job_08_sim24"
25,"highest_betweenness + highest_in_degree + highest_out_degree + largest_beds + largest_outgoing","fixed","Moderate",10,"750100125",TRUE,3,0,0,0,0,0,0,0,0,"MCO/SSR","Île-de-France",420,433,249789.64473682,1713,0,0.102,0.00892857142857143,"cluster_job_08","cluster_job_08_sim25"
26,"highest_betweenness + highest_in_degree + highest_out_degree + largest_beds + largest_outgoing","fixed","Moderate",11,"750100125",TRUE,2,0,0,0,0,0,0,0,0,"MCO/SSR","Île-de-France",420,433,249789.64473682,1713,0,0.102,0.00892857142857143,"cluster_job_08","cluster_job_08_sim26"
27,"highest_betweenness + highest_in_degree + highest_out_degree + largest_beds + largest_outgoing","fixed","Moderate",12,"750100125",TRUE,2,0,0,0,0,0,0,0,0,"MCO/SSR","Île-de-France",420,433,249789.64473682,1713,0,0.102,0.00892857142857143,"cluster_job_08","cluster_job_08_sim27"
28,"highest_betweenness + highest_in_degree + highest_out_degree + largest_beds + largest_outgoing","fixed","Moderate",13,"750100125",TRUE,1,0,0,0,0,0,0,0,0,"MCO/SSR","Île-de-France",420,433,249789.64473682,1713,0,0.102,0.00892857142857143,"cluster_job_08","cluster_job_08_sim28"
29,"highest_betweenness + highest_in_degree + highest_out_degree + largest_beds + largest_outgoing","fixed","Moderate",14,"750100125",FALSE,1588,2.1905,1.9063,6.661,6.5111,13.9003,13.4653,15.6037,14.8531,"MCO/SSR","Île-de-France",420,433,249789.64473682,1713,0,0.102,0.00892857142857143,"cluster_job_08","cluster_job_08_sim29"
30,"highest_betweenness + highest_in_degree + highest_out_degree + largest_beds + largest_outgoing","fixed","Moderate",15,"750100125",FALSE,1710,2.4439,2.2487,7.5784,7.6126,15.7544,15.7273,17.7808,17.3929,"MCO/SSR","Île-de-France",420,433,249789.64473682,1713,0,0.102,0.00892857142857143,"cluster_job_08","cluster_job_08_sim30"
31,"random_MCO","type_random","Low",1,"930100045",TRUE,5,0,0,0,0,0,0,0,0,"MCO","Île-de-France",52,63,4115.4314053545,142,0,0.0549,0.0127551020408163,"cluster_job_08","cluster_job_08_sim31"
32,"random_MCO","type_random","Low",2,"940300270",TRUE,2,0,0,0,0,0,0,0,0,"MCO","Île-de-France",97,117,8259.44121210432,136,0,0.0549,0.0127551020408163,"cluster_job_08","cluster_job_08_sim32"
33,"random_MCO","type_random","Low",3,"630781821",FALSE,48,0.0254,0.0308,0.0486,0.0586,0.1476,0.171,0.1527,0.1757,"MCO","Auvergne-Rhône-Alpes",12,16,864.217404853553,31,0,0.0549,0.0127551020408163,"cluster_job_08","cluster_job_08_sim33"
34,"random_MCO","type_random","Low",4,"720017839",TRUE,2,0,0,0,0,0,0,0,0,"MCO","Pays de la Loire",8,10,2530.19373569718,148,0,0.0549,0.0127551020408163,"cluster_job_08","cluster_job_08_sim34"
35,"random_MCO","type_random","Low",5,"310025333",TRUE,2,0,0,0,0,0,0,0,0,"MCO","Occitanie",59,54,9012.81567025291,119,0,0.0549,0.0127551020408163,"cluster_job_08","cluster_job_08_sim35"
36,"random_MCO","type_random","Low",6,"910813963",TRUE,4,0,0,0,0,0,0,0,0,"MCO","Île-de-France",4,9,638.061888577214,148,0,0.0549,0.0127551020408163,"cluster_job_08","cluster_job_08_sim36"
37,"random_MCO","type_random","Low",7,"130784481",TRUE,9,1e-04,1e-04,0,0,0,0,0,0,"MCO","Provence-Alpes-Côte d'Azur",46,44,48266.4102997579,148,0,0.0549,0.0127551020408163,"cluster_job_08","cluster_job_08_sim37"
38,"random_MCO","type_random","Low",8,"070000013",TRUE,3,1e-04,6e-04,0,0,0,0,0,0,"MCO","Auvergne-Rhône-Alpes",30,49,4288.77562299278,108,0,0.0549,0.0127551020408163,"cluster_job_08","cluster_job_08_sim38"
39,"random_MCO","type_random","Low",9,"270000326",TRUE,5,1e-04,2e-04,0,0,0,0,0,0,"MCO","Normandie",32,43,3841.97220694873,74,0,0.0549,0.0127551020408163,"cluster_job_08","cluster_job_08_sim39"
40,"random_MCO","type_random","Low",10,"830100418",FALSE,19,0.0056,0.007,0.013,0.0139,0.0396,0.0436,0.0419,0.0454,"MCO","Provence-Alpes-Côte d'Azur",3,11,315.290274875471,27,0,0.0549,0.0127551020408163,"cluster_job_08","cluster_job_08_sim40"
41,"random_MCO","type_random","Low",11,"330782582",TRUE,2,0,0,0,0,0,0,0,0,"MCO","Nouvelle-Aquitaine",35,60,4310.64028447764,123,0,0.0549,0.0127551020408163,"cluster_job_08","cluster_job_08_sim41"
42,"random_MCO","type_random","Low",12,"130783327",TRUE,3,0,0,0,0,0,0,0,0,"MCO","Provence-Alpes-Côte d'Azur",51,75,6470.24605666048,143,0,0.0549,0.0127551020408163,"cluster_job_08","cluster_job_08_sim42"
43,"random_MCO","type_random","Low",13,"330000662",FALSE,30,0.0116,0.0092,0.0451,0.0275,0.1383,0.0799,0.1562,0.0909,"MCO","Nouvelle-Aquitaine",78,78,14462.575149977,139,0,0.0549,0.0127551020408163,"cluster_job_08","cluster_job_08_sim43"
44,"random_MCO","type_random","Low",14,"760780205",FALSE,75,0.0472,0.0384,0.1163,0.0903,0.3304,0.2388,0.361,0.2502,"MCO","Normandie",0,5,0,25,0,0.0549,0.0127551020408163,"cluster_job_08","cluster_job_08_sim44"
45,"random_MCO","type_random","Low",15,"150003416",TRUE,2,0,0,0,0,0,0,0,0,"MCO","Auvergne-Rhône-Alpes",2,2,63.3661097907053,148,0,0.0549,0.0127551020408163,"cluster_job_08","cluster_job_08_sim45"
46,"random_MCO","type_random","Moderate",1,"660780776",TRUE,2,0,0,0,0,0,0,0,0,"MCO","Occitanie",4,15,33.5306361883889,30,0,0.102,0.00892857142857143,"cluster_job_08","cluster_job_08_sim46"
47,"random_MCO","type_random","Moderate",2,"560006348",TRUE,4,1e-04,0,0,0,0,0,0,0,"MCO","Bretagne",6,9,221.970734064726,148,0,0.102,0.00892857142857143,"cluster_job_08","cluster_job_08_sim47"
48,"random_MCO","type_random","Moderate",3,"920000684",TRUE,4,0,0,0,0,0,0,0,0,"MCO","Île-de-France",211,217,84039.0470088496,215,0,0.102,0.00892857142857143,"cluster_job_08","cluster_job_08_sim48"
49,"random_MCO","type_random","Moderate",4,"430000109",FALSE,1774,2.1533,1.9737,7.7389,7.6009,15.9976,15.6129,18.0259,17.2081,"MCO","Auvergne-Rhône-Alpes",13,18,113.778674329169,48,0,0.102,0.00892857142857143,"cluster_job_08","cluster_job_08_sim49"
50,"random_MCO","type_random","Moderate",5,"300002508",TRUE,2,0,0,0,0,0,0,0,0,"MCO","Occitanie",1,4,0,148,0,0.102,0.00892857142857143,"cluster_job_08","cluster_job_08_sim50"
51,"random_MCO","type_random","Moderate",6,"570000117",TRUE,2,0,0,0,0,0,0,0,0,"MCO","Grand-Est",25,42,24718.8001569186,159,0,0.102,0.00892857142857143,"cluster_job_08","cluster_job_08_sim51"
52,"random_MCO","type_random","Moderate",7,"910000330",FALSE,1867,2.9321,2.7493,8.5292,8.7813,17.8171,18.415,19.7691,19.9357,"MCO","Île-de-France",3,12,197.741386150056,16,0,0.102,0.00892857142857143,"cluster_job_08","cluster_job_08_sim52"
53,"random_MCO","type_random","Moderate",8,"780300414",FALSE,1324,1.3989,1.2087,5.3306,4.972,10.9177,10.2695,12.4212,11.352,"MCO","Île-de-France",59,80,2678.99565196189,132,0,0.102,0.00892857142857143,"cluster_job_08","cluster_job_08_sim53"
54,"random_MCO","type_random","Moderate",9,"720023068",TRUE,3,1e-04,1e-04,0,0,0,0,0,0,"MCO","Pays de la Loire",22,20,1940.71934678069,36,0,0.102,0.00892857142857143,"cluster_job_08","cluster_job_08_sim54"
55,"random_MCO","type_random","Moderate",10,"830000279",FALSE,390,0.2371,0.2056,1.0921,0.9773,2.3482,2.1274,2.7113,2.4133,"MCO","Provence-Alpes-Côte d'Azur",32,83,3752.26517600193,149,0,0.102,0.00892857142857143,"cluster_job_08","cluster_job_08_sim55"
56,"random_MCO","type_random","Moderate",11,"490009008",TRUE,3,0,0,0,0,0,0,0,0,"MCO","Pays de la Loire",2,4,1893.42331304317,148,0,0.102,0.00892857142857143,"cluster_job_08","cluster_job_08_sim56"
57,"random_MCO","type_random","Moderate",12,"140018730",FALSE,1446,1.9351,1.75,6.2273,5.9604,13.0396,12.5631,14.6823,13.7258,"MCO","Normandie",24,22,740.930789071478,43,0,0.102,0.00892857142857143,"cluster_job_08","cluster_job_08_sim57"
58,"random_MCO","type_random","Moderate",13,"780300414",TRUE,5,0,0,0,0,0,0,0,0,"MCO","Île-de-France",59,80,2678.99565196189,132,0,0.102,0.00892857142857143,"cluster_job_08","cluster_job_08_sim58"
59,"random_MCO","type_random","Moderate",14,"680000494",TRUE,4,2e-04,3e-04,0,0,0,0,0,0,"MCO","Grand-Est",23,27,204.927924005043,167,0,0.102,0.00892857142857143,"cluster_job_08","cluster_job_08_sim59"
60,"random_MCO","type_random","Moderate",15,"590817458",TRUE,1,0,0,0,0,0,0,0,0,"MCO","Hauts-de-France",14,19,4101.67999326231,49,0,0.102,0.00892857142857143,"cluster_job_08","cluster_job_08_sim60"
61,"random_MCO_SSR","type_random","Low",1,"300000023",TRUE,4,4e-04,4e-04,0,0,0,0,0,0,"MCO/SSR","Occitanie",41,77,14339.939950619,345,0,0.0549,0.0127551020408163,"cluster_job_08","cluster_job_08_sim61"
62,"random_MCO_SSR","type_random","Low",2,"350000162",TRUE,2,0,0,0,0,0,0,0,0,"MCO/SSR","Bretagne",28,50,3885.31130153684,189,0,0.0549,0.0127551020408163,"cluster_job_08","cluster_job_08_sim62"
63,"random_MCO_SSR","type_random","Low",3,"690784178",TRUE,2,0,0,0,0,0,0,0,0,"MCO/SSR","Auvergne-Rhône-Alpes",126,154,42812.3360326842,278,0,0.0549,0.0127551020408163,"cluster_job_08","cluster_job_08_sim63"
64,"random_MCO_SSR","type_random","Low",4,"910300326",TRUE,1,0,0,0,0,0,0,0,0,"MCO/SSR","Île-de-France",64,50,2821.68043806543,78,0,0.0549,0.0127551020408163,"cluster_job_08","cluster_job_08_sim64"
65,"random_MCO_SSR","type_random","Low",5,"070000484",TRUE,4,1e-04,1e-04,0,0,0,0,0,0,"MCO/SSR","Auvergne-Rhône-Alpes",52,24,1873.76055945712,127,0,0.0549,0.0127551020408163,"cluster_job_08","cluster_job_08_sim65"
66,"random_MCO_SSR","type_random","Low",6,"340782085",TRUE,3,0,0,0,0,0,0,0,0,"MCO/SSR","Occitanie",100,136,49270.7729649296,261,0,0.0549,0.0127551020408163,"cluster_job_08","cluster_job_08_sim66"
67,"random_MCO_SSR","type_random","Low",7,"690000427",TRUE,2,0,0,0,0,0,0,0,0,"MCO/SSR","Auvergne-Rhône-Alpes",68,73,40535.6061166682,328,0,0.0549,0.0127551020408163,"cluster_job_08","cluster_job_08_sim67"
68,"random_MCO_SSR","type_random","Low",8,"020000519",TRUE,3,0,0,0,0,0,0,0,0,"MCO/SSR","Hauts-de-France",56,63,11846.1016092958,364,0,0.0549,0.0127551020408163,"cluster_job_08","cluster_job_08_sim68"
69,"random_MCO_SSR","type_random","Low",9,"010005239",TRUE,3,0,0,0,0,0,0,0,0,"MCO/SSR","Auvergne-Rhône-Alpes",25,40,970.86150110057,131,0,0.0549,0.0127551020408163,"cluster_job_08","cluster_job_08_sim69"
70,"random_MCO_SSR","type_random","Low",10,"080000219",TRUE,2,0,0,0,0,0,0,0,0,"MCO/SSR","Grand-Est",11,19,277.866997012034,96,0,0.0549,0.0127551020408163,"cluster_job_08","cluster_job_08_sim70"
71,"random_MCO_SSR","type_random","Low",11,"300782141",TRUE,1,0,0,0,0,0,0,0,0,"MCO/SSR","Occitanie",50,30,8551.19172916999,202,0,0.0549,0.0127551020408163,"cluster_job_08","cluster_job_08_sim71"
72,"random_MCO_SSR","type_random","Low",12,"050000041",FALSE,63,0.0265,0.0238,0.0832,0.075,0.249,0.2044,0.263,0.22,"MCO/SSR","Provence-Alpes-Côte d'Azur",38,17,4210.42729124735,146,0,0.0549,0.0127551020408163,"cluster_job_08","cluster_job_08_sim72"
73,"random_MCO_SSR","type_random","Low",13,"310780366",TRUE,2,0,0,0,0,0,0,0,0,"MCO/SSR","Occitanie",51,37,5957.1426189837,220,0,0.0549,0.0127551020408163,"cluster_job_08","cluster_job_08_sim73"
74,"random_MCO_SSR","type_random","Low",14,"080000219",TRUE,1,0,0,0,0,0,0,0,0,"MCO/SSR","Grand-Est",11,19,277.866997012034,96,0,0.0549,0.0127551020408163,"cluster_job_08","cluster_job_08_sim74"
75,"random_MCO_SSR","type_random","Low",15,"810000547",TRUE,1,0,0,0,0,0,0,0,0,"MCO/SSR","Occitanie",10,10,749.218507578356,60,0,0.0549,0.0127551020408163,"cluster_job_08","cluster_job_08_sim75"
76,"random_MCO_SSR","type_random","Moderate",1,"310026927",TRUE,1,0,0,0,0,0,0,0,0,"MCO/SSR","Occitanie",66,101,16256.5091157764,335,0,0.102,0.00892857142857143,"cluster_job_08","cluster_job_08_sim76"
77,"random_MCO_SSR","type_random","Moderate",2,"560000192",TRUE,4,0,0,0,0,0,0,0,0,"MCO/SSR","Bretagne",18,44,5741.29654708672,188,0,0.102,0.00892857142857143,"cluster_job_08","cluster_job_08_sim77"
78,"random_MCO_SSR","type_random","Moderate",3,"940100035",TRUE,2,0,0,0,0,0,0,0,0,"MCO/SSR","Île-de-France",68,47,9007.85106895174,268,0,0.102,0.00892857142857143,"cluster_job_08","cluster_job_08_sim78"
79,"random_MCO_SSR","type_random","Moderate",4,"790003537",TRUE,4,1e-04,0,0,0,0,0,0,0,"MCO/SSR","Nouvelle-Aquitaine",6,4,1542.5442657087,36,0,0.102,0.00892857142857143,"cluster_job_08","cluster_job_08_sim79"
80,"random_MCO_SSR","type_random","Moderate",5,"130811102",FALSE,1013,0.6982,0.6682,3.2149,3.1146,6.3753,6.1935,7.5654,7.1203,"MCO/SSR","Provence-Alpes-Côte d'Azur",33,12,1251.07112751039,26,0,0.102,0.00892857142857143,"cluster_job_08","cluster_job_08_sim80"
81,"random_MCO_SSR","type_random","Moderate",6,"850000241",FALSE,877,0.7147,0.6015,3.4638,3.0511,6.9479,6.04,8.0292,6.8963,"MCO/SSR","Pays de la Loire",24,55,8325.67027686743,251,0,0.102,0.00892857142857143,"cluster_job_08","cluster_job_08_sim81"
82,"random_MCO_SSR","type_random","Moderate",7,"850000142",FALSE,1093,0.929,0.8109,4.2927,3.9475,8.6931,7.9316,9.9862,8.9645,"MCO/SSR","Pays de la Loire",84,126,76616.503960439,847,0,0.102,0.00892857142857143,"cluster_job_08","cluster_job_08_sim82"
83,"random_MCO_SSR","type_random","Moderate",8,"130784051",TRUE,1,0,0,0,0,0,0,0,0,"MCO/SSR","Provence-Alpes-Côte d'Azur",125,138,25436.5938577102,384,0,0.102,0.00892857142857143,"cluster_job_08","cluster_job_08_sim83"
84,"random_MCO_SSR","type_random","Moderate",9,"760805770",FALSE,658,0.4429,0.3801,2.36,2.0431,4.7497,4.0154,5.6057,4.7113,"MCO/SSR","Normandie",65,86,43656.4603045314,701,0,0.102,0.00892857142857143,"cluster_job_08","cluster_job_08_sim84"
85,"random_MCO_SSR","type_random","Moderate",10,"380000406",TRUE,2,0,0,0,0,0,0,0,0,"MCO/SSR","Auvergne-Rhône-Alpes",33,52,5011.42775822884,234,0,0.102,0.00892857142857143,"cluster_job_08","cluster_job_08_sim85"
86,"random_MCO_SSR","type_random","Moderate",11,"520000068",TRUE,4,0,0,0,0,0,0,0,0,"MCO/SSR","Grand-Est",39,52,15078.4199949822,227,0,0.102,0.00892857142857143,"cluster_job_08","cluster_job_08_sim86"
87,"random_MCO_SSR","type_random","Moderate",12,"540000270",FALSE,382,0.1974,0.2074,1.0181,0.9875,1.7342,1.7456,2.1036,1.9951,"MCO/SSR","Grand-Est",8,5,22.021397550555,28,0,0.102,0.00892857142857143,"cluster_job_08","cluster_job_08_sim87"
88,"random_MCO_SSR","type_random","Moderate",13,"500002357",TRUE,3,0,0,0,0,0,0,0,0,"MCO/SSR","Normandie",7,6,34.3154761904762,77,0,0.102,0.00892857142857143,"cluster_job_08","cluster_job_08_sim88"
89,"random_MCO_SSR","type_random","Moderate",14,"140000027",TRUE,1,0,0,0,0,0,0,0,0,"MCO/SSR","Normandie",32,70,9597.14341202294,315,0,0.102,0.00892857142857143,"cluster_job_08","cluster_job_08_sim89"
90,"random_MCO_SSR","type_random","Moderate",15,"110000056",TRUE,3,0,0,0,0,0,0,0,0,"MCO/SSR","Occitanie",44,102,20364.3773971932,306,0,0.102,0.00892857142857143,"cluster_job_08","cluster_job_08_sim90"
91,"random_SSR","type_random","Low",1,"600100671",TRUE,2,0,0,0,0,0,0,0,0,"SSR","Hauts-de-France",48,16,4494.88224758698,143,0,0.0549,0.0127551020408163,"cluster_job_08","cluster_job_08_sim91"
92,"random_SSR","type_random","Low",2,"760802439",TRUE,2,0,0,0,0,0,0,0,0,"SSR","Normandie",1,1,0,34,0,0.0549,0.0127551020408163,"cluster_job_08","cluster_job_08_sim92"
93,"random_SSR","type_random","Low",3,"910800986",FALSE,128,0.0683,0.0423,0.1826,0.1195,0.564,0.3678,0.6114,0.3958,"SSR","Île-de-France",23,15,684.620772387423,54,0,0.0549,0.0127551020408163,"cluster_job_08","cluster_job_08_sim93"
94,"random_SSR","type_random","Low",4,"130782451",FALSE,17,0.0077,0.0058,0.0105,0.008,0.0243,0.0196,0.0227,0.0183,"SSR","Provence-Alpes-Côte d'Azur",56,32,3177.33186755783,144,0,0.0549,0.0127551020408163,"cluster_job_08","cluster_job_08_sim94"
95,"random_SSR","type_random","Low",5,"750825184",TRUE,2,0,0,0,0,0,0,0,0,"SSR","Île-de-France",16,4,180.876790325728,262,0,0.0549,0.0127551020408163,"cluster_job_08","cluster_job_08_sim95"
96,"random_SSR","type_random","Low",6,"440024669",FALSE,9,0.0033,0.0045,0.0053,0.0072,0.0124,0.0177,0.0139,0.0202,"SSR","Pays de la Loire",26,12,1332.1735249214,82,0,0.0549,0.0127551020408163,"cluster_job_08","cluster_job_08_sim96"
97,"random_SSR","type_random","Low",7,"130786296",TRUE,1,0,0,0,0,0,0,0,0,"SSR","Provence-Alpes-Côte d'Azur",44,33,1821.18867980303,104,0,0.0549,0.0127551020408163,"cluster_job_08","cluster_job_08_sim97"
98,"random_SSR","type_random","Low",8,"380017095",FALSE,14,0.0063,0.0058,0.0071,0.006,0.0252,0.0219,0.0254,0.022,"SSR","Auvergne-Rhône-Alpes",43,10,1611.41279038331,159,0,0.0549,0.0127551020408163,"cluster_job_08","cluster_job_08_sim98"
99,"random_SSR","type_random","Low",9,"620033712",FALSE,11,0.0022,0.0048,0.0014,0.0036,0.003,0.0079,0.0032,0.0067,"SSR","Hauts-de-France",8,4,237.271469633991,39,0,0.0549,0.0127551020408163,"cluster_job_08","cluster_job_08_sim99"
100,"random_SSR","type_random","Low",10,"760920918",TRUE,1,0,0,0,0,0,0,0,0,"SSR","Normandie",17,12,848.772414087472,181,0,0.0549,0.0127551020408163,"cluster_job_08","cluster_job_08_sim100"
101,"random_SSR","type_random","Low",11,"560027377",TRUE,1,0,0,0,0,0,0,0,0,"SSR","Bretagne",5,2,0,12,0,0.0549,0.0127551020408163,"cluster_job_08","cluster_job_08_sim101"
102,"random_SSR","type_random","Low",12,"690000401",TRUE,1,0,0,0,0,0,0,0,0,"SSR","Auvergne-Rhône-Alpes",40,22,5474.34775553606,105,0,0.0549,0.0127551020408163,"cluster_job_08","cluster_job_08_sim102"
103,"random_SSR","type_random","Low",13,"130048341",TRUE,2,0,0,0,0,0,0,0,0,"SSR","Provence-Alpes-Côte d'Azur",2,1,8.48898491158634,73,0,0.0549,0.0127551020408163,"cluster_job_08","cluster_job_08_sim103"
104,"random_SSR","type_random","Low",14,"160012209",TRUE,3,0,0,0,0,0,0,0,0,"SSR","Nouvelle-Aquitaine",19,7,490.940027637938,38,0,0.0549,0.0127551020408163,"cluster_job_08","cluster_job_08_sim104"
105,"random_SSR","type_random","Low",15,"760000380",TRUE,3,0,0,0,0,0,0,0,0,"SSR","Normandie",14,8,461.746429186947,22,0,0.0549,0.0127551020408163,"cluster_job_08","cluster_job_08_sim105"
106,"random_SSR","type_random","Moderate",1,"670000348",FALSE,327,0.2183,0.2317,0.8392,0.8293,1.4647,1.5318,1.7565,1.733,"SSR","Grand-Est",12,7,356.048466822779,64,0,0.102,0.00892857142857143,"cluster_job_08","cluster_job_08_sim106"
107,"random_SSR","type_random","Moderate",2,"780420022",FALSE,1554,1.7002,1.5069,6.4703,6.2962,13.274,12.8474,15.0569,14.2701,"SSR","Île-de-France",64,20,2226.63525239868,179,0,0.102,0.00892857142857143,"cluster_job_08","cluster_job_08_sim107"
108,"random_SSR","type_random","Moderate",3,"290000983",FALSE,338,0.0915,0.0643,0.7739,0.487,1.2088,0.8188,1.6981,1.0798,"SSR","Bretagne",13,5,35.4825013596111,57,0,0.102,0.00892857142857143,"cluster_job_08","cluster_job_08_sim108"
109,"random_SSR","type_random","Moderate",4,"280000431",TRUE,1,0,0,0,0,0,0,0,0,"SSR","Centre-Val de Loire",23,9,335.624431751682,66,0,0.102,0.00892857142857143,"cluster_job_08","cluster_job_08_sim109"
110,"random_SSR","type_random","Moderate",5,"830100624",FALSE,1490,1.3583,1.3355,5.7436,5.6342,11.547,11.3532,13.2756,12.7288,"SSR","Provence-Alpes-Côte d'Azur",53,26,6019.56357917479,313,0,0.102,0.00892857142857143,"cluster_job_08","cluster_job_08_sim110"
111,"random_SSR","type_random","Moderate",6,"580971349",TRUE,3,0,0,0,0,0,0,0,0,"SSR","Bourgogne-Franche-Comté",34,16,1393.29874045487,83,0,0.102,0.00892857142857143,"cluster_job_08","cluster_job_08_sim111"
112,"random_SSR","type_random","Moderate",7,"680020427",TRUE,4,1e-04,1e-04,0,0,0,0,0,0,"SSR","Grand-Est",11,4,2201.30090840604,27,0,0.102,0.00892857142857143,"cluster_job_08","cluster_job_08_sim112"
113,"random_SSR","type_random","Moderate",8,"310780234",FALSE,414,0.2219,0.2484,1.0414,1.1909,2.0487,2.3632,2.4173,2.6906,"SSR","Occitanie",43,15,3202.80347180583,152,0,0.102,0.00892857142857143,"cluster_job_08","cluster_job_08_sim113"
114,"random_SSR","type_random","Moderate",9,"130781834",FALSE,1402,1.2914,1.1133,5.5858,5.1107,11.6352,10.5772,13.2582,11.8963,"SSR","Provence-Alpes-Côte d'Azur",50,16,1576.60802111706,361,0,0.102,0.00892857142857143,"cluster_job_08","cluster_job_08_sim114"
115,"random_SSR","type_random","Moderate",10,"620000067",TRUE,2,0,0,0,0,0,0,0,0,"SSR","Hauts-de-France",19,9,256.288573089102,23,0,0.102,0.00892857142857143,"cluster_job_08","cluster_job_08_sim115"
116,"random_SSR","type_random","Moderate",11,"100007285",TRUE,1,0,0,0,0,0,0,0,0,"SSR","Grand-Est",30,6,5670.27451827504,260,0,0.102,0.00892857142857143,"cluster_job_08","cluster_job_08_sim116"
117,"random_SSR","type_random","Moderate",12,"920300423",TRUE,4,0,0,0,0,0,0,0,0,"SSR","Île-de-France",61,33,1454.87531807604,128,0,0.102,0.00892857142857143,"cluster_job_08","cluster_job_08_sim117"
118,"random_SSR","type_random","Moderate",13,"940030836",FALSE,1627,2.0495,1.7755,6.9225,6.6257,14.2346,13.7182,16.0715,15.1219,"SSR","Île-de-France",7,9,28.3653716166874,77,0,0.102,0.00892857142857143,"cluster_job_08","cluster_job_08_sim118"
119,"random_SSR","type_random","Moderate",14,"950150011",FALSE,1445,1.7895,1.5457,5.9368,5.6006,12.3545,11.7506,13.9022,12.9218,"SSR","Île-de-France",64,28,2864.75358863334,282,0,0.102,0.00892857142857143,"cluster_job_08","cluster_job_08_sim119"
120,"random_SSR","type_random","Moderate",15,"590000113",FALSE,480,0.3284,0.2801,1.5403,1.3015,2.9222,2.4567,3.4778,2.8122,"SSR","Hauts-de-France",29,13,194.667541584207,89,0,0.102,0.00892857142857143,"cluster_job_08","cluster_job_08_sim120"
1,"highest_betweenness + highest_in_degree + highest_out_degree + largest_beds + largest_outgoing","fixed","Low",1,"750100125",TRUE,1,0,0,0,0,0,0,0,0,"MCO/SSR","Île-de-France",420,433,249789.64473682,1713,0,0.0549,0.0127551020408163,"cluster_job_09","cluster_job_09_sim1"
2,"highest_betweenness + highest_in_degree + highest_out_degree + largest_beds + largest_outgoing","fixed","Low",2,"750100125",TRUE,3,0,0,0,0,0,0,0,0,"MCO/SSR","Île-de-France",420,433,249789.64473682,1713,0,0.0549,0.0127551020408163,"cluster_job_09","cluster_job_09_sim2"
3,"highest_betweenness + highest_in_degree + highest_out_degree + largest_beds + largest_outgoing","fixed","Low",3,"750100125",FALSE,11,0.0035,0.007,0.0035,0.0069,0.012,0.0238,0.0109,0.0202,"MCO/SSR","Île-de-France",420,433,249789.64473682,1713,0,0.0549,0.0127551020408163,"cluster_job_09","cluster_job_09_sim3"
4,"highest_betweenness + highest_in_degree + highest_out_degree + largest_beds + largest_outgoing","fixed","Low",4,"750100125",FALSE,144,0.0618,0.0565,0.2055,0.1549,0.6132,0.4133,0.6659,0.4456,"MCO/SSR","Île-de-France",420,433,249789.64473682,1713,0,0.0549,0.0127551020408163,"cluster_job_09","cluster_job_09_sim4"
5,"highest_betweenness + highest_in_degree + highest_out_degree + largest_beds + largest_outgoing","fixed","Low",5,"750100125",TRUE,8,8e-04,0.0013,0,0,0,0,0,0,"MCO/SSR","Île-de-France",420,433,249789.64473682,1713,0,0.0549,0.0127551020408163,"cluster_job_09","cluster_job_09_sim5"
6,"highest_betweenness + highest_in_degree + highest_out_degree + largest_beds + largest_outgoing","fixed","Low",6,"750100125",TRUE,3,0,0,0,0,0,0,0,0,"MCO/SSR","Île-de-France",420,433,249789.64473682,1713,0,0.0549,0.0127551020408163,"cluster_job_09","cluster_job_09_sim6"
7,"highest_betweenness + highest_in_degree + highest_out_degree + largest_beds + largest_outgoing","fixed","Low",7,"750100125",TRUE,1,0,0,0,0,0,0,0,0,"MCO/SSR","Île-de-France",420,433,249789.64473682,1713,0,0.0549,0.0127551020408163,"cluster_job_09","cluster_job_09_sim7"
8,"highest_betweenness + highest_in_degree + highest_out_degree + largest_beds + largest_outgoing","fixed","Low",8,"750100125",TRUE,2,0,0,0,0,0,0,0,0,"MCO/SSR","Île-de-France",420,433,249789.64473682,1713,0,0.0549,0.0127551020408163,"cluster_job_09","cluster_job_09_sim8"
9,"highest_betweenness + highest_in_degree + highest_out_degree + largest_beds + largest_outgoing","fixed","Low",9,"750100125",FALSE,21,0.0068,0.0095,0.019,0.0225,0.0579,0.0685,0.0641,0.074,"MCO/SSR","Île-de-France",420,433,249789.64473682,1713,0,0.0549,0.0127551020408163,"cluster_job_09","cluster_job_09_sim9"
10,"highest_betweenness + highest_in_degree + highest_out_degree + largest_beds + largest_outgoing","fixed","Low",10,"750100125",TRUE,3,0,0,0,0,0,0,0,0,"MCO/SSR","Île-de-France",420,433,249789.64473682,1713,0,0.0549,0.0127551020408163,"cluster_job_09","cluster_job_09_sim10"
11,"highest_betweenness + highest_in_degree + highest_out_degree + largest_beds + largest_outgoing","fixed","Low",11,"750100125",TRUE,2,0,0,0,0,0,0,0,0,"MCO/SSR","Île-de-France",420,433,249789.64473682,1713,0,0.0549,0.0127551020408163,"cluster_job_09","cluster_job_09_sim11"
12,"highest_betweenness + highest_in_degree + highest_out_degree + largest_beds + largest_outgoing","fixed","Low",12,"750100125",FALSE,69,0.0272,0.0179,0.1042,0.0569,0.3033,0.1642,0.3495,0.1873,"MCO/SSR","Île-de-France",420,433,249789.64473682,1713,0,0.0549,0.0127551020408163,"cluster_job_09","cluster_job_09_sim12"
13,"highest_betweenness + highest_in_degree + highest_out_degree + largest_beds + largest_outgoing","fixed","Low",13,"750100125",TRUE,2,0,0,0,0,0,0,0,0,"MCO/SSR","Île-de-France",420,433,249789.64473682,1713,0,0.0549,0.0127551020408163,"cluster_job_09","cluster_job_09_sim13"
14,"highest_betweenness + highest_in_degree + highest_out_degree + largest_beds + largest_outgoing","fixed","Low",14,"750100125",TRUE,2,0,0,0,0,0,0,0,0,"MCO/SSR","Île-de-France",420,433,249789.64473682,1713,0,0.0549,0.0127551020408163,"cluster_job_09","cluster_job_09_sim14"
15,"highest_betweenness + highest_in_degree + highest_out_degree + largest_beds + largest_outgoing","fixed","Low",15,"750100125",TRUE,1,0,0,0,0,0,0,0,0,"MCO/SSR","Île-de-France",420,433,249789.64473682,1713,0,0.0549,0.0127551020408163,"cluster_job_09","cluster_job_09_sim15"
16,"highest_betweenness + highest_in_degree + highest_out_degree + largest_beds + largest_outgoing","fixed","Moderate",1,"750100125",TRUE,2,0,0,0,0,0,0,0,0,"MCO/SSR","Île-de-France",420,433,249789.64473682,1713,0,0.102,0.00892857142857143,"cluster_job_09","cluster_job_09_sim16"
17,"highest_betweenness + highest_in_degree + highest_out_degree + largest_beds + largest_outgoing","fixed","Moderate",2,"750100125",FALSE,1399,1.4624,1.2891,5.6657,5.543,11.6456,11.322,13.1901,12.5452,"MCO/SSR","Île-de-France",420,433,249789.64473682,1713,0,0.102,0.00892857142857143,"cluster_job_09","cluster_job_09_sim17"
18,"highest_betweenness + highest_in_degree + highest_out_degree + largest_beds + largest_outgoing","fixed","Moderate",3,"750100125",FALSE,1460,1.7378,1.5014,6.1485,5.7713,12.6416,11.8866,14.2923,13.1721,"MCO/SSR","Île-de-France",420,433,249789.64473682,1713,0,0.102,0.00892857142857143,"cluster_job_09","cluster_job_09_sim18"
19,"highest_betweenness + highest_in_degree + highest_out_degree + largest_beds + largest_outgoing","fixed","Moderate",4,"750100125",FALSE,1170,1.0386,0.846,4.4147,3.9941,9.1261,8.2227,10.4692,9.2873,"MCO/SSR","Île-de-France",420,433,249789.64473682,1713,0,0.102,0.00892857142857143,"cluster_job_09","cluster_job_09_sim19"
20,"highest_betweenness + highest_in_degree + highest_out_degree + largest_beds + largest_outgoing","fixed","Moderate",5,"750100125",TRUE,4,0,0,0,0,0,0,0,0,"MCO/SSR","Île-de-France",420,433,249789.64473682,1713,0,0.102,0.00892857142857143,"cluster_job_09","cluster_job_09_sim20"
21,"highest_betweenness + highest_in_degree + highest_out_degree + largest_beds + largest_outgoing","fixed","Moderate",6,"750100125",FALSE,1754,2.8455,2.5942,7.9549,7.9185,16.5978,16.6909,18.5879,18.2303,"MCO/SSR","Île-de-France",420,433,249789.64473682,1713,0,0.102,0.00892857142857143,"cluster_job_09","cluster_job_09_sim21"
22,"highest_betweenness + highest_in_degree + highest_out_degree + largest_beds + largest_outgoing","fixed","Moderate",7,"750100125",FALSE,1578,1.9119,1.6904,6.6236,6.2631,13.8124,13.1035,15.5525,14.4278,"MCO/SSR","Île-de-France",420,433,249789.64473682,1713,0,0.102,0.00892857142857143,"cluster_job_09","cluster_job_09_sim22"
23,"highest_betweenness + highest_in_degree + highest_out_degree + largest_beds + largest_outgoing","fixed","Moderate",8,"750100125",FALSE,1510,1.8482,1.6044,6.3828,6.0073,13.324,12.5756,14.9667,13.927,"MCO/SSR","Île-de-France",420,433,249789.64473682,1713,0,0.102,0.00892857142857143,"cluster_job_09","cluster_job_09_sim23"
24,"highest_betweenness + highest_in_degree + highest_out_degree + largest_beds + largest_outgoing","fixed","Moderate",9,"750100125",FALSE,1174,0.9204,0.7963,4.3776,3.9663,8.8961,8.0226,10.3395,9.1032,"MCO/SSR","Île-de-France",420,433,249789.64473682,1713,0,0.102,0.00892857142857143,"cluster_job_09","cluster_job_09_sim24"
25,"highest_betweenness + highest_in_degree + highest_out_degree + largest_beds + largest_outgoing","fixed","Moderate",10,"750100125",FALSE,1558,2.0244,1.7727,6.6392,6.5382,13.7649,13.4482,15.3853,14.7717,"MCO/SSR","Île-de-France",420,433,249789.64473682,1713,0,0.102,0.00892857142857143,"cluster_job_09","cluster_job_09_sim25"
26,"highest_betweenness + highest_in_degree + highest_out_degree + largest_beds + largest_outgoing","fixed","Moderate",11,"750100125",TRUE,1,0,0,0,0,0,0,0,0,"MCO/SSR","Île-de-France",420,433,249789.64473682,1713,0,0.102,0.00892857142857143,"cluster_job_09","cluster_job_09_sim26"
27,"highest_betweenness + highest_in_degree + highest_out_degree + largest_beds + largest_outgoing","fixed","Moderate",12,"750100125",TRUE,5,0,0,0,0,0,0,0,0,"MCO/SSR","Île-de-France",420,433,249789.64473682,1713,0,0.102,0.00892857142857143,"cluster_job_09","cluster_job_09_sim27"
28,"highest_betweenness + highest_in_degree + highest_out_degree + largest_beds + largest_outgoing","fixed","Moderate",13,"750100125",TRUE,4,1e-04,1e-04,0,0,0,0,0,0,"MCO/SSR","Île-de-France",420,433,249789.64473682,1713,0,0.102,0.00892857142857143,"cluster_job_09","cluster_job_09_sim28"
29,"highest_betweenness + highest_in_degree + highest_out_degree + largest_beds + largest_outgoing","fixed","Moderate",14,"750100125",TRUE,2,0,0,0,0,0,0,0,0,"MCO/SSR","Île-de-France",420,433,249789.64473682,1713,0,0.102,0.00892857142857143,"cluster_job_09","cluster_job_09_sim29"
30,"highest_betweenness + highest_in_degree + highest_out_degree + largest_beds + largest_outgoing","fixed","Moderate",15,"750100125",TRUE,3,0,0,0,0,0,0,0,0,"MCO/SSR","Île-de-France",420,433,249789.64473682,1713,0,0.102,0.00892857142857143,"cluster_job_09","cluster_job_09_sim30"
31,"random_MCO","type_random","Low",1,"130782147",TRUE,3,0,0,0,0,0,0,0,0,"MCO","Provence-Alpes-Côte d'Azur",32,65,6512.7340427517,130,0,0.0549,0.0127551020408163,"cluster_job_09","cluster_job_09_sim31"
32,"random_MCO","type_random","Low",2,"730000262",TRUE,3,0,0,0,0,0,0,0,0,"MCO","Auvergne-Rhône-Alpes",25,96,19588.5765176923,205,0,0.0549,0.0127551020408163,"cluster_job_09","cluster_job_09_sim32"
33,"random_MCO","type_random","Low",3,"540013224",TRUE,7,6e-04,0.0016,0,0,0,0,0,0,"MCO","Grand-Est",11,20,2584.82833568751,87,0,0.0549,0.0127551020408163,"cluster_job_09","cluster_job_09_sim33"
34,"random_MCO","type_random","Low",4,"750301145",FALSE,43,0.0152,0.0137,0.0378,0.0363,0.1122,0.1072,0.1236,0.1195,"MCO","Île-de-France",62,125,5277.90825895345,97,0,0.0549,0.0127551020408163,"cluster_job_09","cluster_job_09_sim34"
35,"random_MCO","type_random","Low",5,"220022800",TRUE,2,0,0,0,0,0,0,0,0,"MCO","Bretagne",26,29,10758.3243260682,166,0,0.0549,0.0127551020408163,"cluster_job_09","cluster_job_09_sim35"
36,"random_MCO","type_random","Low",6,"130042096",TRUE,3,0,1e-04,0,0,0,0,0,0,"MCO","Provence-Alpes-Côte d'Azur",35,31,893.709712480964,53,0,0.0549,0.0127551020408163,"cluster_job_09","cluster_job_09_sim36"
37,"random_MCO","type_random","Low",7,"840017172",TRUE,1,0,0,0,0,0,0,0,0,"MCO","Provence-Alpes-Côte d'Azur",22,34,1300.49778894094,60,0,0.0549,0.0127551020408163,"cluster_job_09","cluster_job_09_sim37"
38,"random_MCO","type_random","Low",8,"060792900",TRUE,2,0,0,0,0,0,0,0,0,"MCO","Provence-Alpes-Côte d'Azur",2,4,47.6890369757475,148,0,0.0549,0.0127551020408163,"cluster_job_09","cluster_job_09_sim38"
39,"random_MCO","type_random","Low",9,"130781255",TRUE,3,0,0,0,0,0,0,0,0,"MCO","Provence-Alpes-Côte d'Azur",32,24,643.980229822714,49,0,0.0549,0.0127551020408163,"cluster_job_09","cluster_job_09_sim39"
40,"random_MCO","type_random","Low",10,"130008253",TRUE,2,0,0,0,0,0,0,0,0,"MCO","Provence-Alpes-Côte d'Azur",15,23,399.555992355406,43,0,0.0549,0.0127551020408163,"cluster_job_09","cluster_job_09_sim40"
41,"random_MCO","type_random","Low",11,"420780504",TRUE,2,0,0,0,0,0,0,0,0,"MCO","Auvergne-Rhône-Alpes",23,41,6820.9590052318,94,0,0.0549,0.0127551020408163,"cluster_job_09","cluster_job_09_sim41"
42,"random_MCO","type_random","Low",12,"010780203",FALSE,48,0.0199,0.0186,0.0549,0.0434,0.1329,0.1047,0.1479,0.1222,"MCO","Auvergne-Rhône-Alpes",23,56,2377.58616908924,117,0,0.0549,0.0127551020408163,"cluster_job_09","cluster_job_09_sim42"
43,"random_MCO","type_random","Low",13,"750300550",FALSE,88,0.0318,0.0236,0.0882,0.0613,0.2462,0.1696,0.2686,0.1788,"MCO","Île-de-France",1,3,2.41120448179272,12,0,0.0549,0.0127551020408163,"cluster_job_09","cluster_job_09_sim43"
44,"random_MCO","type_random","Low",14,"440036499",TRUE,1,0,0,0,0,0,0,0,0,"MCO","Pays de la Loire",7,8,37.5096070596071,148,0,0.0549,0.0127551020408163,"cluster_job_09","cluster_job_09_sim44"
45,"random_MCO","type_random","Low",15,"750300121",TRUE,3,0,0,0,0,0,0,0,0,"MCO","Île-de-France",21,43,576.179950531847,47,0,0.0549,0.0127551020408163,"cluster_job_09","cluster_job_09_sim45"
46,"random_MCO","type_random","Moderate",1,"860000017",FALSE,737,0.2941,0.2948,1.7878,1.6808,3.1473,3.0201,3.8473,3.5919,"MCO","Nouvelle-Aquitaine",2,7,4.35623467112597,22,0,0.102,0.00892857142857143,"cluster_job_09","cluster_job_09_sim46"
47,"random_MCO","type_random","Moderate",2,"140000555",TRUE,4,0,0,0,0,0,0,0,0,"MCO","Normandie",62,70,32421.7396616141,132,0,0.102,0.00892857142857143,"cluster_job_09","cluster_job_09_sim47"
48,"random_MCO","type_random","Moderate",3,"690780663",TRUE,2,0,0,0,0,0,0,0,0,"MCO","Auvergne-Rhône-Alpes",18,40,939.722973590879,78,0,0.102,0.00892857142857143,"cluster_job_09","cluster_job_09_sim48"
49,"random_MCO","type_random","Moderate",4,"440055770",TRUE,2,0,0,0,0,0,0,0,0,"MCO","Pays de la Loire",10,10,2997.31598866269,148,0,0.102,0.00892857142857143,"cluster_job_09","cluster_job_09_sim49"
50,"random_MCO","type_random","Moderate",5,"640019634",FALSE,1189,0.8919,0.7666,4.3147,3.9241,8.6987,7.8443,10.1037,8.9431,"MCO","Nouvelle-Aquitaine",9,18,162.219207004836,36,0,0.102,0.00892857142857143,"cluster_job_09","cluster_job_09_sim50"
51,"random_MCO","type_random","Moderate",6,"720017748",FALSE,162,0.0473,0.0418,0.3403,0.2728,0.5586,0.4589,0.707,0.5622,"MCO","Pays de la Loire",40,50,8136.62516508781,262,0,0.102,0.00892857142857143,"cluster_job_09","cluster_job_09_sim51"
52,"random_MCO","type_random","Moderate",7,"750831067",TRUE,3,1e-04,0,0,0,0,0,0,0,"MCO","Île-de-France",16,10,3665.01389225998,148,0,0.102,0.00892857142857143,"cluster_job_09","cluster_job_09_sim52"
53,"random_MCO","type_random","Moderate",8,"340020221",TRUE,7,1e-04,0,0,0,0,0,0,0,"MCO","Occitanie",13,25,3075.90051984982,148,0,0.102,0.00892857142857143,"cluster_job_09","cluster_job_09_sim53"
54,"random_MCO","type_random","Moderate",9,"060785003",TRUE,2,0,0,0,0,0,0,0,0,"MCO","Provence-Alpes-Côte d'Azur",92,119,22602.7051799017,610,0,0.102,0.00892857142857143,"cluster_job_09","cluster_job_09_sim54"
55,"random_MCO","type_random","Moderate",10,"740000237",TRUE,2,0,0,0,0,0,0,0,0,"MCO","Auvergne-Rhône-Alpes",83,150,79921.4237748114,694,0,0.102,0.00892857142857143,"cluster_job_09","cluster_job_09_sim55"
56,"random_MCO","type_random","Moderate",11,"750300071",FALSE,1046,0.9641,0.7588,3.9546,3.4144,8.2822,7.1652,9.3885,8.0065,"MCO","Île-de-France",59,114,5721.34812861508,95,0,0.102,0.00892857142857143,"cluster_job_09","cluster_job_09_sim56"
57,"random_MCO","type_random","Moderate",12,"330783374",FALSE,1368,1.2136,1.1346,5.2997,5.1398,10.6413,10.2406,12.332,11.6127,"MCO","Nouvelle-Aquitaine",13,6,0,148,0,0.102,0.00892857142857143,"cluster_job_09","cluster_job_09_sim57"
58,"random_MCO","type_random","Moderate",13,"350042602",TRUE,4,0,0,0,0,0,0,0,0,"MCO","Bretagne",6,8,880.53482569009,148,0,0.102,0.00892857142857143,"cluster_job_09","cluster_job_09_sim58"
59,"random_MCO","type_random","Moderate",14,"850000126",TRUE,2,0,0,0,0,0,0,0,0,"MCO","Pays de la Loire",9,20,250.509869554189,44,0,0.102,0.00892857142857143,"cluster_job_09","cluster_job_09_sim59"
60,"random_MCO","type_random","Moderate",15,"290000850",TRUE,3,1e-04,1e-04,0,0,0,0,0,0,"MCO","Bretagne",13,11,2154.32044200534,148,0,0.102,0.00892857142857143,"cluster_job_09","cluster_job_09_sim60"
61,"random_MCO_SSR","type_random","Low",1,"360000178",TRUE,2,0,0,0,0,0,0,0,0,"MCO/SSR","Centre-Val de Loire",18,9,507.183166176307,41,0,0.0549,0.0127551020408163,"cluster_job_09","cluster_job_09_sim61"
62,"random_MCO_SSR","type_random","Low",2,"950000323",TRUE,3,0,0,0,0,0,0,0,0,"MCO/SSR","Île-de-France",92,123,15531.9401527745,625,0,0.0549,0.0127551020408163,"cluster_job_09","cluster_job_09_sim62"
63,"random_MCO_SSR","type_random","Low",3,"350000147",FALSE,23,0.0094,0.0077,0.0209,0.017,0.0636,0.0497,0.071,0.056,"MCO/SSR","Bretagne",42,103,23803.9443911175,490,0,0.0549,0.0127551020408163,"cluster_job_09","cluster_job_09_sim63"
64,"random_MCO_SSR","type_random","Low",4,"190000034",TRUE,5,1e-04,2e-04,0,0,0,0,0,0,"MCO/SSR","Auvergne-Rhône-Alpes",17,13,597.727528949243,35,0,0.0549,0.0127551020408163,"cluster_job_09","cluster_job_09_sim64"
65,"random_MCO_SSR","type_random","Low",5,"130786742",TRUE,3,0,0,0,0,0,0,0,0,"MCO/SSR","Provence-Alpes-Côte d'Azur",64,74,13783.7953971694,188,0,0.0549,0.0127551020408163,"cluster_job_09","cluster_job_09_sim65"
66,"random_MCO_SSR","type_random","Low",6,"590033429",TRUE,4,2e-04,5e-04,0,0,0,0,0,0,"MCO/SSR","Hauts-de-France",8,6,97.0796737377195,40,0,0.0549,0.0127551020408163,"cluster_job_09","cluster_job_09_sim66"
67,"random_MCO_SSR","type_random","Low",7,"760000364",TRUE,4,0,0,0,0,0,0,0,0,"MCO/SSR","Normandie",14,36,2457.18743593287,200,0,0.0549,0.0127551020408163,"cluster_job_09","cluster_job_09_sim67"
68,"random_MCO_SSR","type_random","Low",8,"450000070",TRUE,3,0,0,0,0,0,0,0,0,"MCO/SSR","Centre-Val de Loire",18,42,1197.84817922427,67,0,0.0549,0.0127551020408163,"cluster_job_09","cluster_job_09_sim68"
69,"random_MCO_SSR","type_random","Low",9,"660009689",TRUE,1,0,0,0,0,0,0,0,0,"MCO/SSR","Occitanie",22,7,440.394572068096,65,0,0.0549,0.0127551020408163,"cluster_job_09","cluster_job_09_sim69"
70,"random_MCO_SSR","type_random","Low",10,"940100050",FALSE,16,0.0049,0.0031,0.009,0.0049,0.0302,0.0191,0.0312,0.0186,"MCO/SSR","Île-de-France",39,35,3656.38870288214,301,0,0.0549,0.0127551020408163,"cluster_job_09","cluster_job_09_sim70"
71,"random_MCO_SSR","type_random","Low",11,"250000635",TRUE,2,0,0,0,0,0,0,0,0,"MCO/SSR","Bourgogne-Franche-Comté",12,4,1018.6097545228,38,0,0.0549,0.0127551020408163,"cluster_job_09","cluster_job_09_sim71"
72,"random_MCO_SSR","type_random","Low",12,"390000214",TRUE,2,0,0,0,0,0,0,0,0,"MCO/SSR","Bourgogne-Franche-Comté",20,10,1862.79941771288,48,0,0.0549,0.0127551020408163,"cluster_job_09","cluster_job_09_sim72"
73,"random_MCO_SSR","type_random","Low",13,"2A0002614",TRUE,3,0,1e-04,0,0,0,0,0,0,"MCO/SSR","Corse",6,8,34.9508657756616,14,0,0.0549,0.0127551020408163,"cluster_job_09","cluster_job_09_sim73"
74,"random_MCO_SSR","type_random","Low",14,"060000411",TRUE,2,0,1e-04,0,0,0,0,0,0,"MCO/SSR","Provence-Alpes-Côte d'Azur",18,7,452.342106104085,22,0,0.0549,0.0127551020408163,"cluster_job_09","cluster_job_09_sim74"
75,"random_MCO_SSR","type_random","Low",15,"760027292",TRUE,4,0,0,0,0,0,0,0,0,"MCO/SSR","Normandie",18,11,858.496042197472,136,0,0.0549,0.0127551020408163,"cluster_job_09","cluster_job_09_sim75"
76,"random_MCO_SSR","type_random","Moderate",1,"370007569",TRUE,2,0,0,0,0,0,0,0,0,"MCO/SSR","Centre-Val de Loire",44,39,10603.210786871,367,0,0.102,0.00892857142857143,"cluster_job_09","cluster_job_09_sim76"
77,"random_MCO_SSR","type_random","Moderate",2,"340000223",FALSE,864,0.6446,0.7002,2.6098,2.8454,4.9545,5.4766,5.7878,6.2054,"MCO/SSR","Occitanie",37,106,19615.8563929559,289,0,0.102,0.00892857142857143,"cluster_job_09","cluster_job_09_sim77"
78,"random_MCO_SSR","type_random","Moderate",3,"420782310",FALSE,1112,0.8469,0.8138,3.7686,3.6735,7.0953,6.9948,8.4281,8.0784,"MCO/SSR","Auvergne-Rhône-Alpes",20,54,4149.81414238895,116,0,0.102,0.00892857142857143,"cluster_job_09","cluster_job_09_sim78"
79,"random_MCO_SSR","type_random","Moderate",4,"040000036",TRUE,1,0,0,0,0,0,0,0,0,"MCO/SSR","Provence-Alpes-Côte d'Azur",11,5,156.605095905754,18,0,0.102,0.00892857142857143,"cluster_job_09","cluster_job_09_sim79"
80,"random_MCO_SSR","type_random","Moderate",5,"770000180",TRUE,3,0,0,0,0,0,0,0,0,"MCO/SSR","Île-de-France",29,24,1242.8933813667,64,0,0.102,0.00892857142857143,"cluster_job_09","cluster_job_09_sim80"
81,"random_MCO_SSR","type_random","Moderate",6,"780000345",TRUE,4,0,0,0,0,0,0,0,0,"MCO/SSR","Île-de-France",18,9,513.854196016116,56,0,0.102,0.00892857142857143,"cluster_job_09","cluster_job_09_sim81"
82,"random_MCO_SSR","type_random","Moderate",7,"860000033",FALSE,1408,1.2372,1.1235,5.5221,5.1942,11.2969,10.552,12.8639,11.8435,"MCO/SSR","Nouvelle-Aquitaine",23,12,3316.48224613348,56,0,0.102,0.00892857142857143,"cluster_job_09","cluster_job_09_sim82"
83,"random_MCO_SSR","type_random","Moderate",8,"070000203",FALSE,927,0.6224,0.5763,2.642,2.5022,4.9327,4.8473,5.8383,5.44,"MCO/SSR","Auvergne-Rhône-Alpes",19,10,144.934305949955,33,0,0.102,0.00892857142857143,"cluster_job_09","cluster_job_09_sim83"
84,"random_MCO_SSR","type_random","Moderate",9,"350000212",TRUE,4,0,0,0,0,0,0,0,0,"MCO/SSR","Bretagne",19,9,1393.08534924215,36,0,0.102,0.00892857142857143,"cluster_job_09","cluster_job_09_sim84"
85,"random_MCO_SSR","type_random","Moderate",10,"560000465",FALSE,1773,2.4867,2.2546,7.8202,7.8187,16.4621,16.5724,18.3158,17.9826,"MCO/SSR","Bretagne",15,7,2252.09845920064,30,0,0.102,0.00892857142857143,"cluster_job_09","cluster_job_09_sim85"
86,"random_MCO_SSR","type_random","Moderate",11,"690041132",FALSE,921,0.7103,0.6702,2.901,2.8583,5.317,5.3972,6.341,6.2227,"MCO/SSR","Auvergne-Rhône-Alpes",74,68,14873.4149274115,623,0,0.102,0.00892857142857143,"cluster_job_09","cluster_job_09_sim86"
87,"random_MCO_SSR","type_random","Moderate",12,"320004930",FALSE,1258,0.9627,0.9282,4.3847,4.1731,8.7934,8.348,10.2348,9.4869,"MCO/SSR","Occitanie",29,21,1493.50987488233,173,0,0.102,0.00892857142857143,"cluster_job_09","cluster_job_09_sim87"
88,"random_MCO_SSR","type_random","Moderate",13,"130784051",FALSE,867,0.6271,0.5617,2.8265,2.5821,5.7711,5.2058,6.8029,6.0399,"MCO/SSR","Provence-Alpes-Côte d'Azur",125,138,25436.5938577102,384,0,0.102,0.00892857142857143,"cluster_job_09","cluster_job_09_sim88"
89,"random_MCO_SSR","type_random","Moderate",14,"570000687",TRUE,6,1e-04,1e-04,0,0,0,0,0,0,"MCO/SSR","Grand-Est",16,10,768.347652717565,83,0,0.102,0.00892857142857143,"cluster_job_09","cluster_job_09_sim89"
90,"random_MCO_SSR","type_random","Moderate",15,"390781193",TRUE,3,0,0,0,0,0,0,0,0,"MCO/SSR","Bourgogne-Franche-Comté",18,7,1396.42528681427,57,0,0.102,0.00892857142857143,"cluster_job_09","cluster_job_09_sim90"
91,"random_SSR","type_random","Low",1,"680000692",TRUE,3,0,0,0,0,0,0,0,0,"SSR","Grand-Est",12,9,1545.62613818576,21,0,0.0549,0.0127551020408163,"cluster_job_09","cluster_job_09_sim91"
92,"random_SSR","type_random","Low",2,"680000767",TRUE,5,5e-04,0.0028,0,0,0,0,0,0,"SSR","Grand-Est",12,6,5.32222222222222,24,0,0.0549,0.0127551020408163,"cluster_job_09","cluster_job_09_sim92"
93,"random_SSR","type_random","Low",3,"940700040",TRUE,2,0,0,0,0,0,0,0,0,"SSR","Île-de-France",44,14,271.446363814534,124,0,0.0549,0.0127551020408163,"cluster_job_09","cluster_job_09_sim93"
94,"random_SSR","type_random","Low",4,"720019918",TRUE,6,6e-04,0.0013,0,0,0,0,0,0,"SSR","Pays de la Loire",13,2,98.2163804347241,25,0,0.0549,0.0127551020408163,"cluster_job_09","cluster_job_09_sim94"
95,"random_SSR","type_random","Low",5,"140025123",TRUE,3,0,0,0,0,0,0,0,0,"SSR","Normandie",31,7,502.552551081895,126,0,0.0549,0.0127551020408163,"cluster_job_09","cluster_job_09_sim95"
96,"random_SSR","type_random","Low",6,"830101408",TRUE,2,0,0,0,0,0,0,0,0,"SSR","Provence-Alpes-Côte d'Azur",37,20,1119.14870179825,90,0,0.0549,0.0127551020408163,"cluster_job_09","cluster_job_09_sim96"
97,"random_SSR","type_random","Low",7,"420000028",TRUE,3,0,0,0,0,0,0,0,0,"SSR","Auvergne-Rhône-Alpes",11,3,1176.51437117189,13,0,0.0549,0.0127551020408163,"cluster_job_09","cluster_job_09_sim97"
98,"random_SSR","type_random","Low",8,"210780292",TRUE,3,0,0,0,0,0,0,0,0,"SSR","Bourgogne-Franche-Comté",24,13,4108.54069559435,308,0,0.0549,0.0127551020408163,"cluster_job_09","cluster_job_09_sim98"
99,"random_SSR","type_random","Low",9,"160012209",TRUE,3,0,0,0,0,0,0,0,0,"SSR","Nouvelle-Aquitaine",19,7,490.940027637938,38,0,0.0549,0.0127551020408163,"cluster_job_09","cluster_job_09_sim99"
100,"random_SSR","type_random","Low",10,"640789624",TRUE,5,2e-04,0.0011,0,0,0,0,0,0,"SSR","Nouvelle-Aquitaine",19,7,1041.17623371417,21,0,0.0549,0.0127551020408163,"cluster_job_09","cluster_job_09_sim100"
101,"random_SSR","type_random","Low",11,"860791268",TRUE,2,0,0,0,0,0,0,0,0,"SSR","Nouvelle-Aquitaine",23,15,1436.88392033993,159,0,0.0549,0.0127551020408163,"cluster_job_09","cluster_job_09_sim101"
102,"random_SSR","type_random","Low",12,"590784898",TRUE,3,0,0,0,0,0,0,0,0,"SSR","Hauts-de-France",27,20,9203.21975185764,128,0,0.0549,0.0127551020408163,"cluster_job_09","cluster_job_09_sim102"
103,"random_SSR","type_random","Low",13,"760783530",TRUE,3,0,0,0,0,0,0,0,0,"SSR","Normandie",8,5,62.6825879720389,32,0,0.0549,0.0127551020408163,"cluster_job_09","cluster_job_09_sim103"
104,"random_SSR","type_random","Low",14,"140015975",TRUE,2,0,0,0,0,0,0,0,0,"SSR","Normandie",12,8,100.49580445921,86,0,0.0549,0.0127551020408163,"cluster_job_09","cluster_job_09_sim104"
105,"random_SSR","type_random","Low",15,"640780581",TRUE,3,1e-04,1e-04,0,0,0,0,0,0,"SSR","Nouvelle-Aquitaine",28,12,739.112536864525,69,0,0.0549,0.0127551020408163,"cluster_job_09","cluster_job_09_sim105"
106,"random_SSR","type_random","Moderate",1,"380005868",FALSE,978,0.6911,0.6527,2.985,2.9276,5.5788,5.5874,6.6579,6.4337,"SSR","Auvergne-Rhône-Alpes",28,17,1099.13710335712,75,0,0.102,0.00892857142857143,"cluster_job_09","cluster_job_09_sim106"
107,"random_SSR","type_random","Moderate",2,"620034926",FALSE,210,0.0949,0.0813,0.5157,0.3971,0.9363,0.7161,1.1208,0.8276,"SSR","Hauts-de-France",24,8,472.075918660727,141,0,0.102,0.00892857142857143,"cluster_job_09","cluster_job_09_sim107"
108,"random_SSR","type_random","Moderate",3,"470019076",FALSE,1155,0.7702,0.7053,4.0218,3.7153,7.7015,7.1094,9.0395,8.2007,"SSR","Nouvelle-Aquitaine",28,8,2360.36560623558,45,0,0.102,0.00892857142857143,"cluster_job_09","cluster_job_09_sim108"
109,"random_SSR","type_random","Moderate",4,"930017512",TRUE,2,0,0,0,0,0,0,0,0,"SSR","Île-de-France",67,33,4135.40717357197,212,0,0.102,0.00892857142857143,"cluster_job_09","cluster_job_09_sim109"
110,"random_SSR","type_random","Moderate",5,"910300151",TRUE,3,0,0,0,0,0,0,0,0,"SSR","Île-de-France",68,20,1220.73160992572,123,0,0.102,0.00892857142857143,"cluster_job_09","cluster_job_09_sim110"
111,"random_SSR","type_random","Moderate",6,"400780466",FALSE,1426,1.3209,1.19,5.3491,5.0638,11.1932,10.5368,12.7333,11.7947,"SSR","Nouvelle-Aquitaine",16,11,140.434784660268,137,0,0.102,0.00892857142857143,"cluster_job_09","cluster_job_09_sim111"
112,"random_SSR","type_random","Moderate",7,"540000668",FALSE,1037,0.8012,0.7575,3.6639,3.3199,7.1111,6.4723,8.2967,7.3517,"SSR","Grand-Est",18,7,947.470328507805,85,0,0.102,0.00892857142857143,"cluster_job_09","cluster_job_09_sim112"
113,"random_SSR","type_random","Moderate",8,"480780287",FALSE,433,0.1851,0.2083,1.0301,1.1005,1.9011,2.059,2.2724,2.4134,"SSR","Occitanie",39,20,3832.66590100782,41,0,0.102,0.00892857142857143,"cluster_job_09","cluster_job_09_sim113"
114,"random_SSR","type_random","Moderate",9,"440059319",FALSE,868,0.6907,0.6622,2.98,2.7655,5.756,5.3663,6.7244,6.0302,"SSR","Pays de la Loire",15,11,4215.01787617951,83,0,0.102,0.00892857142857143,"cluster_job_09","cluster_job_09_sim114"
115,"random_SSR","type_random","Moderate",10,"490531910",TRUE,3,0,0,0,0,0,0,0,0,"SSR","Pays de la Loire",37,21,5448.65941801895,352,0,0.102,0.00892857142857143,"cluster_job_09","cluster_job_09_sim115"
116,"random_SSR","type_random","Moderate",11,"330781154",FALSE,1292,1.0692,1.0593,4.6638,4.6065,9.1344,9.0164,10.6249,10.1918,"SSR","Nouvelle-Aquitaine",49,22,11490.3928809806,421,0,0.102,0.00892857142857143,"cluster_job_09","cluster_job_09_sim116"
117,"random_SSR","type_random","Moderate",12,"710002569",FALSE,1219,0.9408,0.9163,4.3178,4.1573,8.4799,8.2689,9.9021,9.3698,"SSR","Bourgogne-Franche-Comté",33,19,2898.94049748028,120,0,0.102,0.00892857142857143,"cluster_job_09","cluster_job_09_sim117"
118,"random_SSR","type_random","Moderate",13,"820002350",FALSE,875,0.5945,0.6589,2.5888,2.6548,4.8314,5.0582,5.786,5.8689,"SSR","Occitanie",16,10,648.336733975645,95,0,0.102,0.00892857142857143,"cluster_job_09","cluster_job_09_sim118"
119,"random_SSR","type_random","Moderate",14,"110000262",FALSE,650,0.3566,0.3895,1.6301,1.7461,3.1137,3.3552,3.7053,3.847,"SSR","Occitanie",22,13,2964.64038165262,66,0,0.102,0.00892857142857143,"cluster_job_09","cluster_job_09_sim119"
120,"random_SSR","type_random","Moderate",15,"950420042",TRUE,4,0,1e-04,0,0,0,0,0,0,"SSR","Île-de-France",63,34,9879.55851707622,124,0,0.102,0.00892857142857143,"cluster_job_09","cluster_job_09_sim120"
1,"highest_betweenness + highest_in_degree + highest_out_degree + largest_beds + largest_outgoing","fixed","Low",1,"750100125",TRUE,3,0,0,0,0,0,0,0,0,"MCO/SSR","Île-de-France",420,433,249789.64473682,1713,0,0.0549,0.0127551020408163,"cluster_job_10","cluster_job_10_sim1"
2,"highest_betweenness + highest_in_degree + highest_out_degree + largest_beds + largest_outgoing","fixed","Low",2,"750100125",FALSE,136,0.0586,0.0362,0.1953,0.117,0.5863,0.3149,0.6325,0.3392,"MCO/SSR","Île-de-France",420,433,249789.64473682,1713,0,0.0549,0.0127551020408163,"cluster_job_10","cluster_job_10_sim2"
3,"highest_betweenness + highest_in_degree + highest_out_degree + largest_beds + largest_outgoing","fixed","Low",3,"750100125",TRUE,4,0,0,0,0,0,0,0,0,"MCO/SSR","Île-de-France",420,433,249789.64473682,1713,0,0.0549,0.0127551020408163,"cluster_job_10","cluster_job_10_sim3"
4,"highest_betweenness + highest_in_degree + highest_out_degree + largest_beds + largest_outgoing","fixed","Low",4,"750100125",TRUE,3,0,0,0,0,0,0,0,0,"MCO/SSR","Île-de-France",420,433,249789.64473682,1713,0,0.0549,0.0127551020408163,"cluster_job_10","cluster_job_10_sim4"
5,"highest_betweenness + highest_in_degree + highest_out_degree + largest_beds + largest_outgoing","fixed","Low",5,"750100125",FALSE,71,0.0205,0.0145,0.0876,0.0646,0.2785,0.1804,0.3017,0.1935,"MCO/SSR","Île-de-France",420,433,249789.64473682,1713,0,0.0549,0.0127551020408163,"cluster_job_10","cluster_job_10_sim5"
6,"highest_betweenness + highest_in_degree + highest_out_degree + largest_beds + largest_outgoing","fixed","Low",6,"750100125",FALSE,95,0.0409,0.0166,0.14,0.0592,0.4483,0.1696,0.4969,0.1913,"MCO/SSR","Île-de-France",420,433,249789.64473682,1713,0,0.0549,0.0127551020408163,"cluster_job_10","cluster_job_10_sim6"
7,"highest_betweenness + highest_in_degree + highest_out_degree + largest_beds + largest_outgoing","fixed","Low",7,"750100125",TRUE,3,0,0,0,0,0,0,0,0,"MCO/SSR","Île-de-France",420,433,249789.64473682,1713,0,0.0549,0.0127551020408163,"cluster_job_10","cluster_job_10_sim7"
8,"highest_betweenness + highest_in_degree + highest_out_degree + largest_beds + largest_outgoing","fixed","Low",8,"750100125",FALSE,43,0.0122,0.0139,0.047,0.0391,0.1044,0.0975,0.1188,0.1021,"MCO/SSR","Île-de-France",420,433,249789.64473682,1713,0,0.0549,0.0127551020408163,"cluster_job_10","cluster_job_10_sim8"
9,"highest_betweenness + highest_in_degree + highest_out_degree + largest_beds + largest_outgoing","fixed","Low",9,"750100125",TRUE,3,0,0,0,0,0,0,0,0,"MCO/SSR","Île-de-France",420,433,249789.64473682,1713,0,0.0549,0.0127551020408163,"cluster_job_10","cluster_job_10_sim9"
10,"highest_betweenness + highest_in_degree + highest_out_degree + largest_beds + largest_outgoing","fixed","Low",10,"750100125",FALSE,21,0.0075,0.0088,0.0154,0.016,0.0502,0.0502,0.051,0.052,"MCO/SSR","Île-de-France",420,433,249789.64473682,1713,0,0.0549,0.0127551020408163,"cluster_job_10","cluster_job_10_sim10"
11,"highest_betweenness + highest_in_degree + highest_out_degree + largest_beds + largest_outgoing","fixed","Low",11,"750100125",TRUE,3,0,0,0,0,0,0,0,0,"MCO/SSR","Île-de-France",420,433,249789.64473682,1713,0,0.0549,0.0127551020408163,"cluster_job_10","cluster_job_10_sim11"
12,"highest_betweenness + highest_in_degree + highest_out_degree + largest_beds + largest_outgoing","fixed","Low",12,"750100125",TRUE,3,0,0,0,0,0,0,0,0,"MCO/SSR","Île-de-France",420,433,249789.64473682,1713,0,0.0549,0.0127551020408163,"cluster_job_10","cluster_job_10_sim12"
13,"highest_betweenness + highest_in_degree + highest_out_degree + largest_beds + largest_outgoing","fixed","Low",13,"750100125",TRUE,2,0,0,0,0,0,0,0,0,"MCO/SSR","Île-de-France",420,433,249789.64473682,1713,0,0.0549,0.0127551020408163,"cluster_job_10","cluster_job_10_sim13"
14,"highest_betweenness + highest_in_degree + highest_out_degree + largest_beds + largest_outgoing","fixed","Low",14,"750100125",TRUE,3,0,0,0,0,0,0,0,0,"MCO/SSR","Île-de-France",420,433,249789.64473682,1713,0,0.0549,0.0127551020408163,"cluster_job_10","cluster_job_10_sim14"
15,"highest_betweenness + highest_in_degree + highest_out_degree + largest_beds + largest_outgoing","fixed","Low",15,"750100125",TRUE,2,0,0,0,0,0,0,0,0,"MCO/SSR","Île-de-France",420,433,249789.64473682,1713,0,0.0549,0.0127551020408163,"cluster_job_10","cluster_job_10_sim15"
16,"highest_betweenness + highest_in_degree + highest_out_degree + largest_beds + largest_outgoing","fixed","Moderate",1,"750100125",TRUE,2,0,0,0,0,0,0,0,0,"MCO/SSR","Île-de-France",420,433,249789.64473682,1713,0,0.102,0.00892857142857143,"cluster_job_10","cluster_job_10_sim16"
17,"highest_betweenness + highest_in_degree + highest_out_degree + largest_beds + largest_outgoing","fixed","Moderate",2,"750100125",FALSE,1309,1.3103,1.1232,5.2128,4.9015,10.7515,9.9786,12.2437,11.2359,"MCO/SSR","Île-de-France",420,433,249789.64473682,1713,0,0.102,0.00892857142857143,"cluster_job_10","cluster_job_10_sim17"
18,"highest_betweenness + highest_in_degree + highest_out_degree + largest_beds + largest_outgoing","fixed","Moderate",3,"750100125",TRUE,5,0,0,0,0,0,0,0,0,"MCO/SSR","Île-de-France",420,433,249789.64473682,1713,0,0.102,0.00892857142857143,"cluster_job_10","cluster_job_10_sim18"
19,"highest_betweenness + highest_in_degree + highest_out_degree + largest_beds + largest_outgoing","fixed","Moderate",4,"750100125",TRUE,1,0,0,0,0,0,0,0,0,"MCO/SSR","Île-de-France",420,433,249789.64473682,1713,0,0.102,0.00892857142857143,"cluster_job_10","cluster_job_10_sim19"
20,"highest_betweenness + highest_in_degree + highest_out_degree + largest_beds + largest_outgoing","fixed","Moderate",5,"750100125",FALSE,1469,1.7978,1.5917,6.0707,5.7515,12.6823,12.0508,14.288,13.2972,"MCO/SSR","Île-de-France",420,433,249789.64473682,1713,0,0.102,0.00892857142857143,"cluster_job_10","cluster_job_10_sim20"
21,"highest_betweenness + highest_in_degree + highest_out_degree + largest_beds + largest_outgoing","fixed","Moderate",6,"750100125",FALSE,1853,2.7973,2.5484,8.3382,8.3896,17.3744,17.3842,19.3283,18.9241,"MCO/SSR","Île-de-France",420,433,249789.64473682,1713,0,0.102,0.00892857142857143,"cluster_job_10","cluster_job_10_sim21"
22,"highest_betweenness + highest_in_degree + highest_out_degree + largest_beds + largest_outgoing","fixed","Moderate",7,"750100125",FALSE,1613,2.5231,2.2792,7.1626,7.0658,14.89,14.739,16.5345,16.0401,"MCO/SSR","Île-de-France",420,433,249789.64473682,1713,0,0.102,0.00892857142857143,"cluster_job_10","cluster_job_10_sim22"
23,"highest_betweenness + highest_in_degree + highest_out_degree + largest_beds + largest_outgoing","fixed","Moderate",8,"750100125",TRUE,3,0,0,0,0,0,0,0,0,"MCO/SSR","Île-de-France",420,433,249789.64473682,1713,0,0.102,0.00892857142857143,"cluster_job_10","cluster_job_10_sim23"
24,"highest_betweenness + highest_in_degree + highest_out_degree + largest_beds + largest_outgoing","fixed","Moderate",9,"750100125",TRUE,3,0,0,0,0,0,0,0,0,"MCO/SSR","Île-de-France",420,433,249789.64473682,1713,0,0.102,0.00892857142857143,"cluster_job_10","cluster_job_10_sim24"
25,"highest_betweenness + highest_in_degree + highest_out_degree + largest_beds + largest_outgoing","fixed","Moderate",10,"750100125",TRUE,2,0,0,0,0,0,0,0,0,"MCO/SSR","Île-de-France",420,433,249789.64473682,1713,0,0.102,0.00892857142857143,"cluster_job_10","cluster_job_10_sim25"
26,"highest_betweenness + highest_in_degree + highest_out_degree + largest_beds + largest_outgoing","fixed","Moderate",11,"750100125",TRUE,1,0,0,0,0,0,0,0,0,"MCO/SSR","Île-de-France",420,433,249789.64473682,1713,0,0.102,0.00892857142857143,"cluster_job_10","cluster_job_10_sim26"
27,"highest_betweenness + highest_in_degree + highest_out_degree + largest_beds + largest_outgoing","fixed","Moderate",12,"750100125",FALSE,1801,2.8368,2.5688,8.1971,8.181,16.8651,16.9598,18.8979,18.5549,"MCO/SSR","Île-de-France",420,433,249789.64473682,1713,0,0.102,0.00892857142857143,"cluster_job_10","cluster_job_10_sim27"
28,"highest_betweenness + highest_in_degree + highest_out_degree + largest_beds + largest_outgoing","fixed","Moderate",13,"750100125",TRUE,7,2e-04,1e-04,0,0,0,0,0,0,"MCO/SSR","Île-de-France",420,433,249789.64473682,1713,0,0.102,0.00892857142857143,"cluster_job_10","cluster_job_10_sim28"
29,"highest_betweenness + highest_in_degree + highest_out_degree + largest_beds + largest_outgoing","fixed","Moderate",14,"750100125",FALSE,1669,2.4456,2.1818,7.2027,7.0959,15.1165,15.0117,16.8276,16.342,"MCO/SSR","Île-de-France",420,433,249789.64473682,1713,0,0.102,0.00892857142857143,"cluster_job_10","cluster_job_10_sim29"
30,"highest_betweenness + highest_in_degree + highest_out_degree + largest_beds + largest_outgoing","fixed","Moderate",15,"750100125",TRUE,5,0,0,0,0,0,0,0,0,"MCO/SSR","Île-de-France",420,433,249789.64473682,1713,0,0.102,0.00892857142857143,"cluster_job_10","cluster_job_10_sim30"
31,"random_MCO","type_random","Low",1,"350040044",TRUE,3,0,0,0,0,0,0,0,0,"MCO","Bretagne",11,9,294.437148601334,148,0,0.0549,0.0127551020408163,"cluster_job_10","cluster_job_10_sim31"
32,"random_MCO","type_random","Low",2,"440039568",TRUE,2,0,0,0,0,0,0,0,0,"MCO","Pays de la Loire",1,4,31.0410783847047,148,0,0.0549,0.0127551020408163,"cluster_job_10","cluster_job_10_sim32"
33,"random_MCO","type_random","Low",3,"330781352",FALSE,15,0.0029,0.0016,0.0069,0.0042,0.0138,0.0076,0.0168,0.0101,"MCO","Nouvelle-Aquitaine",82,82,24792.3925129658,239,0,0.0549,0.0127551020408163,"cluster_job_10","cluster_job_10_sim33"
34,"random_MCO","type_random","Low",4,"450010079",TRUE,2,0,0,0,0,0,0,0,0,"MCO","Centre-Val de Loire",32,39,4798.6412390475,153,0,0.0549,0.0127551020408163,"cluster_job_10","cluster_job_10_sim34"
35,"random_MCO","type_random","Low",5,"340780725",TRUE,2,0,0,0,0,0,0,0,0,"MCO","Occitanie",10,36,1563.68581384834,29,0,0.0549,0.0127551020408163,"cluster_job_10","cluster_job_10_sim35"
36,"random_MCO","type_random","Low",6,"590000188",TRUE,1,0,0,0,0,0,0,0,0,"MCO","Hauts-de-France",71,82,17791.7654149618,121,0,0.0549,0.0127551020408163,"cluster_job_10","cluster_job_10_sim36"
37,"random_MCO","type_random","Low",7,"750300857",FALSE,147,0.0751,0.0635,0.2132,0.1602,0.6166,0.4761,0.6742,0.5085,"MCO","Île-de-France",8,58,782.627789126262,15,0,0.0549,0.0127551020408163,"cluster_job_10","cluster_job_10_sim37"
38,"random_MCO","type_random","Low",8,"750150237",TRUE,1,0,0,0,0,0,0,0,0,"MCO","Île-de-France",133,176,15661.811265773,231,0,0.0549,0.0127551020408163,"cluster_job_10","cluster_job_10_sim38"
39,"random_MCO","type_random","Low",9,"840017222",TRUE,5,0,0,0,0,0,0,0,0,"MCO","Provence-Alpes-Côte d'Azur",13,18,3997.1917583437,148,0,0.0549,0.0127551020408163,"cluster_job_10","cluster_job_10_sim39"
40,"random_MCO","type_random","Low",10,"330780446",TRUE,2,0,0,0,0,0,0,0,0,"MCO","Nouvelle-Aquitaine",27,30,7206.67689476497,148,0,0.0549,0.0127551020408163,"cluster_job_10","cluster_job_10_sim40"
41,"random_MCO","type_random","Low",11,"170780647",TRUE,3,0,0,0,0,0,0,0,0,"MCO","Nouvelle-Aquitaine",2,6,0.587913772051703,21,0,0.0549,0.0127551020408163,"cluster_job_10","cluster_job_10_sim41"
42,"random_MCO","type_random","Low",12,"490537818",TRUE,3,0,0,0,0,0,0,0,0,"MCO","Pays de la Loire",9,12,473.707780292988,148,0,0.0549,0.0127551020408163,"cluster_job_10","cluster_job_10_sim42"
43,"random_MCO","type_random","Low",13,"300787421",TRUE,3,0,0,0,0,0,0,0,0,"MCO","Occitanie",4,6,98.2022880169311,148,0,0.0549,0.0127551020408163,"cluster_job_10","cluster_job_10_sim43"
44,"random_MCO","type_random","Low",14,"350005146",TRUE,4,2e-04,2e-04,0,0,0,0,0,0,"MCO","Bretagne",37,62,4927.22779499769,171,0,0.0549,0.0127551020408163,"cluster_job_10","cluster_job_10_sim44"
45,"random_MCO","type_random","Low",15,"690784152",TRUE,3,0,0,0,0,0,0,0,0,"MCO","Auvergne-Rhône-Alpes",149,201,53621.414483609,667,0,0.0549,0.0127551020408163,"cluster_job_10","cluster_job_10_sim45"
46,"random_MCO","type_random","Moderate",1,"840000400",TRUE,1,0,0,0,0,0,0,0,0,"MCO","Provence-Alpes-Côte d'Azur",6,20,238.363331833134,24,0,0.102,0.00892857142857143,"cluster_job_10","cluster_job_10_sim46"
47,"random_MCO","type_random","Moderate",2,"570001016",TRUE,4,0,1e-04,0,0,0,0,0,0,"MCO","Grand-Est",1,6,6.03371212121212,11,0,0.102,0.00892857142857143,"cluster_job_10","cluster_job_10_sim47"
48,"random_MCO","type_random","Moderate",3,"490015906",TRUE,1,0,0,0,0,0,0,0,0,"MCO","Pays de la Loire",20,44,7489.4727702423,80,0,0.102,0.00892857142857143,"cluster_job_10","cluster_job_10_sim48"
49,"random_MCO","type_random","Moderate",4,"640780268",FALSE,1186,0.749,0.6836,4.1303,3.6928,7.8069,6.971,9.3052,8.1051,"MCO","Nouvelle-Aquitaine",16,25,4501.78722279371,22,0,0.102,0.00892857142857143,"cluster_job_10","cluster_job_10_sim49"
50,"random_MCO","type_random","Moderate",5,"520004714",TRUE,2,0,0,0,0,0,0,0,0,"MCO","Grand-Est",8,29,250.852136834037,31,0,0.102,0.00892857142857143,"cluster_job_10","cluster_job_10_sim50"
51,"random_MCO","type_random","Moderate",6,"220005599",TRUE,3,0,0,0,0,0,0,0,0,"MCO","Bretagne",8,18,833.854583131537,34,0,0.102,0.00892857142857143,"cluster_job_10","cluster_job_10_sim51"
52,"random_MCO","type_random","Moderate",7,"490000049",TRUE,3,0,0,0,0,0,0,0,0,"MCO","Pays de la Loire",142,161,95208.366677123,1104,0,0.102,0.00892857142857143,"cluster_job_10","cluster_job_10_sim52"
53,"random_MCO","type_random","Moderate",8,"160015368",TRUE,3,0,0,0,0,0,0,0,0,"MCO","Nouvelle-Aquitaine",22,28,7307.93630604724,102,0,0.102,0.00892857142857143,"cluster_job_10","cluster_job_10_sim53"
54,"random_MCO","type_random","Moderate",9,"750150260",TRUE,2,0,0,0,0,0,0,0,0,"MCO","Île-de-France",53,45,3030.28201500818,70,0,0.102,0.00892857142857143,"cluster_job_10","cluster_job_10_sim54"
55,"random_MCO","type_random","Moderate",10,"770809028",FALSE,860,0.5139,0.4439,3.0371,2.6136,5.7568,4.9194,6.8363,5.7656,"MCO","Île-de-France",10,16,2628.04335273224,148,0,0.102,0.00892857142857143,"cluster_job_10","cluster_job_10_sim55"
56,"random_MCO","type_random","Moderate",11,"140018730",TRUE,1,0,0,0,0,0,0,0,0,"MCO","Normandie",24,22,740.930789071478,43,0,0.102,0.00892857142857143,"cluster_job_10","cluster_job_10_sim56"
57,"random_MCO","type_random","Moderate",12,"310781505",FALSE,1022,0.6912,0.7366,3.0853,3.1256,5.9289,6.0691,7.0165,6.9998,"MCO","Occitanie",39,60,5554.93021326449,217,0,0.102,0.00892857142857143,"cluster_job_10","cluster_job_10_sim57"
58,"random_MCO","type_random","Moderate",13,"670013325",TRUE,1,0,0,0,0,0,0,0,0,"MCO","Grand-Est",2,4,12.3979908979909,148,0,0.102,0.00892857142857143,"cluster_job_10","cluster_job_10_sim58"
59,"random_MCO","type_random","Moderate",14,"630000479",TRUE,3,0,0,0,0,0,0,0,0,"MCO","Auvergne-Rhône-Alpes",61,65,15522.0937463584,122,0,0.102,0.00892857142857143,"cluster_job_10","cluster_job_10_sim59"
60,"random_MCO","type_random","Moderate",15,"130042096",TRUE,3,0,1e-04,0,0,0,0,0,0,"MCO","Provence-Alpes-Côte d'Azur",35,31,893.709712480964,53,0,0.102,0.00892857142857143,"cluster_job_10","cluster_job_10_sim60"
61,"random_MCO_SSR","type_random","Low",1,"410000046",TRUE,2,0,0,0,0,0,0,0,0,"MCO/SSR","Centre-Val de Loire",24,30,2317.25309624888,194,0,0.0549,0.0127551020408163,"cluster_job_10","cluster_job_10_sim61"
62,"random_MCO_SSR","type_random","Low",2,"640780557",FALSE,7,0.0015,0.0022,9e-04,0.001,0.0013,0.002,8e-04,0.0011,"MCO/SSR","Nouvelle-Aquitaine",28,21,5659.67609341159,121,0,0.0549,0.0127551020408163,"cluster_job_10","cluster_job_10_sim62"
63,"random_MCO_SSR","type_random","Low",3,"120000039",TRUE,3,0,0,0,0,0,0,0,0,"MCO/SSR","Occitanie",52,89,18300.995791736,365,0,0.0549,0.0127551020408163,"cluster_job_10","cluster_job_10_sim63"
64,"random_MCO_SSR","type_random","Low",4,"130780521",TRUE,3,0,0,0,0,0,0,0,0,"MCO/SSR","Provence-Alpes-Côte d'Azur",169,217,65598.0781219382,764,0,0.0549,0.0127551020408163,"cluster_job_10","cluster_job_10_sim64"
65,"random_MCO_SSR","type_random","Low",5,"910500040",FALSE,108,0.0444,0.0284,0.1484,0.0884,0.498,0.2593,0.5257,0.2696,"MCO/SSR","Île-de-France",66,47,738.154646045405,86,0,0.0549,0.0127551020408163,"cluster_job_10","cluster_job_10_sim65"
66,"random_MCO_SSR","type_random","Low",6,"110780228",TRUE,3,0,0,0,0,0,0,0,0,"MCO/SSR","Occitanie",54,57,42641.6099753829,232,0,0.0549,0.0127551020408163,"cluster_job_10","cluster_job_10_sim66"
67,"random_MCO_SSR","type_random","Low",7,"2A0002051",FALSE,16,0.0059,0.0054,0.0135,0.0122,0.0428,0.0459,0.043,0.0428,"MCO/SSR","Corse",24,13,2699.7911234817,177,0,0.0549,0.0127551020408163,"cluster_job_10","cluster_job_10_sim67"
68,"random_MCO_SSR","type_random","Low",8,"090000183",TRUE,2,0,0,0,0,0,0,0,0,"MCO/SSR","Occitanie",26,36,3491.66606772621,129,0,0.0549,0.0127551020408163,"cluster_job_10","cluster_job_10_sim68"
69,"random_MCO_SSR","type_random","Low",9,"840000525",TRUE,3,0,0,0,0,0,0,0,0,"MCO/SSR","Provence-Alpes-Côte d'Azur",46,50,9498.88720860814,85,0,0.0549,0.0127551020408163,"cluster_job_10","cluster_job_10_sim69"
70,"random_MCO_SSR","type_random","Low",10,"110000189",TRUE,2,0,0,0,0,0,0,0,0,"MCO/SSR","Occitanie",21,21,670.258570520003,63,0,0.0549,0.0127551020408163,"cluster_job_10","cluster_job_10_sim70"
71,"random_MCO_SSR","type_random","Low",11,"690054721",TRUE,3,0,0,0,0,0,0,0,0,"MCO/SSR","Auvergne-Rhône-Alpes",27,45,1325.61530548818,189,0,0.0549,0.0127551020408163,"cluster_job_10","cluster_job_10_sim71"
72,"random_MCO_SSR","type_random","Low",12,"910001973",FALSE,22,0.0033,0.0038,0.012,0.0098,0.038,0.0364,0.0406,0.038,"MCO/SSR","Île-de-France",52,85,6914.1227521693,147,0,0.0549,0.0127551020408163,"cluster_job_10","cluster_job_10_sim72"
73,"random_MCO_SSR","type_random","Low",13,"440000560",TRUE,1,0,0,0,0,0,0,0,0,"MCO/SSR","Pays de la Loire",23,20,2189.69669014361,160,0,0.0549,0.0127551020408163,"cluster_job_10","cluster_job_10_sim73"
74,"random_MCO_SSR","type_random","Low",14,"830100558",FALSE,78,0.0382,0.0282,0.1136,0.0901,0.2825,0.2239,0.3078,0.243,"MCO/SSR","Provence-Alpes-Côte d'Azur",54,40,8681.59652864528,254,0,0.0549,0.0127551020408163,"cluster_job_10","cluster_job_10_sim74"
75,"random_MCO_SSR","type_random","Low",15,"100000090",TRUE,3,0,0,0,0,0,0,0,0,"MCO/SSR","Grand-Est",74,86,21779.7726919056,520,0,0.0549,0.0127551020408163,"cluster_job_10","cluster_job_10_sim75"
76,"random_MCO_SSR","type_random","Moderate",1,"580780187",TRUE,3,0,0,0,0,0,0,0,0,"MCO/SSR","Bourgogne-Franche-Comté",24,20,1795.10034868714,39,0,0.102,0.00892857142857143,"cluster_job_10","cluster_job_10_sim76"
77,"random_MCO_SSR","type_random","Moderate",2,"590008041",FALSE,642,0.4316,0.3919,1.8207,1.7345,3.364,3.235,4.0003,3.6959,"MCO/SSR","Hauts-de-France",45,41,6395.19289147791,483,0,0.102,0.00892857142857143,"cluster_job_10","cluster_job_10_sim77"
78,"random_MCO_SSR","type_random","Moderate",3,"080000110",FALSE,1272,1.0417,0.9151,4.7226,4.3788,9.4312,8.7064,10.9301,9.8984,"MCO/SSR","Grand-Est",16,25,5593.97732097458,143,0,0.102,0.00892857142857143,"cluster_job_10","cluster_job_10_sim78"
79,"random_MCO_SSR","type_random","Moderate",4,"150000180",TRUE,5,1e-04,0,0,0,0,0,0,0,"MCO/SSR","Auvergne-Rhône-Alpes",18,15,5526.04756109417,50,0,0.102,0.00892857142857143,"cluster_job_10","cluster_job_10_sim79"
80,"random_MCO_SSR","type_random","Moderate",5,"840000525",TRUE,5,1e-04,0,0,0,0,0,0,0,"MCO/SSR","Provence-Alpes-Côte d'Azur",46,50,9498.88720860814,85,0,0.102,0.00892857142857143,"cluster_job_10","cluster_job_10_sim80"
81,"random_MCO_SSR","type_random","Moderate",6,"710781410",TRUE,2,0,0,0,0,0,0,0,0,"MCO/SSR","Bourgogne-Franche-Comté",17,19,1201.01368472267,47,0,0.102,0.00892857142857143,"cluster_job_10","cluster_job_10_sim81"
82,"random_MCO_SSR","type_random","Moderate",7,"330781337",TRUE,1,0,0,0,0,0,0,0,0,"MCO/SSR","Nouvelle-Aquitaine",17,8,212.013696831156,80,0,0.102,0.00892857142857143,"cluster_job_10","cluster_job_10_sim82"
83,"random_MCO_SSR","type_random","Moderate",8,"490000320",FALSE,1360,1.3478,1.2497,5.6037,5.3601,11.3467,10.9054,12.905,12.062,"MCO/SSR","Pays de la Loire",15,6,313.418417751402,49,0,0.102,0.00892857142857143,"cluster_job_10","cluster_job_10_sim83"
84,"random_MCO_SSR","type_random","Moderate",9,"420000010",FALSE,544,0.3642,0.3659,1.5249,1.579,2.8552,3.0149,3.3288,3.3903,"MCO/SSR","Auvergne-Rhône-Alpes",52,73,14469.2666861261,381,0,0.102,0.00892857142857143,"cluster_job_10","cluster_job_10_sim84"
85,"random_MCO_SSR","type_random","Moderate",10,"350000444",TRUE,3,0,0,0,0,0,0,0,0,"MCO/SSR","Bretagne",24,11,1546.10343183805,86,0,0.102,0.00892857142857143,"cluster_job_10","cluster_job_10_sim85"
86,"random_MCO_SSR","type_random","Moderate",11,"620000299",TRUE,4,0,0,0,0,0,0,0,0,"MCO/SSR","Hauts-de-France",18,12,148.565116606913,21,0,0.102,0.00892857142857143,"cluster_job_10","cluster_job_10_sim86"
87,"random_MCO_SSR","type_random","Moderate",12,"940300163",TRUE,3,0,0,0,0,0,0,0,0,"MCO/SSR","Île-de-France",59,42,1063.29825529032,192,0,0.102,0.00892857142857143,"cluster_job_10","cluster_job_10_sim87"
88,"random_MCO_SSR","type_random","Moderate",13,"320000144",FALSE,548,0.2964,0.2805,1.4903,1.4281,2.8069,2.6221,3.343,3.1115,"MCO/SSR","Occitanie",21,18,712.331389679952,60,0,0.102,0.00892857142857143,"cluster_job_10","cluster_job_10_sim88"
89,"random_MCO_SSR","type_random","Moderate",14,"810000448",FALSE,536,0.3405,0.3878,1.4437,1.5901,2.6825,3.0456,3.241,3.5106,"MCO/SSR","Occitanie",20,18,518.146718303517,82,0,0.102,0.00892857142857143,"cluster_job_10","cluster_job_10_sim89"
90,"random_MCO_SSR","type_random","Moderate",15,"620000034",TRUE,3,0,0,0,0,0,0,0,0,"MCO/SSR","Hauts-de-France",60,78,18033.4129336691,405,0,0.102,0.00892857142857143,"cluster_job_10","cluster_job_10_sim90"
91,"random_SSR","type_random","Low",1,"280505264",TRUE,2,0,0,0,0,0,0,0,0,"SSR","Centre-Val de Loire",28,7,2812.17789389778,137,0,0.0549,0.0127551020408163,"cluster_job_10","cluster_job_10_sim91"
92,"random_SSR","type_random","Low",2,"680000247",TRUE,2,0,0,0,0,0,0,0,0,"SSR","Grand-Est",17,11,2791.39655497953,187,0,0.0549,0.0127551020408163,"cluster_job_10","cluster_job_10_sim92"
93,"random_SSR","type_random","Low",3,"440000024",TRUE,1,0,0,0,0,0,0,0,0,"SSR","Pays de la Loire",16,8,358.295545157779,134,0,0.0549,0.0127551020408163,"cluster_job_10","cluster_job_10_sim93"
94,"random_SSR","type_random","Low",4,"720016138",TRUE,3,1e-04,1e-04,0,0,0,0,0,0,"SSR","Pays de la Loire",2,2,0,150,0,0.0549,0.0127551020408163,"cluster_job_10","cluster_job_10_sim94"
95,"random_SSR","type_random","Low",5,"670000249",TRUE,3,0,0,0,0,0,0,0,0,"SSR","Grand-Est",29,2,25.9784493284493,67,0,0.0549,0.0127551020408163,"cluster_job_10","cluster_job_10_sim95"
96,"random_SSR","type_random","Low",6,"730780475",TRUE,3,0,0,0,0,0,0,0,0,"SSR","Auvergne-Rhône-Alpes",31,12,1788.21635834449,78,0,0.0549,0.0127551020408163,"cluster_job_10","cluster_job_10_sim96"
97,"random_SSR","type_random","Low",7,"060798881",TRUE,2,0,0,0,0,0,0,0,0,"SSR","Provence-Alpes-Côte d'Azur",22,17,3704.79204511931,114,0,0.0549,0.0127551020408163,"cluster_job_10","cluster_job_10_sim97"
98,"random_SSR","type_random","Low",8,"590809703",TRUE,1,0,0,0,0,0,0,0,0,"SSR","Hauts-de-France",45,22,4012.62686788566,253,0,0.0549,0.0127551020408163,"cluster_job_10","cluster_job_10_sim98"
99,"random_SSR","type_random","Low",9,"690000054",TRUE,3,0,0,0,0,0,0,0,0,"SSR","Auvergne-Rhône-Alpes",25,14,80.3212538887572,28,0,0.0549,0.0127551020408163,"cluster_job_10","cluster_job_10_sim99"
100,"random_SSR","type_random","Low",10,"310020938",TRUE,3,0,0,0,0,0,0,0,0,"SSR","Occitanie",37,22,2328.76356989443,186,0,0.0549,0.0127551020408163,"cluster_job_10","cluster_job_10_sim100"
101,"random_SSR","type_random","Low",11,"620100842",TRUE,3,0,0,0,0,0,0,0,0,"SSR","Hauts-de-France",50,22,3871.39015653127,308,0,0.0549,0.0127551020408163,"cluster_job_10","cluster_job_10_sim101"
102,"random_SSR","type_random","Low",12,"690000054",TRUE,1,0,0,0,0,0,0,0,0,"SSR","Auvergne-Rhône-Alpes",25,14,80.3212538887572,28,0,0.0549,0.0127551020408163,"cluster_job_10","cluster_job_10_sim102"
103,"random_SSR","type_random","Low",13,"640780904",TRUE,5,2e-04,7e-04,0,0,0,0,0,0,"SSR","Nouvelle-Aquitaine",4,4,0,31,0,0.0549,0.0127551020408163,"cluster_job_10","cluster_job_10_sim103"
104,"random_SSR","type_random","Low",14,"420782096",FALSE,17,0.0055,0.0047,0.0077,0.0088,0.0186,0.0209,0.0214,0.0228,"SSR","Auvergne-Rhône-Alpes",22,12,2849.80678088138,243,0,0.0549,0.0127551020408163,"cluster_job_10","cluster_job_10_sim104"
105,"random_SSR","type_random","Low",15,"340019090",TRUE,2,0,0,0,0,0,0,0,0,"SSR","Occitanie",29,13,1733.61561728694,198,0,0.0549,0.0127551020408163,"cluster_job_10","cluster_job_10_sim105"
106,"random_SSR","type_random","Moderate",1,"770016491",FALSE,1564,1.6725,1.4433,6.2792,6.0141,12.9928,12.2837,14.7475,13.7889,"SSR","Île-de-France",73,24,2067.31506373483,190,0,0.102,0.00892857142857143,"cluster_job_10","cluster_job_10_sim106"
107,"random_SSR","type_random","Moderate",2,"590783171",FALSE,646,0.3725,0.3256,1.9661,1.7068,3.7481,3.1861,4.4876,3.7634,"SSR","Hauts-de-France",26,14,945.741738996929,69,0,0.102,0.00892857142857143,"cluster_job_10","cluster_job_10_sim107"
108,"random_SSR","type_random","Moderate",3,"690000054",FALSE,1256,1.0155,0.9828,4.3389,4.3003,8.4225,8.2875,9.837,9.496,"SSR","Auvergne-Rhône-Alpes",25,14,80.3212538887572,28,0,0.102,0.00892857142857143,"cluster_job_10","cluster_job_10_sim108"
109,"random_SSR","type_random","Moderate",4,"660013087",FALSE,59,0.0136,0.0268,0.0927,0.1363,0.1607,0.2472,0.1914,0.2736,"SSR","Occitanie",11,6,271.927864867378,23,0,0.102,0.00892857142857143,"cluster_job_10","cluster_job_10_sim109"
110,"random_SSR","type_random","Moderate",5,"910300235",TRUE,3,0,0,0,0,0,0,0,0,"SSR","Île-de-France",42,24,3804.32225494518,88,0,0.102,0.00892857142857143,"cluster_job_10","cluster_job_10_sim110"
111,"random_SSR","type_random","Moderate",6,"030000012",FALSE,1244,0.9199,0.8936,4.673,4.4369,9.0206,8.6459,10.4636,9.7413,"SSR","Auvergne-Rhône-Alpes",26,10,1580.2385620208,88,0,0.102,0.00892857142857143,"cluster_job_10","cluster_job_10_sim111"
112,"random_SSR","type_random","Moderate",7,"370000374",TRUE,3,0,0,0,0,0,0,0,0,"SSR","Centre-Val de Loire",21,10,1684.77278361536,139,0,0.102,0.00892857142857143,"cluster_job_10","cluster_job_10_sim112"
113,"random_SSR","type_random","Moderate",8,"670000249",TRUE,3,0,0,0,0,0,0,0,0,"SSR","Grand-Est",29,2,25.9784493284493,67,0,0.102,0.00892857142857143,"cluster_job_10","cluster_job_10_sim113"
114,"random_SSR","type_random","Moderate",9,"060780343",FALSE,634,0.2991,0.2666,1.5961,1.3954,3.2594,2.7823,3.8369,3.2478,"SSR","Provence-Alpes-Côte d'Azur",13,12,141.151114528148,61,0,0.102,0.00892857142857143,"cluster_job_10","cluster_job_10_sim114"
115,"random_SSR","type_random","Moderate",10,"370000341",FALSE,993,0.7092,0.6129,3.6195,3.1262,7.1235,6.105,8.3005,6.9622,"SSR","Centre-Val de Loire",30,7,2094.92001733834,52,0,0.102,0.00892857142857143,"cluster_job_10","cluster_job_10_sim115"
116,"random_SSR","type_random","Moderate",11,"340009018",FALSE,1289,1.1415,1.1347,4.856,4.8142,9.8365,9.7199,11.3148,10.8319,"SSR","Occitanie",43,24,5356.6331864663,257,0,0.102,0.00892857142857143,"cluster_job_10","cluster_job_10_sim116"
117,"random_SSR","type_random","Moderate",12,"310786702",TRUE,1,0,0,0,0,0,0,0,0,"SSR","Occitanie",31,14,1989.90062658928,102,0,0.102,0.00892857142857143,"cluster_job_10","cluster_job_10_sim117"
118,"random_SSR","type_random","Moderate",13,"070780234",TRUE,3,0,0,0,0,0,0,0,0,"SSR","Auvergne-Rhône-Alpes",29,8,2966.02129714905,30,0,0.102,0.00892857142857143,"cluster_job_10","cluster_job_10_sim118"
119,"random_SSR","type_random","Moderate",14,"670780600",TRUE,3,0,0,0,0,0,0,0,0,"SSR","Grand-Est",12,6,666.067059067238,61,0,0.102,0.00892857142857143,"cluster_job_10","cluster_job_10_sim119"
120,"random_SSR","type_random","Moderate",15,"920014099",TRUE,1,0,0,0,0,0,0,0,0,"SSR","Île-de-France",90,40,3451.55764780443,212,0,0.102,0.00892857142857143,"cluster_job_10","cluster_job_10_sim120"
